/*
Navicat MySQL Data Transfer

Source Server         : admin
Source Server Version : 50720
Source Host           : localhost:3306
Source Database       : curriculumdesign

Target Server Type    : MYSQL
Target Server Version : 50720
File Encoding         : 65001

Date: 2018-02-24 16:38:17
*/

SET FOREIGN_KEY_CHECKS=0;

-- ----------------------------
-- Table structure for act_evt_log
-- ----------------------------
DROP TABLE IF EXISTS `act_evt_log`;
CREATE TABLE `act_evt_log` (
  `LOG_NR_` bigint(20) NOT NULL AUTO_INCREMENT,
  `TYPE_` varchar(64) COLLATE utf8_bin DEFAULT NULL,
  `PROC_DEF_ID_` varchar(64) COLLATE utf8_bin DEFAULT NULL,
  `PROC_INST_ID_` varchar(64) COLLATE utf8_bin DEFAULT NULL,
  `EXECUTION_ID_` varchar(64) COLLATE utf8_bin DEFAULT NULL,
  `TASK_ID_` varchar(64) COLLATE utf8_bin DEFAULT NULL,
  `TIME_STAMP_` timestamp(3) NOT NULL DEFAULT CURRENT_TIMESTAMP(3) ON UPDATE CURRENT_TIMESTAMP(3),
  `USER_ID_` varchar(255) COLLATE utf8_bin DEFAULT NULL,
  `DATA_` longblob,
  `LOCK_OWNER_` varchar(255) COLLATE utf8_bin DEFAULT NULL,
  `LOCK_TIME_` timestamp(3) NULL DEFAULT NULL,
  `IS_PROCESSED_` tinyint(4) DEFAULT '0',
  PRIMARY KEY (`LOG_NR_`)
) ENGINE=InnoDB DEFAULT CHARSET=utf8 COLLATE=utf8_bin;

-- ----------------------------
-- Records of act_evt_log
-- ----------------------------

-- ----------------------------
-- Table structure for act_ge_bytearray
-- ----------------------------
DROP TABLE IF EXISTS `act_ge_bytearray`;
CREATE TABLE `act_ge_bytearray` (
  `ID_` varchar(64) COLLATE utf8_bin NOT NULL,
  `REV_` int(11) DEFAULT NULL,
  `NAME_` varchar(255) COLLATE utf8_bin DEFAULT NULL,
  `DEPLOYMENT_ID_` varchar(64) COLLATE utf8_bin DEFAULT NULL,
  `BYTES_` longblob,
  `GENERATED_` tinyint(4) DEFAULT NULL,
  PRIMARY KEY (`ID_`),
  KEY `ACT_FK_BYTEARR_DEPL` (`DEPLOYMENT_ID_`),
  CONSTRAINT `ACT_FK_BYTEARR_DEPL` FOREIGN KEY (`DEPLOYMENT_ID_`) REFERENCES `act_re_deployment` (`ID_`)
) ENGINE=InnoDB DEFAULT CHARSET=utf8 COLLATE=utf8_bin;

-- ----------------------------
-- Records of act_ge_bytearray
-- ----------------------------
INSERT INTO `act_ge_bytearray` VALUES ('2', '1', 'MyProcess.png', '1', 0x89504E470D0A1A0A0000000D494844520000034F0000026C0802000000AA130F610000375049444154789CEDDD7F6C5DF57DF0F1AB16868B56E169DD62ED9FDE6A7F60E9D988552A05FE591CA4614FDA564B43C4EDA4EC4A5520A85A574D536B36B5542B5934AD9D3575886E2DF5DA87679EAA80A5429615C2DC34A11E09F9411A300929A621D41002378B93DCD8D7F1798EEF6D2E17DB31369CE343CEF7F5D247D1B57D7F1D1FF1D19BEBE4BA100100905F85AC9F00000029527B000079A6F60000F24CED0100E499DA0300C833B5070090676A0F0020CFD41E00409EA93D00803C537B000079A6F60000F24CED0100E499DA0300C833B5070090676A0F0020CFD41E00409EA93D00803C537B000079A6F60000F24CED0100E499DA0300C833B5070090676A0F0020CFD41E00409EA93D00803C537B000079A6F60000F24CED0100E499DA0300C833B5070090676A0F0020CFD41E00409EA93D00803C537B000079A6F60000F24CED0100E499DA0300C833B5070090676A0F0020CFD41E00409EA93D00803C537B000079A6F60000F24CED0100E499DA0300C833B5070090676A0F0020CFD41E00409EA93D00803C537B000079A6F60000F24CED0100E499DA0300C833B5070090676A0F0020CFD41E00409EA93D00803C537B000079A6F60000F24CED0100E499DA0300C833B5070090676A0F0020CFD41E00409EA93D00803C537B000079A6F60000F24CED0100E499DA0300C833B5073957A954868686EEB9E79E9E9E9ECE4BBABBBBE3CF0C0E0E96CBE5AC9F2000E9527B905B71E4C555D7D2D212775EDC765BB73EF4F88E27EAF3C8A3DBBEF4A52FF7F6F6B6B6B6DE74D34D030303593F5900D2A2F620870E1C38D0D9D919475E5C7553D5E9C567D7EE27376CF8B38E8E8EE1E1E1AC9F3800C9537B90375BB66C89D3EDF11D4FBC63E735CFDEA7F7AD5DBB76D3A64D954A25EB230020496A0FF2230EB5DEDEDEBEBEBE65755EF3FCF37DF77576768E8F8F677D28002446ED414EC4A977D34D370D0E0EBEEBD46BFC6037BE9FB1B1B1AC0F088064A83DC889DEDEDEF79E7A8D9FEAC6C1E747BA00F9A0F6200FB66CD9F25E7E803B7FB66E7DA8A7A727EBC30220016A0FAE78070E1CE8E8E84830F5EA73C71D77DE7FFFFD591F1C00EF95DA832B5E9C7A7B9FDE9778ED1D7FF9C4473F5AF4F35C802B9DDA832BDBD0D0504F4F4FE2A9579FCF7DEE2FFAFBFBB33E4400DE13B50757B6CECECEE5BEB5DEB25EDE6B6B6BCBFA1001784FD41E5CC1CAE5726B6B6B4AA9579F356BD68C8C8C647DA000BC7B6A0FAE60030303A55229D5DABB77F3E6BEBEBEAC0F1480774FEDC1156CD3A64DF7DF7F7FAAB5F7F88E273A3B3BB33E5000DE3DB50757B0EEEEEE471EDD966AEDBD70ECD8473F5ACCFA400178F7D41E5CC1527AEF95E6393371B6A5A525EB0305E0DD537B70056B6B6B3BFEF289546B2F9E42C1A200B88259E270056B6F6FFFE9E1C36A0F804558E270054BF5CDF6FCBD3D807C507B70052B954ADF7EE081546B6FD7EE27D7AC5993F58102F0EEA93DB882F5F7F77FEE737F916AEDC535B961C39F657DA000BC7B6A0FAE60636363C56231D5DAEBEAEADABE7D7BD6070AC0BBA7F6E0CA96EA3FD4383371B6B5B5B552A9647D9400BC7B6A0FAE6CA9FE30F76B5FFF7A7CE7591F2200EF89DA832B5BA55229168B69BCEBDE9989B31FFD68717C7C3CEB4304E03D517B70C51B1C1CBC7DFD7A2FEC01B020B50779F0C79FFCE4D6AD0F25987A3F3D7C78F5EAD56726CE667D6400BC576A0FF2A05C2EAF59B326A97FAE71F2F55371EABD70EC58D687054002D41EE4C4E8E8681C7C71A2BDF7D4FBE34F7EF29147B7657D40002443ED417E1C387060F5EAD5BB763FF95E7E801B27A3D403C813B507B9522E97D7AE5DFBA52F7DF9E4EBA796D5796726CE7EEDEB5FAFFF3838EB830020496A0FF2A652A9C4B577FDF5ED71BDC50DB794D4FBF6030FC4D7FFDCE7FE226EC4AC9F3E0009537B904FE3E3E39FFFFCE75B5B5BFFF8939F8C636EEFD3FBE6145EFC99071FFC7FB7AF5F1F5F67C3863F1B1B1BCBFA2903900AB5077956A9548686864AA5D2EAD5AB0B6F177F264EBDC1C1C172B99CF5D30420456A0FC212975FD64F018015A5F6202C8582FFEA01C262EF4358D41E4068EC7D088BDA03088DBD0F61517B00A1B1F7212C6A0F2034F63E8445ED0184C6DE87B0A83D80D0D8FB1016B507101A7B1FC2A2F6004263EF4358D41E4068EC7D088BDA03088DBD0F61517B00A1B1F7212C6A0F2034F63E8445ED0184C6DE87B0A83D80D0D8FB1016B507101A7B1FC2A2F6004263EF4358D41E4068EC7D088BDA03088DBD0F61517B00A1B1F7212C6A0F2034F63E8445ED0184C6DE87B0A83D80D0D8FB1016B507101A7B1FC2A2F6004263EF4358D41E4068EC7D088BDA03088DBD0F61517B00A1B1F7212C6A0F2034F63E8445ED0184C6DE87B0A83D80D0D8FB1016B507101A7B1FC2A2F6004263EF4358D41E4068EC7D088BDA03088DBD0FF937383818475E4B4B4B4747477CA1ADAD2DFEF3DA6BAF1D1D1DCDFAA901903AB507F9F7F0C30F17E659B76EDDD0D050D64F0D80D4A93DC8BF4AA572CD35D734A7DE0D37DCD0D6D6562E97B37E6A00A44EED4110EEBEFBEEABAEBAAA517B77DD75575F5F5FD64F0A8095A0F62014AB56ADAAA7DEFAF5EB8BC562A552C9FA1901B012D41E8462E7CE9D575F7D755C7BDDDDDDFEC61E4038D41E04E4965B6EA9D75ED64F048095A3F62020E3E3E371ED79E31580A0A83D088B775706088DBD0F2BA152A90C0E0EF6F6F6767676168BC5F9EF7E1788F8D8E3EF404F4FCFC0C080F77F0158196A0F52B77DFBF6B872E2D47BF0C1071FDFB1E38563C7A6AAD530273EF6F83BB075EBD60D1B36C4DF93B8F9B23E3900F9A7F62045E572B9542A7575751D7FF9F85475CA34CFC9D74FC6CD177F73C6C7C7B33E510079A6F6202D71EA7574747CFB816F4D5527CDE5E691471F59B366CDD8D858D6A70B20B7D41EA4A5542AD552EF82597C1EDFF1D8DAB5BF97F5E902C82DB507A9D8BE7D7B57D7ADD5E98A59CA7CE18B7FB579F357B33E6900F9A4F62079954AA5582CBE7C62AC3A7DDE2C6526CEBEB97AF50DDE0810200D6A0F92373030502A95AAD3E71AB3AEFB0F97F81E25CDB70A6A366FFEDBBEBEBEAC4F1D400EA93D485E4F4FCFD687FEE3ADD4BBB5EB1751F4D2C5E868357A76323A3819ED9D98EE7FE8891F9E38FDD454F43F95E8A94AB4EB5CF4D885E89F761DBA63D39D99875726F3F4BE918E8E8EAC4F1D400EA93D485E7B7BFBE1C3FBABD367EB53281426A2E8EC4C747A3A7A632A3A17457FF9D75F2E7CE0576FBAB5E744353A3E191DBF108D55A217A6A3EFFFE460EDE5BDB301CEC4D9532D2D2D599F3A801C527B90BCD6D6D6D74F9DA84E4FD4270EB87317A3C98BB35F9A9E99FDF307DBFEEBB77EFB77FEE6DEAF4D47D199E9E874357AA31A95A3E8B13DCFD46A6F22CC29F8AD6E0029B05B2179B5623BD398F8C3B3D3D1A9F3D1D4C55F5EA15C2EFFE337BEF9D57FF8C6F15766DF58B83A134DD52AF0C9A70FCEB96D50A3F600D260B742F26AC5F6BF8D99ADBD8BD1C973D1AB1351358AA62627DBAFBFBE50F860A1D072DBA73634DF70EFBEFD736E1BD4A83D8034D8AD90BC5AB19D6E4CFD27B9A7CE47AF9C895EBB10ED3DFCB355AB567DF0AA5FF9D0751FE9FDF4DB6A6FCFD3FBE6DC36A8517B0069B05B2179B5622B3726FEF0FC4CF44665F6B5BD9317A21D7B467F77F58D1FF98DDFBCAEF5D7BEF9DDEF5F88A289C9E8DCE4EC0D778DEC9973DBA046ED01A4C16E85E4C5D5323DFD6663EA111307DFE96AF4E654F4CA99EA9387C6567FFC13EB7EFF0F5E9B8C5EAD44AF55A2539351DC7BBB9EDA33E7B6418DDA034883DD0AC99B536C9DEBD63EF3DCD1BD8746470E8CEEDE37BA7BFF91279F39F6DF4F3DFB93432FEEDC77E4C7FB9EDFBDFFF99183470E1DFDF97DFFF2C0EDEB6FCFBCBAD41E409ED8AD90BC5AEDBDD13C9FFDEC9D4BF9451A7F72DB6D736E18D4A83D8034D8AD90BC5AED9D32CB1DB5079006BB1592375B7B175F37CB1DB5079006BB159257ABBD9366B9A3F600D260B742F26AB5F79A59EEA83D8034D8AD90BC5AEDBD6A963B6A0F200D762B24AF567BE366B9A3F600D260B742F2D49EDA0378FFB05B2179B5DAFB45AA33E7211679C405DFD8EF1DEF3093517B0069B05B217971B55CBCF84AAA33E721E67F58D7FCA5F91716B9874C46ED01A4C16E85E4D5CAE944AAD3FC425DFDC3F95778C70B0B5E7FA1F9BF1B0B7FBA2DE523AA3F87AC4F1D400ED9AD90BC5A39BD9CEA341EA27EE152F62D7C85F916B9C379F3BD8DB3B7886B2FDD23AA3F87AC4F1D400ED9AD90BC5A391D4F6F9AEFBF7EB9F9CF39D759E4C2E5EEB3697EDC7F73DC79DFADBDB697E211359E43D6A70E2087EC56485EAD9C7E9EDE34DF7FFD72E3338D0F2FBD8637F74B736EBEE09DCC9B7FDB58F8F4B6348FA8F134B23E75003964B742F252ADBDE6325BA4E49A2F2CF4935CB507100ABB159257CBA697529DFA43341E68FE232EE533F33F7F99EB0CD46A2FDD23AA3F7AD6A70E2087EC5648DE6C33CD8CA53DCD8F32FF111B9F59F8B5BD25DF4F6DE2DAFBD4B61539A2AC4F1D400ED9AD90BC5A33BD98EAD41FA2F140F31FF152D5CDBDC982F7F34E57FB4EADF6D23DA2FA43677DEA0072C86E85E4D582E967E94DF3FD2FF8589752EFB2B75AE4B68B7C3EED517B0069B05B2179B55A3A96D2CCBFF3793FA5BDEC979AAFB3F8934CF5101679D0AC4F1D400ED9AD90BC5A2ABD60963B6A0F200D762B24AF567B47CD7247ED01A4C16E85E4A93DB507F0FE61B742F2E26A99993962963B6A0F200D762B24AF567BCF9BE58EDA034883DD0AC9ABD5DEA859EEA83D8034D8AD90BC5AED3D67963B6A0F200D762B24AFA5A5E5FCF9FD3333CF9A658DDA034883DD0AC92B168B2FBEF8C39999C36659A3F600D260B742F2BABBBBFF73FBFD33D14FCDD2E7B9D11FB4B7B7677DEA007248ED41F2B66CD9D2D7F799CCFBE9CA9AEF0CDC5B2A95B23E750039A4F62079636363EDED1F3B5FD93B131D324B9C9E9E5B868686B23E750039A4F62015F7CCDA34133D639632FF3EF8F7BDBDDD599F34807C527B908A4AA5D2D9F9899191EF45D141B3F88C8FEF686FFF58B9BC2BEB9306904F6A0FD2323A3ADAD171FDE8E850141D30979B38F5E22C1E1EFE56D6A70B20B7D41EA4686464240EBE2D5BFE3C8AF69BF93334F4F5F6F6E2F0F0BF667DA200F24CED41BA2A954A5F5FA9B3F3C68181AF8C8F3F1645FB4CB9FCA3C1C1BFEBEDEDEAE9E98C2F677D8A00724EEDC14A181E1E2E95FEA8ADEDD70B140AADAD1FEEEDBD350EBEAC4F0B4010D41E84C57BDA018446ED41580A7E3B194060EC7D088BDA03088DBD0F61517B00A1B1F7212C6A0F2034F63E8445ED0184C6DE87B0A83D80D0D8FB1016B507101A7B1FC2A2F6004263EF4358D41E4068EC7D088BDA03088DBD0F61517B00A1B1F7212C6A0F2034F63E8445ED0184C6DE87B0A83D80D0D8FB1016B507101A7B1FC2A2F6004263EF4358D41E4068EC7D088BDA03088DBD0F61517B00A1B1F7212C6A0F2034F63E8445ED0184C6DE87B0A83D80D0D8FB1016B507101A7B1FC2A2F6004263EF4358D41E4068EC7D088BDA03088DBD0F61517B00A1B1F7212C6A0F2034F63E8445ED0184C6DE87B0A83D80D0D8FB1016B507101A7B1FC2A2F6004263EF4358D41E4068EC7D088BDA03088DBD0F61517B00A1B1F721FF060707E3C86B6969E9E8E8882FB4B5B5C57F5E7BEDB5A3A3A3593F350052A7F620FF1E7EF8E1C23CEBD6AD1B1A1ACAFAA901903AB507F957A954AEB9E69AE6D4BBE1861BDADADACAE572D64F0D80D4A93D08C2DD77DF7DD55557356AEFAEBBEEEAEBEBCBFA4901B012D41E8462D5AA55F5D45BBF7E7DB158AC542A593F23005682DA8350ECDCB9F3EAABAF8E6BAFBBBBDBDFD8030887DA8380DC72CB2DF5DACBFA8900B072D41E04647C7C3CAE3D6FBC021014B50761F1EECA00A1B1F76125542A95C1C1C1DEDEDECECECE62B138FFDDEF02111F7BFC1DE8E9E9191818F0FE2F002B43ED41EAB66FDF1E574E9C7A0F3EF8E0E33B76BC70ECD854B51AE6C4C71E7F07B66EDDBA61C386F87B12375FD6270720FFD41EA4A85C2E974AA5AEAEAEE32F1F9FAA4E99E639F9FAC9B8F9E26FCEF8F878D6270A20CFD41EA4254EBD8E8E8E6F3FF0ADA9EAA4B9DC3CF2E8236BD6AC191B1BCBFA7401E496DA83B4944AA55AEA5D308BCFE33B1E5BBBF6F7B23E5D00B9A5F62015DBB76FEFEABAB53A5D314B992F7CF1AF366FFE6AD6270D209FD41E24AF52A9148BC5974F8C55A7CF9BA5CCC4D93757AFBEC11B0102A441ED41F20606064AA55275FA5C63D675FFE112DFA3A4F95641CDE6CD7FDBD7D797F5A903C821B507C9EBE9E9D9FAD07FBC957AB776FD228A5EBA181DAD46CF4E460727A3BD13D3FD0F3DF1C313A79F9A8AFEA7123D5589769D8B1EBB10FDD3AE43776CBA33F3F0CA649EDE37D2D1D191F5A903C821B507C96B6F6F3F7C787F75FA6C7D0A85C244149D9D894E4F476F4C45E7A2E82FFFFACB850FFCEA4DB7F69CA846C727A3E317A2B14AF4C274F4FD9F1CACBDBC7736C099387BAAA5A525EB530790436A0F92D7DADAFAFAA913D5E989FAC40177EE62347971F64BD333B37FFE60DB7FFDD66FFFCEDFDCFBB5E9283A331D9DAE466F54A372143DB6E7995AED4D843905BFD50D2005762B24AF566C671A137F78763A3A753E9ABAF8CB2B94CBE57FFCC637BFFA0FDF38FECAEC1B0B5767A2A95A053EF9F4C139B70D6AD41E401AEC56485EADD8FEB731B3B577313A792E7A7522AA46D1D4E464FBF5D7170A1F2C145A6EFBD486E61BEEDDB77FCE6D831AB5079006BB1592572BB6D38DA9FF24F7D4F9E89533D16B17A2BD877FB66AD5AA0F5EF52B1FBAEE23BD9F7E5BEDED797ADF9CDB06356A0F200D762B24AF566CE5C6C41F9E9F89DEA8CCBEB677F242B463CFE8EFAEBEF123BFF19BD7B5FEDA37BFFBFD0B513431199D9B9CBDE1AE913D736E1BD4A83D8034D8AD90BCB85AA6A7DF6C4C3D62E2E03B5D8DDE9C8A5E39537DF2D0D8EA8F7F62DDEFFFC16B93D1AB95E8B54A746A328A7B6FD7537BE6DC36A8517B0069B05B2179738AAD73DDDA679E3BBAF7D0E8C881D1DDFB4677EF3FF2E433C7FEFBA9677F72E8C59DFB8EFC78DFF3BBF73F3F72F0C8A1A33FBFEF5F1EB87DFDED995797DA03C813BB159257ABBD379AE7B39FBD7329BF48E34F6EBB6DCE0D831AB5079006BB159257ABBD5366B9A3F600D260B742F2666BEFE2EB66B9A3F600D260B742F26AB577D22C77D41E401AEC56485EADF65E33CB1DB5079006BB159257ABBD57CD7247ED01A4C16E85E4D56A6FDC2C77D41E401AEC56489EDA537B00EF1F762B24AF567BBF4875E63CC4228FB8E01BFBBDE31D66326A0F200D762B242FAE968B175F4975E63CC4FC0FEB9ABF34FFC222F790C9A83D8034D8AD90BC5A399D48759A5FA8AB7F38FF0AEF7861C1EBBF7D76F7DF7CE96136FEDF1538A8AC4F1D400ED9AD90BC5A39BD9CEA341EA27EE152F62D7C85F916B9C3E639DA7F6361E3F76A9777C5D9B7715BEA0795F5A903C821BB1592572BA7E3E94DF3FDD72F37FF39E73A8B5CB8DC7D2E3871F9DDDCFFE3B48F2BEB53079043762B24AF564E3F4F6F9AEFBF7EB9F199C687975EC39BFBA539375FF04E169A7FDB58F8F4B6340FAAFE04B23E75003964B742F252ADBDE6325BA4E49A2F2CF493DC65D55E9C7A37F61F4D37F5D41E404AEC56485E2D9B5E4A75EA0FD178A0F98FB894CFCCFFFC02D739FAE59B0B1FEF3F9AEEE1341E3DEB53079043762B246FB69966C6D29EE64799FF888DCF2CFCDADE12EFE78538F53EB52DFD63693C7AD6A70E2087EC56485EAD995E4C75EA0FD178A0F98F78A9EAE6DE64C1FBB9DC67B6DDF1B646BCB97F38ED83CAFAD401E490DD0AC9AB05D3CFD29BE6FB5FF0B12EA5DE656FB5C86D17F97CDAA3F600D260B742F26AB5742CA5997FE7F37E4A7BD92F355F67F12799EA212CF2A0599F3A801CB25B2179B5547AC12C77D41E401AEC56485EADF68E9AE58EDA034883DD0AC9537B6A0FE0FDC36E85E4C5D5323373C42C77D41E401AEC56485EADF69E37CB1DB5079006BB159257ABBD51B3DC517B0069B05B2179B5DA7BCE2C77D41E401AEC56485E4B4BCBF9F3FB67669E35CB1AB5079006BB1592572C165F7CF187333387CDB246ED01A4C16E85E4757777FFE7F6FB67A29F9AA5CF73A33F686F6FCFFAD401E490DA83E46DD9B2A5AFEF3399F7D39535DF19B8B7542A657DEA007248ED41F2C6C6C6DADB3F76BEB277263A6496383D3DB70C0D0D657DEA007248ED412AEE99B569267AC62C65FE7DF0EF7B7BBBB33E6900F9A4F62015954AA5B3F3132323DF8BA28366F1191FDFD1DEFEB1727957D6270D209FD41EA4657474B4A3E3FAD1D1A1283A602E3771EAC5593C3CFCADAC4F17406EA93D48D1C8C8481C7C5BB6FC7914ED37F36768E8EBEDEDC5E1E17FCDFA4401E499DA8374552A95BEBE5267E78D03035F191F7F2C8AF69972F94783837FD7DBDBD5D3D3195FCEFA1401E49CDA8395303C3C5C2AFD515BDBAF1728145A5B3FDCDB7B6B1C7C599F168020A83D088BF7B403088DDA83B014FC763280C0D8FB1016B507101A7B1FC2A2F6004263EF4358D41E4068EC7D088BDA03088DBD0F61517B00A1B1F7212C6A0F2034F63E8445ED0184C6DE87B0A83D80D0D8FB1016B507101A7B1FC2A2F6004263EF4358D41E4068EC7D088BDA03088DBD0F61517B00A1B1F7212C6A0F2034F63E8445ED0184C6DE87B0A83D80D0D8FB1016B507101A7B1FC2A2F6004263EF4358D41E4068EC7D088BDA03088DBD0F61517B00A1B1F7212C6A0F2034F63E8445ED0184C6DE87B0A83D80D0D8FB1016B507101A7B1FC2A2F6004263EF4358D41E4068EC7D088BDA03088DBD0F61517B00A1B1F7212C6A0F2034F63E8445ED0184C6DE87B0A83D80D0D8FB1016B507101A7B1FC2A2F6004263EF4358D41E4068EC7D088BDA03088DBD0F61517B00A1B1F7212C6A0F2034F63E8445ED0184C6DE87B0A83D80D0D8FB1016B507101A7B1FC2A2F6004263EF4358D41E4068EC7D088BDA03088DBD0FF937383818475E4B4B4B4747477CA1ADAD2DFEF3DA6BAF1D1D1DCDFAA901903AB507F9F7F0C30F17E659B76EDDD0D050D64F0D80D4A93DC8BF4AA572CD35D734A7DE0D37DCD0D6D6562E97B37E6A00A44EED4110EEBEFBEEABAEBAAA517B77DD75575F5F5FD64F0A8095A0F62014AB56ADAAA7DEFAF5EB8BC562A552C9FA1901B012D41E8462E7CE9D575F7D755C7BDDDDDDFEC61E4038D41E04E4965B6EA9D75ED64F048095A3F62020E3E3E371ED79E31580A0A83D088B775706088DBD0F2BA152A90C0E0EF6F6F6767676168BC5F9EF7E1788F8D8E3EF404F4FCFC0C080F77F0158196A0F52B77DFBF6B872E2D47BF0C1071FDFB1E38563C7A6AAD530273EF6F83BB075EBD60D1B36C4DF93B8F9B23E3900F9A7F62045E572B9542A7575751D7FF9F85475CA34CFC9D74FC6CD177F73C6C7C7B33E510079A6F6202D71EA7574747CFB816F4D5527CDE5E691471F59B366CDD8D858D6A70B20B7D41EA4A5542AD552EF82597C1EDFF1D8DAB5BF97F5E902C82DB507A9D8BE7D7B57D7ADD5E98A59CA7CE18B7FB579F357B33E6900F9A4F62079954AA5582CBE7C62AC3A7DDE2C6526CEBEB97AF50DDE0810200D6A0F92373030502A95AAD3E71AB3AEFB0F97F81E25CDB70A6A366FFEDBBEBEBEAC4F1D400EA93D485E4F4FCFD687FEE3ADD4BBB5EB1751F4D2C5E868357A76323A3819ED9D98EE7FE8891F9E38FDD454F43F95E8A94AB4EB5CF4D885E89F761DBA63D39D99875726F3F4BE918E8E8EAC4F1D400EA93D485E7B7BFBE1C3FBABD367EB53281426A2E8EC4C747A3A7A632A3A17457FF9D75F2E7CE0576FBAB5E744353A3E191DBF108D55A217A6A3EFFFE460EDE5BDB301CEC4D9532D2D2D599F3A801C527B90BCD6D6D6D74F9DA84E4FD4270EB87317A3C98BB35F9A9E99FDF307DBFEEBB77EFB77FEE6DEAF4D47D199E9E874357AA31A95A3E8B13DCFD46A6F22CC29F8AD6E0029B05B2179B5623BD398F8C3B3D3D1A9F3D1D4C55F5EA15C2EFFE337BEF9D57FF8C6F15766DF58B83A134DD52AF0C9A70FCEB96D50A3F600D260B742F26AC5F6BF8D99ADBD8BD1C973D1AB1351358AA62627DBAFBFBE50F860A1D072DBA73634DF70EFBEFD736E1BD4A83D8034D8AD90BC5AB19D6E4CFD27B9A7CE47AF9C895EBB10ED3DFCB355AB567DF0AA5FF9D0751FE9FDF4DB6A6FCFD3FBE6DC36A8517B0069B05B2179B5622B3726FEF0FC4CF44665F6B5BD9317A21D7B467F77F58D1FF98DDFBCAEF5D7BEF9DDEF5F88A289C9E8DCE4EC0D778DEC9973DBA046ED01A4C16E85E4C5D5323DFD6663EA111307DFE96AF4E654F4CA99EA9387C6567FFC13EB7EFF0F5E9B8C5EAD44AF55A2539351DC7BBB9EDA33E7B6418DDA034883DD0AC99B536C9DEBD63EF3DCD1BD8746470E8CEEDE37BA7BFF91279F39F6DF4F3DFB93432FEEDC77E4C7FB9EDFBDFFF99183470E1DFDF97DFFF2C0EDEB6FCFBCBAD41E409ED8AD90BC5AEDBDD13C9FFDEC9D4BF9451A7F72DB6D736E18D4A83D8034D8AD90BC5AED9D32CB1DB5079006BB1592375B7B175F37CB1DB5079006BB159257ABBD9366B9A3F600D260B742F26AB5F79A59EEA83D8034D8AD90BC5AEDBD6A963B6A0F200D762B24AF567BE366B9A3F600D260B742F2D49EDA0378FFB05B2179B5DAFB45AA33E7211679C405DFD8EF1DEF3093517B0069B05B217971B55CBCF84AAA33E721E67F58D7FCA5F91716B9874C46ED01A4C16E85E4D5CAE944AAD3FC425DFDC3F95778C70B0B5E7FCE6CDBF8CB47D9B82DDD23AA3F87AC4F1D400ED9AD90BC5A39BD9CEA341EA27EE152F62D7C85F916B9C3B7CDB63F2D6CFC5EEDF2F73616FE745BFA0795F5A903C821BB1592572BA7E3E94DF3FDD72F37FF39E73A8B5CB8DC7D2E34DFADD55E8A07557F0E599F3A801CB25B2179B572FA797AD37CFFF5CB8DCF343EBCF41ADEDC2FCDB9F9827732678EF6DF58FB496E8A47D4781A599F3A801CB25B2179A9D65E73992D5272CD1716FA49EE326AAF3EDB36A61E7C6A0F200D762B24AF964D2FA53AF587683CD0FC475CCA67E67F7E91677EB4FFE337F7EF4CFBA0B23E75003964B742F2669B69662CED697E94F98FD8F8CCC2AFED2DF17EB67DAA70C740FDF2B63B0A1BB7A57E44599F3A801CB25B2179B5667A31D5A93F44E381E63FE2A5AA9B7B9305EF6791CFC491577773FFF00A1C54D6A70E2087EC56485E2D987E96DE34DFFF828F7529F52E7BAB456EBBC8E7D31EB5079006BB159257ABA56329CDFC3B9FF753DACB7EA9F93A8B3FC9540F619107CDFAD401E490DD0AC9ABA5D20B66B9A3F600D260B742F26AB577D42C77D41E401AEC56489EDA537B00EF1F762B242FAE9699992366B9A3F600D260B742F26AB5F7BC59EEA83D8034D8AD90BC5AED8D9AE58EDA034883DD0AC9ABD5DE7366B9A3F600D260B742F25A5A5ACE9FDF3F33F3AC59D6A83D8034D8AD90BC62B1F8E28B3F9C99396C96356A0F200D762B24AFBBBBFB3FB7DF3F13FDD42C7D9E1BFD417B7B7BD6A70E2087D41E246FCB962D7D7D9FC9BC9FAEACF9CEC0BDA55229EB530790436A0F92373636D6DEFEB1F395BD33D121B3C4E9E9B965686828EB530790436A0F5271CFAC4D33D1336629F3EF837FDFDBDB9DF54903C827B507A9A8542A9D9D9F1819F95E141D348BCFF8F88EF6F68F95CBBBB23E6900F9A4F6202DA3A3A31D1DD78F8E0E45D10173B989532FCEE2E1E16F657DBA00724BED418A464646E2E0DBB2E5CFA368BF993F43435F6F6F2F0E0FFF6BD6270A20CFD41EA4AB52A9F4F5953A3B6F1C18F8CAF8F86351B4CF94CB3F1A1CFCBBDEDEAE9E9ECEF872D6A70820E7D41EAC84E1E1E152E98FDADA7EBD40A1D0DAFAE1DEDE5BE3E0CBFAB4000441ED4158BCA71D4068D41E84A5E0B7930104C6DE87B0A83D80D0D8FB1016B507101A7B1FC2A2F6004263EF4358D41E4068EC7D088BDA03088DBD0F61517B00A1B1F7212C6A0F2034F63E8445ED0184C6DE87B0A83D80D0D8FB1016B507101A7B1FC2A2F6004263EF4358D41E4068EC7D088BDA03088DBD0F61517B00A1B1F7212C6A0F2034F63E8445ED0184C6DE87B0A83D80D0D8FB1016B507101A7B1FC2A2F6004263EF4358D41E4068EC7D088BDA03088DBD0F61517B00A1B1F7212C6A0F2034F63E8445ED0184C6DE87B0A83D80D0D8FB1016B507101A7B1FC2A2F6004263EF4358D41E4068EC7D088BDA03088DBD0F61517B00A1B1F7212C6A0F2034F63E8445ED0184C6DE87B0A83D80D0D8FB1016B507101A7B1FF26F7070308EBC9696968E8E8EF8425B5B5BFCE7B5D75E3B3A3A9AF5530320756A0FF2EFE1871F2ECCB36EDDBAA1A1A1AC9F1A00A9537B907F954AE59A6BAE694EBD1B6EB8A1ADADAD5C2E67FDD400489DDA8320DC7DF7DD575D7555A3F6EEBAEBAEBEBEBEAC9F14002B41ED412856AD5A554FBDF5EBD7178BC54AA592F533026025A83D08C5CE9D3BAFBEFAEAB8F6BABBBBFD8D3D8070A83D08C82DB7DC52AFBDAC9F08002B47ED4140C6C7C7E3DAF3C62B0041517B1016EFAE0C101A7B1F5642A552191C1CECEDEDEDECEC2C168BF3DFFD2E10F1B1C7DF819E9E9E818101EFFF02B032D41EA46EFBF6ED71E5C4A9F7E0830F3EBE63C70BC78E4D55AB614E7CECF17760EBD6AD1B366C88BF2771F3657D7200F24FED418ACAE572A954EAEAEA3AFEF2F1A9EA94699E93AF9F8C9B2FFEE68C8F8F677DA200F24CED415AE2D4EBE8E8F8F603DF9AAA4E9ACBCD238F3EB266CD9AB1B1B1AC4F17406EA93D484BA954AAA5DE05B3F83CBEE3B1B56B7F2FEBD305905B6A0F52B17DFBF6AEAE5BABD315B394F9C217FF6AF3E6AF667DD200F249ED41F22A954AB1587CF9C45875FABC59CA4C9C7D73F5EA1BBC1120401AD41E246F6060A0542A55A7CF35665DF71F2EF13D4A9A6F15D46CDEFCB77D7D7D599F3A801C527B90BC9E9E9EAD0FFDC75BA9776BD72FA2E8A58BD1D16AF4EC64747032DA3B31DDFFD0133F3C71FAA9A9E87F2AD1539568D7B9E8B10BD13FED3A74C7A63B330FAF4CE6E97D231D1D1D599F3A801C527B90BCF6F6F6C387F757A7CFD6A750284C44D1D999E8F474F4C654742E8AFEF2AFBF5CF8C0AFDE746BCF896A747C323A7E211AAB442F4C47DFFFC9C1DACB7B67039C89B3A75A5A5AB23E750039A4F62079ADADADAF9F3A519D9EA84F1C70E72E46931767BF343D33FBE70FB6FDD76FFDF6EFFCCDBD5F9B8EA233D3D1E96AF446352A47D1637B9EA9D5DE449853F05BDD005260B742F26AC576A631F18767A7A353E7A3A98BBFBC42B95CFEC76F7CF3ABFFF08DE3AFCCBEB17075269AAA55E0934F1F9C73DBA046ED01A4C16E85E4D58AED7F1B335B7B17A393E7A25727A26A144D4D4EB65F7F7DA1F0C142A1E5B64F6D68BEE1DE7DFBE7DC36A8517B0069B05B2179B5623BDD98FA4F724F9D8F5E3913BD7621DA7BF867AB56ADFAE055BFF2A1EB3ED2FBE9B7D5DE9EA7F7CDB96D50A3F600D260B742F26AC5566E4CFCE1F999E88DCAEC6B7B272F443BF68CFEEEEA1B3FF21BBF795DEBAF7DF3BBDFBF10451393D1B9C9D91BEE1AD933E7B6418DDA034883DD0AC98BAB657AFACDC6D423260EBED3D5E8CDA9E89533D5270F8DADFEF827D6FDFE1FBC3619BD5A895EAB44A726A3B8F7763DB567CE6D831AB5079006BB159237A7D83AD7AD7DE6B9A37B0F8D8E1C18DDBD6F74F7FE234F3E73ECBF9F7AF627875EDCB9EFC88FF73DBF7BFFF323078F1C3AFAF3FBFEE581DBD7DF9E7975A93D803CB15B2179B5DA7BA3793EFBD93B97F28B34FEE4B6DBE6DC30A8517B0069B05B2179B5DA3B65963B6A0F200D762B246FB6F62EBE6E963B6A0F200D762B24AF567B27CD7247ED01A4C16E85E4D56AEF35B3DC517B0069B05B2179B5DA7BD52C77D41E401AEC56485EADF6C6CD7247ED01A4C16E85E4A93DB507F0FE61B742F26AB5F78B5467CE432CF2880BBEB1DF3BDE6126A3F600D260B742F2E26AB978F1955467CE43CCFFB0AEF94BF32F2C720F998CDA034883DD0AC9AB95D38954A7F985BAFA87F3AFF08E1716BCFE8273B4FFC69BFB77AFC041657DEA0072C86E85E4D5CAE9E554A7F110F50B97B26FE12BCCB7C81D2E3047BF7273A17073FFAE1538A8AC4F1D400ED9AD90BC5A391D4F6F9AEFBF7EB9F9CF39D759E4C2E5EEF3EDF3E3FE9B6FDCB8F1C69BFB7F9CEA41D59F43D6A70E2087EC56485EAD9C7E9EDE34DF7FFD72E3338D0F2FBD8637F74B736EBEE09D344FED67B83BEB7FA67A50F52790F5A903C821BB1592976AED3597D92225D77C61A19FE42EADF68EDE73F3CDF71CBDD47C6A0FE04A64B742F26AD9F452AA537F88C603CD7FC4A57C66FEE7E75CE768FFC79B1BB1167CE91E54D6A70E2087EC5648DE6C33CD8CA53DCD8F32FF111B9F59F8B5BD25DF4F7DE2ECBBB9FF472B7044599F3A801CB25B2179B5667A31D5A93F44E381E63FE2A5AA9B7B9305EFE71DAF56ABBDE11538A8AC4F1D400ED9AD90BC5A30FD2CBD69BEFF051FEB52EA5DF6568BDC7691CFA73D6A0F200D762B24AF564BC7529AF9773EEFA7B497FD52F375167F92A91EC2220F9AF5A903C821BB1592574BA517CC7247ED01A4C16E85E4D56AEFA859EEA83D8034D8AD903CB5A7F600DE3FEC56485E5C2D333347CC7247ED01A4C16E85E4D56AEF79B3DC517B0069B05B2179B5DA1B35CB1DB5079006BB159257ABBDE7CC7247ED01A4C16E85E4B5B4B49C3FBF7F66E659B3AC517B0069B05B2179C562F1C5177F383373D82C6BD41E401AEC56485E7777F77F6EBF7F26FAA959FA3C37FA83F6F6F6AC4F1D400EA93D48DE962D5BFAFA3E93793F5D59F39D817B4BA552D6A70E2087D41E246F6C6CACBDFD63E72B7B67A2436689D3D373CBD0D050D6A70E2087D41EA4E29E599B66A267CC52E6DF07FFBEB7B73BEB9306904F6A0F5251A9543A3B3F3132F2BD283A68169FF1F11DEDED1F2B9777657DD200F249ED415A4647473B3AAE1F1D1D8AA203E67213A75E9CC5C3C3DFCAFA7401E496DA83148D8C8CC4C1B765CB9F47D17E337F8686BEDEDE5E1C1EFED7AC4F14409EA93D4857A552E9EB2B7576DE3830F095F1F1C7A2689F29977F3438F877BDBD5D3D3D9DF1E5AC4F1140CEA93D5809C3C3C3A5D21FB5B5FD7A8142A1B5F5C3BDBDB7C6C197F569010882DA83B0784F3B80D0A83D084BC16F2703088CBD0F61517B00A1B1F7212C6A0F2034F63E8445ED0184C6DE87B0A83D80D0D8FB1016B507101A7B1FC2A2F6004263EF4358D41E4068EC7D088BDA03088DBD0F61517B00A1B1F7212C6A0F2034F63E8445ED0184C6DE87B0A83D80D0D8FB1016B507101A7B1FC2A2F6004263EF4358D41E4068EC7D088BDA03088DBD0F61517B00A1B1F7212C6A0F2034F63E8445ED0184C6DE87B0A83D80D0D8FB1016B507101A7B1FC2A2F6004263EF4358D41E4068EC7D088BDA03088DBD0F61517B00A1B1F7212C6A0F2034F63E8445ED0184C6DE87B0A83D80D0D8FB1016B507101A7B1FC2A2F6004263EF4358D41E4068EC7D088BDA03088DBD0F61517B00A1B1F7212C6A0F2034F63EE4DFE0E0601C792D2D2D1D1D1DF185B6B6B6F8CF6BAFBD76747434EBA70640EAD41EE4DFC30F3F5C9867DDBA75434343593F350052A7F620FF2A95CA35D75CD39C7A37DC70435B5B5BB95CCEFAA901903AB50741B8FBEEBBAFBAEAAA46EDDD75D75D7D7D7D593F29005682DA8350AC5AB5AA9E7AEBD7AF2F168B954A25EB6704C04A507B108A9D3B775E7DF5D571ED757777FB1B7B00E1507B10905B6EB9A55E7B593F1100568EDA83808C8F8FC7B5E78D570082A2F6202CDE5D192034F63EAC844AA5323838D8DBDBDBD9D9592C16E7BFFB5D20E2638FBF033D3D3D030303DEFF056065A83D48DDF6EDDBE3CA8953EFC1071F7C7CC78E178E1D9BAA56C39CF8D8E3EFC0D6AD5B376CD8107F4FE2E6CBFAE400E49FDA831495CBE552A9D4D5D575FCE5E353D529D33C275F3F19375FFCCD191F1FCFFA4401E499DA83B4C4A9D7D1D1F1ED07BE35559D34979B471E7D64CD9A35636363599F2E80DC527B909652A9544BBD0B66F1797CC7636BD7FE5ED6A70B20B7D41EA462FBF6ED5D5DB756A72B6629F3852FFED5E6CD5FCDFAA401E493DA83E4552A9562B1F8F289B1EAF479B3949938FBE6EAD5377823408034A83D48DEC0C040A954AA4E9F6BCCBAEE3F5CE27B9434DF2AA8D9BCF96FFBFAFAB23E750039A4F620793D3D3D5B1FFA8FB752EFD6AE5F44D14B17A3A3D5E8D9C9E8E064B47762BAFFA1277E78E2F45353D1FF54A2A72AD1AE73D16317A27FDA75E88E4D77661E5E99CCD3FB463A3A3AB23E750039A4F62079EDEDED870FEFAF4E9FAD4FA1509888A2B333D1E9E9E88DA9E85C14FDE55F7FB9F0815FBDE9D69E13D5E8F86474FC423456895E988EBEFF9383B597F7CE063813674FB5B4B4647DEA007248ED41F25A5B5B5F3F75A23A3D519F38E0CE5D8C262FCE7E697A66F6CF1F6CFBAFDFFAEDDFF99B7BBF361D4567A6A3D3D5E88D6A548EA2C7F63C53ABBD8930A7E0B7BAC1FB43A552191A1ABAE79E7B7A7A7A3A2FE9EEEE8E3F333030E03D32AF38762B24AF566C671A137F78763A3A753E9ABAF8CB2B94CBE57FFCC637BFFA0FDF38FECAECD2ACCE4453B50A7CF2E983736E1BD4A83DC85C1C7971E1BDE3DF30EEE8E8B8FFFEFBE328CCFAF9B224762B24AF566CFFDB98D9DABB189D3C17BD3A1155A3686A72B2FDFAEB0B850F160A2DB77D6A43F30DF7EEDB3FE7B6418DDA830C0D0F0FDF74D34DCBFDCDD7711D66FDC47967762B24AF566CA71B53FF49EEA9F3D12B67A2D72E447B0FFF6CD5AA551FBCEA573E74DD477A3FFDB6DADBF3F4BE39B70D6AD41E64A252A9944AA5F9AFDE7DE10B5FDCBAF5A1C7773CD1982F7DE9CB5D5D5D73AED9D3D3532E97B33E081663B742F26AC5566E4CFCE1F999E88DCAEC6B7B272F443BF68CFEEEEA1B3FF21BBF795DEBAF7DF3BBDFBF10451393D1B9C9D91BEE1AD933E7B6418DDA8395373E3E3EE725BDCF7DEE2F5E38766CAA3A7DB939F9FAA97FBEEFBEB6B6B6E617F90E1C3890F5A17059762B242FDE7DD3D36F36A61E3171F09DAE466F4E45AF9CA93E79686CF5C73FB1EEF7FFE0B5C9E8D54AF45A253A3519C5BDB7EBA93D736E1BD4A83D586163636371A835A2ADBBBB7BF1CE9BD37C5FFAD2971BB76D6969191919C9FA805898DD0AC99B536C9DEBD63EF3DCD1BD8746470E8CEEDE37BA7BFF91279F39F6DF4F3DFB93432FEEDC77E4C7FB9EDFBDFFF99183470E1DFDF97DFFF2C0EDEB6FCFBCBAD41E84A052A934BFAA77EFE6CD4BECBCE679F0C1FF17775EE3153EFF5CF7FDC96E85E4D56AEF8DE6F9EC67EF5CCA5F79FE93DB6E9B73C3A046EDC14AEAEDED6D2C9FAD5B1F7A17A9579FBD4FEF6B6D6DADDF4F676767D687C502EC56485EADF64E99E58EDA8315333434F41E5FD56B9E471EDDD6B8B7FEFEFEAC0F8EB9EC5648DE6CED5D7CDD2C77D41EAC988E8E8EC6DFD57B8FA9579FC6DFE16B6B6BF33E7CEF37762B24AF567B27CD7247EDC1CA181C1C6CFCD38AE32F9F48A4F6CE4C9C6DFC2BDDCF7FFEF3591F226F63B742F26AB5F79A59EEA83D58199D9D9DF52CFBDCE7FE2291D4ABCFB71F78A07EB7ADADAD591F226F63B742F26AB5F7AA59EEA83D5801E572B9F177EC927A61AF311FFD68B17ECFC3C3C3591F286FB15B2179B5DA1B37CB1DB50749191C1C1C1B1B5BF04B0303038D7F3F9B6CEAC573C71DBF7CFF81BEBEBE953D621663B742F2D49EDA830C1D3972A49E5C1FFEF087B76EDD3AE7AB9B366D4AEA9FE2CE9FC7773C51BFF39B6EBA2993636741762B24AF567BBF4875E63CC4228FB8E01BFBBDE31D66326A0F1251A9543EF0810FD4FF63BFFAEAABFFCFFFF93FCDAFF3757777D7BFF4C8A3DB12AFBD178E1DABDF79B158CCEE1BC05C762B242FDE74172FBE92EACC7988F91FD6357F69FE8545EE2193517B9094E65F621BFBD0873EF499CF7CA6FEC6288DF75ED9FBF4BEC46B2F9EC68366FD3DE02D4E0624AF564E27529DE63D5EFF70FE15DEF1C282D79F33DB36361EE74FB7A57F508D7F2A08A4A411824BFF95B8CB9AC6FD67BD89798B9301C92BCC96D3CBA94EE321EA17EABBF57257986F913B7CFBECEABFF9C6FEA3E91E4BF373C8FAD4414E5C77DD758DFFDE7B6AE2FF951A1D1D8DBFD4DEDE5EFFFC4F0F1F4EA3F61ABF3637EBEF016F71322079B5723A9EDE34DF7FFD72F39F73AEB3C885CBDDE75B73F42B37CFBEA497E2B1CC790E599F3AC883C67BACC461B771E3C6F8CFC1C1C1C6571BAFA03FBEE389C453EFE4EBA7EA77EE2DF7DE57EC56485EAD9C7E9EDE34DF7FFD72E3338D0F2FBD8637F74B736EBEE09DBC35DB3E5DB8F9C69BEBF7B5F1DF523DA8FA13C8FAD4411EBCF4D24B2D2D2DDDDDDDC562B1AFAF2F8EBFE6AF964AA5FA7FD3FF7CDF7D89D7DE4F0F1FAEDF794747475687CF7C762B242FD5DA6B2EB3454AAEF9C2423FC95D5AEDC57374E7D1DA85A3FD376EDCA6F6E0CA303434343030B0E05BEE6DD9B2A5BE07366CF8B3C46BEFDECD9BEB77DEDBDBBBE207CD65D9AD90BC5A36BD94EAD41FA2F140F31F71299F99FFF9459EF9D1FE8FDFDCBF33ED83CAFAD441FE8D8E8E367ED87A66E26CB2B5B776EDDAFA9DC7AD99F581F216BB159237DB4C3363694FF3A3CC7FC4C667167E6D6F89F7B3ED53853B06EA97E3DADBB82DF523CAFAD441108AC5627D156CDDFA5082A9D778B3BDD89C1F1F932DBB1592576BA617539DFA43341E68FE235EAABAB93759F07E16F9CCB63B7EB9BB6FEE1F5E8183CAFAD44110FAFAFAEAFF5DAF5EBD3AC197F7FEF8939FACDF6D4F4F4FD687C8DBD8AD90BC5A30FD2CBD69BEFF051FEB52EA5DF6568BDC7691CFA73D6A0F5646B95C6EBC2B5E52BF3F6DD7EE271B2FEC1D387020EB43E46DEC56485EAD968EA534F3EF7CDE4F692FFBA5E6EB2CFE24533D84451E34EB5307A1E8EFEFAF6F83969696F7FE562C2F1C3BD6C8C74D9B36657D70CC65B742F26AA9F48259EEA83D584937DD7453BDCFE2507B2FBF57E3CCC4D9D5AB5737EE6A7C7C3CEB23632EBB159257ABBDA366B9A3F660258D8D8DB5B6B6362AEDDDFDDADCE32F9F68A45E4B4BCBF0F070D687C502EC56489EDA537B704588E3ACF1173CE2565BEEFB2DEFDAFD64E307B8B1FEFEFEAC0F8885D9AD90BC78EBCDCC1C31CB1DB5072B6F6868A8F10A5FFD5FE93EF2E8B6A5BCA477FBFAF5CD7F1B58EABD9FD9AD90BC5AED3D6F963B6A0F32313A3ADADEDEDE9C6E71F37DE94B5FFEE9E1C3F323EF9FEFBBAFABABABF9CA712CFA01EEFB9CDD0AC9ABD5DEA859EEA83DC84AB95CBEE79E7B5A5A5A16FC57FC6BD6ACB9DC977A7B7BFDB38CF73FBB159257ABBDE7CC7247ED41B6E26E2B954A0B56DD7C9D9D9D232323593F6596C46E85E4C5FF137CFEFCFE999967CDB246EDC1FB41A552191C1C8CB3AFA3A3634EE1158BC59E9E9EFBEFBFDFEB795716BB1592172FC4175FFCE1CCCC61B3AC517B0069B05B2179DDDDDDFFB9FDFE99E8A766E9F3DCE80FDADBDBB33E750039A4F620795BB66CE9EBFB4CE6FD7465CD7706EE2D954A599F3A801C527B90BCB1B1B1F6F68F9DAFEC9D890E99254E4FCF2D434343599F3A801C527B908A7B666D9A899E314B997F1FFCFBDEDEEEAC4F1A403EA93D4845A552E9ECFCC4C8C8F7A2E8A0597CC6C777B4B77FAC5CDE95F54903C827B50769191D1DEDE8B87E7474288A0E98CB4D9C7A71160F0F7F2BEBD305905B6A0F523432321207DF962D7F1E45FBCDFC191AFA7A7B7B7178F85FB33E510079A6F6205D954AA5AFAFD4D979E3C0C057C6C71F8BA27DA65CFED1E0E0DFF5F676F5F474C697B33E450039A7F660250C0F0F974A7FD4D6F6EB4BFC9544F9D6DAFAE1DEDE5BE3E0CBFAB4000441ED0100E499DA0300C833B5070090676A0F0020CFD41E00409EFD7F3FB5A1011490C3270000000049454E44AE426082, '0');
INSERT INTO `act_ge_bytearray` VALUES ('3', '1', 'MyProcess.bpmn', '1', 0x3C3F786D6C2076657273696F6E3D22312E302220656E636F64696E673D225554462D38223F3E0A3C646566696E6974696F6E7320786D6C6E733D22687474703A2F2F7777772E6F6D672E6F72672F737065632F42504D4E2F32303130303532342F4D4F44454C2220786D6C6E733A7873693D22687474703A2F2F7777772E77332E6F72672F323030312F584D4C536368656D612D696E7374616E63652220786D6C6E733A7873643D22687474703A2F2F7777772E77332E6F72672F323030312F584D4C536368656D612220786D6C6E733A61637469766974693D22687474703A2F2F61637469766974692E6F72672F62706D6E2220786D6C6E733A62706D6E64693D22687474703A2F2F7777772E6F6D672E6F72672F737065632F42504D4E2F32303130303532342F44492220786D6C6E733A6F6D6764633D22687474703A2F2F7777772E6F6D672E6F72672F737065632F44442F32303130303532342F44432220786D6C6E733A6F6D6764693D22687474703A2F2F7777772E6F6D672E6F72672F737065632F44442F32303130303532342F44492220747970654C616E67756167653D22687474703A2F2F7777772E77332E6F72672F323030312F584D4C536368656D61222065787072657373696F6E4C616E67756167653D22687474703A2F2F7777772E77332E6F72672F313939392F585061746822207461726765744E616D6573706163653D22687474703A2F2F7777772E61637469766974692E6F72672F74657374223E0A20203C70726F636573732069643D2268656C6C6F776F726422206E616D653D2268656C6C6F776F726470726F636573732220697345786563757461626C653D2274727565223E0A202020203C73746172744576656E742069643D2273746172746576656E743122206E616D653D225374617274223E3C2F73746172744576656E743E0A202020203C757365725461736B2069643D22757365727461736B3122206E616D653D22E5A484E79086E4BABA31222061637469766974693A61737369676E65653D22237B417373317D223E3C2F757365725461736B3E0A202020203C73657175656E6365466C6F772069643D22666C6F77312220736F757263655265663D2273746172746576656E743122207461726765745265663D22757365727461736B31223E3C2F73657175656E6365466C6F773E0A202020203C757365725461736B2069643D22757365727461736B3222206E616D653D22E5A484E79086E4BABA32222061637469766974693A61737369676E65653D22237B417373327D223E3C2F757365725461736B3E0A202020203C73657175656E6365466C6F772069643D22666C6F77322220736F757263655265663D22757365727461736B3122207461726765745265663D22757365727461736B32223E3C2F73657175656E6365466C6F773E0A202020203C757365725461736B2069643D22757365727461736B3322206E616D653D22E5A484E79086E4BABA33222061637469766974693A61737369676E65653D22237B417373337D223E3C2F757365725461736B3E0A202020203C73657175656E6365466C6F772069643D22666C6F77332220736F757263655265663D22757365727461736B3222207461726765745265663D22757365727461736B33223E3C2F73657175656E6365466C6F773E0A202020203C757365725461736B2069643D22757365727461736B3422206E616D653D22E5A484E79086E4BABA34222061637469766974693A61737369676E65653D22237B417373347D223E3C2F757365725461736B3E0A202020203C73657175656E6365466C6F772069643D22666C6F77342220736F757263655265663D22757365727461736B3322207461726765745265663D22757365727461736B34223E3C2F73657175656E6365466C6F773E0A202020203C757365725461736B2069643D22757365727461736B3522206E616D653D22E5A484E79086E4BABA35222061637469766974693A61737369676E65653D22237B417373357D223E3C2F757365725461736B3E0A202020203C73657175656E6365466C6F772069643D22666C6F77352220736F757263655265663D22757365727461736B3422207461726765745265663D22757365727461736B35223E3C2F73657175656E6365466C6F773E0A202020203C656E644576656E742069643D22656E646576656E743122206E616D653D22456E64223E3C2F656E644576656E743E0A202020203C73657175656E6365466C6F772069643D22666C6F77362220736F757263655265663D22757365727461736B3522207461726765745265663D22656E646576656E7431223E3C2F73657175656E6365466C6F773E0A20203C2F70726F636573733E0A20203C62706D6E64693A42504D4E4469616772616D2069643D2242504D4E4469616772616D5F68656C6C6F776F7264223E0A202020203C62706D6E64693A42504D4E506C616E652062706D6E456C656D656E743D2268656C6C6F776F7264222069643D2242504D4E506C616E655F68656C6C6F776F7264223E0A2020202020203C62706D6E64693A42504D4E53686170652062706D6E456C656D656E743D2273746172746576656E7431222069643D2242504D4E53686170655F73746172746576656E7431223E0A20202020202020203C6F6D6764633A426F756E6473206865696768743D2233352E30222077696474683D2233352E302220783D223332302E302220793D2237302E30223E3C2F6F6D6764633A426F756E64733E0A2020202020203C2F62706D6E64693A42504D4E53686170653E0A2020202020203C62706D6E64693A42504D4E53686170652062706D6E456C656D656E743D22757365727461736B31222069643D2242504D4E53686170655F757365727461736B31223E0A20202020202020203C6F6D6764633A426F756E6473206865696768743D2235352E30222077696474683D223130352E302220783D223238352E302220793D223135302E30223E3C2F6F6D6764633A426F756E64733E0A2020202020203C2F62706D6E64693A42504D4E53686170653E0A2020202020203C62706D6E64693A42504D4E53686170652062706D6E456C656D656E743D22757365727461736B32222069643D2242504D4E53686170655F757365727461736B32223E0A20202020202020203C6F6D6764633A426F756E6473206865696768743D2235352E30222077696474683D223130352E302220783D223238352E302220793D223235302E30223E3C2F6F6D6764633A426F756E64733E0A2020202020203C2F62706D6E64693A42504D4E53686170653E0A2020202020203C62706D6E64693A42504D4E53686170652062706D6E456C656D656E743D22757365727461736B33222069643D2242504D4E53686170655F757365727461736B33223E0A20202020202020203C6F6D6764633A426F756E6473206865696768743D2235352E30222077696474683D223130352E302220783D223238352E302220793D223336302E30223E3C2F6F6D6764633A426F756E64733E0A2020202020203C2F62706D6E64693A42504D4E53686170653E0A2020202020203C62706D6E64693A42504D4E53686170652062706D6E456C656D656E743D22757365727461736B34222069643D2242504D4E53686170655F757365727461736B34223E0A20202020202020203C6F6D6764633A426F756E6473206865696768743D2235352E30222077696474683D223130352E302220783D223238352E302220793D223436302E30223E3C2F6F6D6764633A426F756E64733E0A2020202020203C2F62706D6E64693A42504D4E53686170653E0A2020202020203C62706D6E64693A42504D4E53686170652062706D6E456C656D656E743D22757365727461736B35222069643D2242504D4E53686170655F757365727461736B35223E0A20202020202020203C6F6D6764633A426F756E6473206865696768743D2235352E30222077696474683D223130352E302220783D223238352E302220793D223536302E30223E3C2F6F6D6764633A426F756E64733E0A2020202020203C2F62706D6E64693A42504D4E53686170653E0A2020202020203C62706D6E64693A42504D4E53686170652062706D6E456C656D656E743D22656E646576656E7431222069643D2242504D4E53686170655F656E646576656E7431223E0A20202020202020203C6F6D6764633A426F756E6473206865696768743D2233352E30222077696474683D2233352E302220783D223638302E302220793D223537302E30223E3C2F6F6D6764633A426F756E64733E0A2020202020203C2F62706D6E64693A42504D4E53686170653E0A2020202020203C62706D6E64693A42504D4E456467652062706D6E456C656D656E743D22666C6F7731222069643D2242504D4E456467655F666C6F7731223E0A20202020202020203C6F6D6764693A776179706F696E7420783D223333372E302220793D223130352E30223E3C2F6F6D6764693A776179706F696E743E0A20202020202020203C6F6D6764693A776179706F696E7420783D223333372E302220793D223135302E30223E3C2F6F6D6764693A776179706F696E743E0A2020202020203C2F62706D6E64693A42504D4E456467653E0A2020202020203C62706D6E64693A42504D4E456467652062706D6E456C656D656E743D22666C6F7732222069643D2242504D4E456467655F666C6F7732223E0A20202020202020203C6F6D6764693A776179706F696E7420783D223333372E302220793D223230352E30223E3C2F6F6D6764693A776179706F696E743E0A20202020202020203C6F6D6764693A776179706F696E7420783D223333372E302220793D223235302E30223E3C2F6F6D6764693A776179706F696E743E0A2020202020203C2F62706D6E64693A42504D4E456467653E0A2020202020203C62706D6E64693A42504D4E456467652062706D6E456C656D656E743D22666C6F7733222069643D2242504D4E456467655F666C6F7733223E0A20202020202020203C6F6D6764693A776179706F696E7420783D223333372E302220793D223330352E30223E3C2F6F6D6764693A776179706F696E743E0A20202020202020203C6F6D6764693A776179706F696E7420783D223333372E302220793D223336302E30223E3C2F6F6D6764693A776179706F696E743E0A2020202020203C2F62706D6E64693A42504D4E456467653E0A2020202020203C62706D6E64693A42504D4E456467652062706D6E456C656D656E743D22666C6F7734222069643D2242504D4E456467655F666C6F7734223E0A20202020202020203C6F6D6764693A776179706F696E7420783D223333372E302220793D223431352E30223E3C2F6F6D6764693A776179706F696E743E0A20202020202020203C6F6D6764693A776179706F696E7420783D223333372E302220793D223436302E30223E3C2F6F6D6764693A776179706F696E743E0A2020202020203C2F62706D6E64693A42504D4E456467653E0A2020202020203C62706D6E64693A42504D4E456467652062706D6E456C656D656E743D22666C6F7735222069643D2242504D4E456467655F666C6F7735223E0A20202020202020203C6F6D6764693A776179706F696E7420783D223333372E302220793D223531352E30223E3C2F6F6D6764693A776179706F696E743E0A20202020202020203C6F6D6764693A776179706F696E7420783D223333372E302220793D223536302E30223E3C2F6F6D6764693A776179706F696E743E0A2020202020203C2F62706D6E64693A42504D4E456467653E0A2020202020203C62706D6E64693A42504D4E456467652062706D6E456C656D656E743D22666C6F7736222069643D2242504D4E456467655F666C6F7736223E0A20202020202020203C6F6D6764693A776179706F696E7420783D223339302E302220793D223538372E30223E3C2F6F6D6764693A776179706F696E743E0A20202020202020203C6F6D6764693A776179706F696E7420783D223638302E302220793D223538372E30223E3C2F6F6D6764693A776179706F696E743E0A2020202020203C2F62706D6E64693A42504D4E456467653E0A202020203C2F62706D6E64693A42504D4E506C616E653E0A20203C2F62706D6E64693A42504D4E4469616772616D3E0A3C2F646566696E6974696F6E733E, '0');
INSERT INTO `act_ge_bytearray` VALUES ('85002', '1', 'MyProcess2.bpmn', '85001', 0x3C3F786D6C2076657273696F6E3D22312E302220656E636F64696E673D225554462D38223F3E0A3C646566696E6974696F6E7320786D6C6E733D22687474703A2F2F7777772E6F6D672E6F72672F737065632F42504D4E2F32303130303532342F4D4F44454C2220786D6C6E733A7873693D22687474703A2F2F7777772E77332E6F72672F323030312F584D4C536368656D612D696E7374616E63652220786D6C6E733A7873643D22687474703A2F2F7777772E77332E6F72672F323030312F584D4C536368656D612220786D6C6E733A61637469766974693D22687474703A2F2F61637469766974692E6F72672F62706D6E2220786D6C6E733A62706D6E64693D22687474703A2F2F7777772E6F6D672E6F72672F737065632F42504D4E2F32303130303532342F44492220786D6C6E733A6F6D6764633D22687474703A2F2F7777772E6F6D672E6F72672F737065632F44442F32303130303532342F44432220786D6C6E733A6F6D6764693D22687474703A2F2F7777772E6F6D672E6F72672F737065632F44442F32303130303532342F44492220747970654C616E67756167653D22687474703A2F2F7777772E77332E6F72672F323030312F584D4C536368656D61222065787072657373696F6E4C616E67756167653D22687474703A2F2F7777772E77332E6F72672F313939392F585061746822207461726765744E616D6573706163653D22687474703A2F2F7777772E61637469766974692E6F72672F74657374223E0A20203C70726F636573732069643D2268656C6C6F776F72643222206E616D653D224D792070726F636573732220697345786563757461626C653D2274727565223E0A202020203C73746172744576656E742069643D2273746172746576656E743122206E616D653D225374617274223E3C2F73746172744576656E743E0A202020203C757365725461736B2069643D22757365727461736B3122206E616D653D2255736572205461736B222061637469766974693A61737369676E65653D22237B417373317D223E3C2F757365725461736B3E0A202020203C73657175656E6365466C6F772069643D22666C6F77312220736F757263655265663D2273746172746576656E743122207461726765745265663D22757365727461736B31223E3C2F73657175656E6365466C6F773E0A202020203C757365725461736B2069643D22757365727461736B3222206E616D653D2255736572205461736B222061637469766974693A61737369676E65653D22237B417373327D223E3C2F757365725461736B3E0A202020203C73657175656E6365466C6F772069643D22666C6F77322220736F757263655265663D22757365727461736B3122207461726765745265663D22757365727461736B32223E0A2020202020203C636F6E646974696F6E45787072657373696F6E207873693A747970653D2274466F726D616C45787072657373696F6E223E3C215B43444154415B247B6D73673D3D27E5AEA1E6A0B8E4B8AD277D5D5D3E3C2F636F6E646974696F6E45787072657373696F6E3E0A202020203C2F73657175656E6365466C6F773E0A202020203C656E644576656E742069643D22656E646576656E743122206E616D653D22456E64223E3C2F656E644576656E743E0A202020203C73657175656E6365466C6F772069643D22666C6F77332220736F757263655265663D22757365727461736B3222207461726765745265663D22656E646576656E7431223E0A2020202020203C636F6E646974696F6E45787072657373696F6E207873693A747970653D2274466F726D616C45787072657373696F6E223E3C215B43444154415B247B6D73673D3D27E69CAAE9809AE8BF87277C7C6D73673D3D27E5B7B2E9809AE8BF87277D5D5D3E3C2F636F6E646974696F6E45787072657373696F6E3E0A202020203C2F73657175656E6365466C6F773E0A202020203C73657175656E6365466C6F772069643D22666C6F77342220736F757263655265663D22757365727461736B3122207461726765745265663D22656E646576656E7431223E0A2020202020203C636F6E646974696F6E45787072657373696F6E207873693A747970653D2274466F726D616C45787072657373696F6E223E3C215B43444154415B247B6D73673D3D27E69CAAE9809AE8BF87277C7C6D73673D3D27E5B7B2E9809AE8BF87277D5D5D3E3C2F636F6E646974696F6E45787072657373696F6E3E0A202020203C2F73657175656E6365466C6F773E0A20203C2F70726F636573733E0A20203C62706D6E64693A42504D4E4469616772616D2069643D2242504D4E4469616772616D5F68656C6C6F776F726432223E0A202020203C62706D6E64693A42504D4E506C616E652062706D6E456C656D656E743D2268656C6C6F776F726432222069643D2242504D4E506C616E655F68656C6C6F776F726432223E0A2020202020203C62706D6E64693A42504D4E53686170652062706D6E456C656D656E743D2273746172746576656E7431222069643D2242504D4E53686170655F73746172746576656E7431223E0A20202020202020203C6F6D6764633A426F756E6473206865696768743D2233352E30222077696474683D2233352E302220783D223437302E302220793D223132302E30223E3C2F6F6D6764633A426F756E64733E0A2020202020203C2F62706D6E64693A42504D4E53686170653E0A2020202020203C62706D6E64693A42504D4E53686170652062706D6E456C656D656E743D22757365727461736B31222069643D2242504D4E53686170655F757365727461736B31223E0A20202020202020203C6F6D6764633A426F756E6473206865696768743D2235352E30222077696474683D223130352E302220783D223433352E302220793D223231302E30223E3C2F6F6D6764633A426F756E64733E0A2020202020203C2F62706D6E64693A42504D4E53686170653E0A2020202020203C62706D6E64693A42504D4E53686170652062706D6E456C656D656E743D22757365727461736B32222069643D2242504D4E53686170655F757365727461736B32223E0A20202020202020203C6F6D6764633A426F756E6473206865696768743D2235352E30222077696474683D223130352E302220783D223433352E302220793D223332302E30223E3C2F6F6D6764633A426F756E64733E0A2020202020203C2F62706D6E64693A42504D4E53686170653E0A2020202020203C62706D6E64693A42504D4E53686170652062706D6E456C656D656E743D22656E646576656E7431222069643D2242504D4E53686170655F656E646576656E7431223E0A20202020202020203C6F6D6764633A426F756E6473206865696768743D2233352E30222077696474683D2233352E302220783D223437302E302220793D223434302E30223E3C2F6F6D6764633A426F756E64733E0A2020202020203C2F62706D6E64693A42504D4E53686170653E0A2020202020203C62706D6E64693A42504D4E456467652062706D6E456C656D656E743D22666C6F7731222069643D2242504D4E456467655F666C6F7731223E0A20202020202020203C6F6D6764693A776179706F696E7420783D223438372E302220793D223135352E30223E3C2F6F6D6764693A776179706F696E743E0A20202020202020203C6F6D6764693A776179706F696E7420783D223438372E302220793D223231302E30223E3C2F6F6D6764693A776179706F696E743E0A2020202020203C2F62706D6E64693A42504D4E456467653E0A2020202020203C62706D6E64693A42504D4E456467652062706D6E456C656D656E743D22666C6F7732222069643D2242504D4E456467655F666C6F7732223E0A20202020202020203C6F6D6764693A776179706F696E7420783D223438372E302220793D223236352E30223E3C2F6F6D6764693A776179706F696E743E0A20202020202020203C6F6D6764693A776179706F696E7420783D223438372E302220793D223332302E30223E3C2F6F6D6764693A776179706F696E743E0A2020202020203C2F62706D6E64693A42504D4E456467653E0A2020202020203C62706D6E64693A42504D4E456467652062706D6E456C656D656E743D22666C6F7733222069643D2242504D4E456467655F666C6F7733223E0A20202020202020203C6F6D6764693A776179706F696E7420783D223438372E302220793D223337352E30223E3C2F6F6D6764693A776179706F696E743E0A20202020202020203C6F6D6764693A776179706F696E7420783D223438372E302220793D223434302E30223E3C2F6F6D6764693A776179706F696E743E0A2020202020203C2F62706D6E64693A42504D4E456467653E0A2020202020203C62706D6E64693A42504D4E456467652062706D6E456C656D656E743D22666C6F7734222069643D2242504D4E456467655F666C6F7734223E0A20202020202020203C6F6D6764693A776179706F696E7420783D223534302E302220793D223233372E30223E3C2F6F6D6764693A776179706F696E743E0A20202020202020203C6F6D6764693A776179706F696E7420783D223638372E302220793D223233372E30223E3C2F6F6D6764693A776179706F696E743E0A20202020202020203C6F6D6764693A776179706F696E7420783D223638372E302220793D223435372E30223E3C2F6F6D6764693A776179706F696E743E0A20202020202020203C6F6D6764693A776179706F696E7420783D223530352E302220793D223435372E30223E3C2F6F6D6764693A776179706F696E743E0A2020202020203C2F62706D6E64693A42504D4E456467653E0A202020203C2F62706D6E64693A42504D4E506C616E653E0A20203C2F62706D6E64693A42504D4E4469616772616D3E0A3C2F646566696E6974696F6E733E, '0');
INSERT INTO `act_ge_bytearray` VALUES ('85003', '1', 'MyProcess2.png', '85001', 0x89504E470D0A1A0A0000000D49484452000004C900000361080200000072DA7BCE00002FA449444154789CECDD7F6CDCF57DF8716B85E1A155F557EB166FDAC675FB03FFB111AB544AF2CFE2308D78D2562CAD222E95524B536850358AA6A9339B42AA952C9AD6CE9A5A946E2D753BB179AA02960A9E57083310A80721841F695D9C14B701EA02A1C792C091D8C9E7FBF1395CCD2581382F7FF8DCC7F778E8A5E862EE2E9FCBE7BDBE3FCF9DE36B4900000020A625EF03000000A0F0B42500000051DA12000080286D0900004094B6040000204A5B02000010A52D01000088D29600000044694B000000A2B42500000051DA12000080286D0900004094B6040000204A5B02000010A52D01000088D29600000044694B000000A2B42500000051DA12000080286D0900004094B6040000204A5B02000010A52D01000088D29600000044694B000000A2B42500000051DA12000080286D0900004094B6040000204A5B02000010A52D01000088D29600000044694B000000A2B42500000051DA12000080286D0900004094B6040000204A5B02000010A52D01000088D29600000044694B000000A2B42500000051DA12000080286D0900004094B6040000204A5B02000010A52D01000088D29600000044694B000000A2B42500000051DA12000080286D0900004094B6040000204A5B02000010A52D01000088D29600000044694B000000A2B42500000051DA12000080286D0900004094B6040000204A5B02000010A52D01000088D29600000044694B000000A2B42500000051DA12000080286D0900004094B6040000204A5B02000010A52D01000088D29600000044694B000000A2B42500000051DA12000080286D0900004094B6040000204A5B02000010A52D01000088D29600000044694B000000A2B42500000051DA12000080286D0900004094B6040000204A5B02000010A52D01000088D29600000044694B000000A2B42500000051DA12000080286D0900004094B6040000204A5B02000010A52D01000088D29600000044694B000000A2B42500000051DA12000080286D0900004094B6040000204A5B02000010A52D01000088D29600000044694B000000A2B42500000051DA12000080286D0900004094B6040000204A5B02000010A52D01000088D29600000044694B000000A2B42500000051DA12000080286D0900004094B6040000204A5B02000010A52D01000088D296000DAD52A90C0F0F6FDDBAB5A7A7A7EB2DDDDDDDE957868686CAE572DE07080030475B0234A83429D3866C6D6D4DAB322DC99D3BEFBC6FD7FDF373F73D235BB6DCD2DBDBDBD6D6B67AF5EAC1C1C1BC0F16006876DA12A0E1ECDBB7AFABAB2B4DCAB4214FCCCCBEF3EC7EF8918D1B3FD9D9D939363696F7810300CD4B5B023496EDDBB7A7A178DFAEFBDFB52A17CE9EC7F7AE5DBB76F3E6CD954A25EF57000034236D09D028D22CECEDEDEDEFEF5F54552E9C2FDF765B5757D7F4F474DE2F0500683ADA12A021A461B97AF5EAA1A1A10B0ECBDAB7C8A6CF33353595F70B02009A8BB6046808BDBDBDF1B0AC7D7F6C9A97BE391600782F694B80FC6DDFBE3DF2ADB067CECE9D77F6F4F4E4FDB2008026A22D0172B66FDFBECECECE250CCBF9B9FEFA4FEDD8B123EF170700340B6D0990B3342CF73CBE77C9DBF2D0F32F5C7659C977C60200EF0D6D0990A7E1E1E19E9E9E250FCBF9B9F1C6CF0C0C0CE4FD120180A6A02D01F2D4D5D5B5D88FB25CD45B97EDEDED79BF4400A029684B80DC94CBE5B6B6B68CC2727E56AD5A353E3E9EF70B0500963F6D09909BC1C1C1BEBEBE4CDBF2D66DDBFAFBFBF37EA100C0F2A72D0172B379F3E61D3B7664DA96F7EDBABFABAB2BEF170A002C7FDA122037DDDDDD77DF3392695B1E3878F0B2CB4A79BF500060F9D39600B9C9E8D34716CE91A3C75A5B5BF37EA100C0F2A72D0172D3DEDE7EE8F917326DCB745A5AFC4F3D009039171C00B9E9E8E87866FF7E6D09002C032E38007293E9875BFAF79600C07B495B02E4A6AFAFEF6BB7DF9E695BEE7EF89155AB56E5FD420180E54F5B02E4666060E0C61B3F93695BA6EDBA71E327F37EA100C0F2A72D0172333535552A95326DCBF5EBD78F8E8EE6FD420180E54F5B02E429D31FE773E4E8B1B6B6B64AA592F7AB0400963F6D0990A74CBF2DF60B5FFC62FAE479BF4400A029684B803C552A9552A994C5A75C1E397AECB2CB4AD3D3D379BF4400A029684B809C0D0D0D5DBB6183372D018042D39600F9FBE835D7ECDC79E71286E533FBF7AF5CB9F2C8D16379BF3200A059684B80FC95CBE555AB562DD50FF579F995C369581E387830EF97050034116D09D010262626D2BC4C83301E961FBDE69ABBEF19C9FB050100CD455B02348A7DFBF6AD5CB972F7C38F44BE15360D54610900BCF7B42540032997CB6BD7AEDDB2E596975F39BCA8AA3C72F4D817BEF8C5F96FACCDFB450000CD485B0234964AA592B6E5E59777A4AD9816E3F984E5D76EBF3DBDFF8D377E262DD2BC0F1F006852DA12A0114D4F4FDF74D34D6D6D6D1FBDE69A341DF73CBEB7AE27D3AFDC71C7BF5FBB61437A9F8D1B3F39353595F72103004D4D5B0234AE4AA5323C3CDCD7D7B772E5CA96B74BBF9286E5D0D050B95CCEFB300100B42540A1A49D99F72100009C85B60428929616FFBB0D003422D7280045A22D0180C6E41A05A048B42500D0985CA3001489B604001A936B148022D196004063728D025024DA1200684CAE51008A445B02008DC9350A4091684B00A031B9460128126D09003426D7280045A22D0180C6E41A05A048B42500D0985CA3001489B604001A936B148022D196004063728D025024DA1200684CAE51008A445B02008DC9350A4091684B00A031B9460128126D09003426D7280045A22D0180C6E41A05A048B42500D0985CA3001489B604001A936B148022D196004063728D025024DA1200684CAE51008A445B02008DC9350A4091684B00A031B9460128126D09003426D7280045A22D0180C6E41A05A048B42500D0985CA3001489B604001A936B148022D196004063728D025024DA1200684CAE51008A445B02008DC9350A4091684B00A031B9460128126D09003426D7280045A22D0180C6E41A05A048B42500D0985CA3001489B604001A936B148022D196004063728D025024DA1200684CAE51008A445B02008DC9350A4091684B00A031B9460128126D09003426D7280045A22D0180C6E41A05A048B42500D0985CA3001489B604001A936B148022D196004063728D02D0E8868686D2A46C6D6DEDECEC4C6FB4B7B7A7BF5E7AE9A5131313791F1A00C069DA12A0D1DD75D75D2D6758B76EDDF0F070DE870600709AB6046874954AE5924B2E591896575C71457B7B7BB95CCEFBD000004ED396000570F3CD375F74D145B5B6BCE1861BFAFBFBF33E2800809FD39600C5B062C58AF9B0DCB06143A954AA542A791F1100C0CF694B806278F0C1072FBEF8E2B42DBBBBBBFD4B4B00A0D1684B80C2B8EAAAABE6DB32EF030100A8A72D010A637A7A3A6D4B1F3D020034206D095024695BE67D08000067E11A05E0DD552A95A1A1A1DEDEDEAEAEAE52A974E6A74D3689F4B5A77F033D3D3D8383833E01050058485B02BC8BD1D1D1B4A9D2B0BCE38E3BEEDBB5EBC0C1832766669A73D2D79EFE0DECDCB973E3C68DE9DF495A98799F1C00A051684B80732A97CB7D7D7DEBD7AF3FF4FCA1133327CCC279F99597D3C24CFF72A6A7A7F33E510040FEB425C0D9A561D9D9D9F9B5DBBF7A62E6B839D7DC7DCFDDAB56AD9A9A9ACAFB74010039D3960067D7D7D7570DCB37CD3BCF7DBBEE5DBBF60FF23E5D0040CEB425C0598C8E8EAE5F7FF5CC6CC59CCF7CF6AFFF6ADBB6CFE77DD200803C694B807A954AA5542A3DFFC2D4CCEC1BE67CE6E8B19FAD5C79850FDE048066A62D01EA0D0E0EF6F5F5CDCCBE5E9B75DD7F729E9FD2B1F0514D35DBB6FD5D7F7F7FDEA70E00C88DB604A8D7D3D3B3F3CEFFFC79585EBDFE2749F2A393C9E44CF2BDE3C993C7933D476707EEBCFF3B2FBCF6E889E47F2BC9A39564F7EBC9BD6F26FFBCFBE9EB377F2AF7CCCB651EDF3BDED9D999F7A9030072A32D01EA757474ECDFFFC4CCECB1F9696969399A24C74E25AFCD26AF9E485E4F92BFFC9B5B5A7EE197575FDDF3C24C72E87872E8CD64AA921C984DBEF5DD27AB6F5D1E6BC2397AEC706B6B6BDEA70E00C88DB604A8D7D6D6F6CAE11766668FCE4F9A8BAF9F4C8E9F9CFB4FB3A7E67EFDF6C87FFFC6EFFEDEDFDEFA85D92439329BBC3693BC3A939493E4DEC79EAAB6E5D1E69CF4B5E77BE200801CB90E00A857EDC323B5497F7B6C3639FC4672E2E4E93B94CBE57FFAD2573EFF8F5F3AF4E274FADB9953C9896A733EF2F893758F6DAAD19600D0CC5C0700D4ABF6E1FFD566AE2D4F262FBF9EFCF468329324278E1FEFB8FCF29696F7B5B4B47EECE31B173E70CFDE27EA1EDB54A32D01A099B90E00A857EDC3D76A33FF3DB187DF485E3C92BCF466B267FF0F57AC58F1BE8B7EF1973EF0C1DEEBDED6968F3DBEB7EEB14D35DA12009A99EB00807AD53E2CD726FDED1BA792572B73EF5BBEFC66B2EBB189DF5F79E5077FF5D73ED0F6FFBEF2CD6FBD9924478F27AF1F9F7BE0EEF1C7EA1EDB54A32D01A099B90E00A89736D2ECECCF6A339F4C695EBE3693FCEC44F2E29199479E9E5AF9E18FACFBA33F7EE978F2D34AF25225397C3C49EB72F7A38FD53DB6A9465B024033731D0050AFAE0FBBD6AD7DEAFB937B9E9E18DF37F1F0DE89879F78F691A70EFECFA3DFFBEED3CF3DB8F7D987F6FEE0E1277E30FEE4B34F4FFEF8B67FB9FDDA0DD7E6DE78DA120078EFB90E00A8576DCB5717CEA73FFDA996F3F0671FFB58DD039B6AB425003433D70100F5AA6D79D82C76B425003433D70100F5E6DAF2E42B66B1A32D01A099B90E00A8576DCB97CD62475B024033731D0050AFDA962F99C58EB6048066E63A00A05EB52D7F6A163BDA12009A99EB00807AD5B69C368B1D6D0900CDCC7500403D6DA92D0180C5721D0050AFDA963F318B1D6D0900CDCC750040BDB4914E9E7CD12C76B425003433D70100F5AA6DF9C212CFE4E7D6ACF9DCE499B72FECA95AEA5C3930B99803C866D2E3E8EAEAAA3F3472522A95BADEB275EBD6D1D1D172B99CF7FF6D01B09C694B807A2D736DF9FC12CFE9B43BE376602607AE5C33B0FB420E209B69F1BE6523999A9A1A7B4BDA96DDDDDD6D6D6D69670E0F0FE77D68002C4FAE0300EA55DBF2D012CFE9B4ABBBFDD0C05B6F41AE1978E8F43D473E71FA4B9BBEF9D69D3FB169EE6E9F1879FB7356DBF2A1DAEDB73DEACC677EEB0F9DBBE7E9FB2CF168CBC69776664F4F4F6767E7C4C444DEC702C072E33A00A05EB52D7FBCC433B975CD9AAD9375B747AE6BD9F48DEA1DBEB1A9E5BA91B7DF6D6453CBA691EA57E6BEE5F52CCF596DCB07DFFEE46F3DCFB99E79E4BAD30FC960B46551ECDBB72FCDCBA1A1A1BC0F048065C5750040BDF7AE2DE7BA71FECDC66F9CBE5BDA840BCC75E0C2079EAB2D173ED57C889EF9CCA7BF52ED4C6DD9F42A954A6F6FEFE0E060DE0702C0F2E13A00A05EB52D7FB4C43379CB9A35B74C9E797BFEB7F31938F2A3EAFB8D83E77CE0DB6772E0C3D5B6AC3E6A2E1AD32F0E6E6AF9F0C0E4D99EB9FA3C23B5876430DAB258D2BCECEAEA1A1F1FCFFB400058265C0700D49B6BCB53534B3DD5EA3B30773B6DC296EB0717DE4867E4FA9635030F9C3C90D6E0FCDD1E18589336E1D4DC57D2B63CDB7356DBF281B9DB231F3FFD3CE98DEAC3CFFECC73CFF3F3C358F2D19685333535D5D1D1914666DE0702C072E03A00A05EB52D9F5BFA990BBFF96F75DD32F9D617D3F0ABFF62ED6ED77F7DEEB707B6AC5970FF85536DCBB1EAEDAF6F3AFD908F6F9A7B97F26CCF5C7B9EF4F9D76CC9E2056ACB22BAE9A69B060606F23E0A009603D70100F5AA6DF943B3D8D19645343131D1D1D191F75100B01CB80E00A8576DCB8366B1A32D0B6AF5EAD5FED5250071AE0300EA55DBF28059EC68CB82F26DB1002C09D70100F5AA6D3969163BDAB2A08687877B7A7AF23E0A000ACF7500403D6DA92D9B8A7F7209C092701D00502F6DA453A79E358B1D6D5950535353A55229EFA300A0F05C0700D4ABB6E50FCC62475B16977307409CBD04A05EB52D27CC62479F14977307409CBD04A05EB52DBF6F163BFAA4B89C3B00E2EC2500F55A5B5BDF78E38953A7BE671635FAA4B89C3B00E2EC2500F54AA5D273CF7DE7D4A9FD6651A34F8ACBB90320CE5E0250AFBBBBFBBF46779C4A9E31E73FDF9FF8B6CFB1282E6D09409CBD04A0DEF6EDDBFBFBFF3CF75A2BD67C7DF0D6BEBEBEBC4F1D17485B0210672F01A8373535D5D1F1A1372A7B4E254F9BF39C9E9EAB868787F33E755C206D09409CBD04E02CB6CED97C2A79CA9CCFFCC7D03FF4F676E77DD2B870DA1280387B09C059542A95AEAE8F8C8FFF5B923C69DE79A6A77775747CA85CDE9DF749E3C2694B00E2EC250067373131D1D979F9C4C47092EC33E79A342CD3081F1BFB6ADEA78B106D09409CBD04E09CC6C7C7D3BCDCBEFD2F92E40973E60C0F7FB1A3A33436F6AF799F28A2B4250071F612807752A954FAFBFBBABAAE1C1CFCDCF4F4BD49B2D794CB0F0C0DFD7D6FEFFA9E9EAEF476DEA78825A02D0188B39700BCBBB1B1B1BEBE3F6D6FFF95165A5ADADADEDFDB7B759A97799F16964C8BB60420CC5E0250243E43922C684B00E2EC250045A201C8827505409CBD04A048340059B0AE0088B39700148906200BD6150071F6128022D10064C1BA0220CE5E0250241A802C585700C4D94B008A44039005EB0A80387B0940916800B2605D0110672F0128120D4016AC2B00E2EC250045A201C8827505409CBD04A048340059B0AE0088B39700148906200BD6150071F6128022D10064C1BA0220CE5E0250241A802C585700C4D94B008A44039005EB0A80387B0940916800B2605D0110672F0128120D4016AC2B00E2EC250045A201C8827505409CBD04A048340059B0AE0088B39700148906200BD6150071F6128022D10064C1BA0220CE5E0250241A802C585700C4D94B008A44039005EB0A80387B0940916800B2605D0110672F0128120D4016AC2B00E2EC250045A201C8827505409CBD04A048340059B0AE0088B39700148906200BD6150071F6128022D10064C1BA0220CE5E0250241A802C585700C4D94B008A44039005EB0A80387B0940916800B2605D0110672F0128120D4016AC2B00E2EC250045A201C8827505409CBD04A048340059B0AE0088B39700148906200BD6150071F6128022D10064C1BA0220CE5E0250241A802C585700C4D94B008A44039005EB0A80387B0940916800B2605D0110672F0128120D4016AC2B00E2EC250045A201C8827505409CBD04A048340059B0AE0088B39700148906200BD6150071F6128022D10064C1BA0220CE5E0250241A802C585700C4D94B001ADDD0D0507AE9DFDADADAD9D999DE686F6F4F7FBDF4D24B272626F23E3496096D09409CBD04A0D1DD75D75D2D6758B76EDDF0F070DE87C632A12D0188B3970034BA4AA572C925972C0CCB2BAEB8A2BDBDBD5C2EE77D682C13DA1280387B094001DC7CF3CD175D7451AD2D6FB8E186FEFEFEBC0F8AE5435B0210672F012886152B56CC87E5860D1B4AA552A552C9FB88583EB4250071F612806278F0C1072FBEF8E2B401BABBBBFD4B4B9696B60420CE5E025018575D75D57C5BE67D202C37DA1280387B0940614C4F4FA70DE0A3475872DA1280387B0940916800B2605D0110672F017877954A656868A8B7B7B7ABABAB542A9DF969934D227DEDE9DF404F4FCFE0E0A04F40594E5AB4250061F6128077313A3A9A36551A9677DC71C77DBB761D3878F0C4CC4C734EFADAD3BF819D3B776EDCB831FD3B490B33EF93C3D2D09600C4D94B00CEA95C2EF7F5F5AD5FBFFED0F3874ECC9C300BE7E5575E4E0B33FDCB999E9ECEFB4411A52D0188B397009C5D1A969D9D9D5FBBFDAB27668E9B73CDDDF7DCBD6AD5AAA9A9A9BC4F1721DA1280387B09C0D9F5F5F555C3F24DF3CE73DFAE7BD7AEFD83BC4F1721DA1280387B09C0598C8E8EAE5F7FF5CC6CC59CCF7CF6AFFF6ADBB6CFE77DD2B870DA1280387B0940BD4AA5522A959E7F616A66F60D733E73F4D8CF56AEBCC2076F1697B60420CE5E02506F7070B0AFAF6F66F6F5DAACEBFE93F3FC948E858F6AAAD9B6EDEFFAFBFBF33E755C206D09409CBD04A05E4F4FCFCE3BFFF3E76179F5FA9F24C98F4E269333C9F78E274F1E4FF61C9D1DB8F3FEEFBCF0DAA32792FFAD248F5692DDAF27F7BE99FCF3EEA7AFDFFCA9DC332F97797CEF78676767DEA78E0BA42D0188B39700D4EBE8E8D8BFFF8999D963F3935E761F4D9263A792D76693574F24AF27C95FFECD2D2DBFF0CBABAFEE79612639743C39F4663255490ECC26DFFAEE93D5B72E8F35E11C3D76B8B5B535EF53C705D29600C4D94B00EAB5B5B5BD72F88599D9A3F3935E76BF7E32397E72EE3FCD9E9AFBF5DB23FFFD1BBFFB7B7F7BEB176693E4C86CF2DA4CF2EA4C524E927B1F7BAADA96479B73F44971397700C4D94B00EA55FBF0486DD2DF1E9B4D0EBF919C3879FA0EE572F99FBEF495CFFFE3970EBD389DFE76E65472A2DA9C8F3CFE64DD639B6AF44971397700C4D94B00EA55FBF0FF6A33D7962793975F4F7E7A3499499213C78F775C7E794BCBFB5A5A5A3FF6F18D0B1FB867EF13758F6DAAD127C5E5DC0110672F01A857EDC3D76A33FF3DB187DF485E3C92BCF466B267FF0F57AC58F1BE8B7EF1973EF0C1DEEBDED6968F3DBEB7EEB14D35FAA4B89C3B00E2EC2500F5AA7D58AE4DFADB374E25AF56E6DEB77CF9CD64D76313BFBFF2CA0FFEEAAF7DA0EDFF7DE59BDF7A33498E1E4F5E3F3EF7C0DDE38FD53DB6A9469F14977307409CBD04A05E7A9D3D3BFBB3DACC5F76A779F9DA4CF2B313C98B47661E797A6AE5873FB2EE8FFEF8A5E3C94F2BC94B95E4F0F124ADCBDD8F3E56F7D8A61A7D525CCE1D0071F612807A757DD8B56EED53DF9FDCF3F4C4F8BE8987F74E3CFCC4B38F3C75F07F1EFDDE779F7EEEC1BDCF3EB4F7070F3FF183F1279F7D7AF2C7B7FDCBEDD76EB836F7C6D3962C967307409CBD04A05EB52D5F5D389FFEF4A75ACEC39F7DEC63750F6CAAD127C5E5DC0110672F01A8576DCBC366B1A34F8ACBB90320CE5E02506FAE2D4FBE62163BFAA4B89C3B00E2EC2500F5AA6DF9B259ECE893E272EE0088B39700D4ABB6E54B66B1A34F8ACBB90320CE5E0250AFDA963F358B1D7D525CCE1D0071F612807AD5B69C368B1D7D525CCE1D0071F612807ADA525B361BE70E80387B0940BD6A5BFEC42C76F44971397700C4D94B00EAA5D7D9274FBE68163BFAA4B89C3B00E2EC2500F5AA6DF9C212CFE4E7D6ACF9DCE499B72FECA95AEA5C3930B99803C866F44971397700C4D94B00EA55DBF2F9259ED36977C6EDC04C0E5CB96660F7851C4036A34F8ACBB90320CE5E0250AFDA968796784EA75DDDED8706DE7A0B72CDC043A7EF39F289D35FDAF4CDB7EEFC894D7377FBC4C8DB9FB3DA960FD56EBFED51673EF35B7FE8DC3D4FDF6789479F14977307409CBD04A05EB52D7FBCC433B975CD9AAD9375B747AE6BD9F48DEA1DBEB1A9E5BA91B7DF6D6453CBA691EA57E6BEE5F52CCF596DCB07DFFEE46F3DCFB99E79E4BAD30FC960F44971397700C4D94B00EABD776D39D78DF36F367EE3F4DDD2265C60AE03173EF05C6DB9F0A9E643F4CC673EFD956A676A4BDECEB90320CE5E0250AFDA963F5AE299BC65CD9A5B26CFBC3DFFDBF90C1CF951F5FDC6C1733EF0ED3339F0E16A5B561F35178DE9170737B57C7860F26CCF5C7D9E91DA4332187D525CCE1D0071F612807A736D796A6AA9A75A7D07E66EA74DD872FDE0C21BE98C5CDFB266E0819307D21A9CBFDB03036BD2269C9AFB4ADA96677BCE6A5B3E30777BE4E3A79F27BD517DF8D99F79EE797E7E184B3EFAA4B89C3B00E2EC2500F5AA6DF9DCD2CF5CF8CD7FABEB96C9B7BE98865FFD176B77BBFEEB73BF3DB065CD82FB2F9C6A5B8E556F7F7DD3E9877C7CD3DCBB94677BE6DAF3A4CFBF664B162F509F14977307409CBD04A05EB52D7F68163BFAA4B89C3B00E2EC2500F5AA6D79D02C76F44971397700C4D94B00EA55DBF28059ECE893E272EE0088B39700D4ABB6E5A459ECE893E272EE0088B39700D4D396DAB2D9387700C4D94B00EAA5D7D9A74E3D6B163BFAA4B89C3B00E2EC2500F5AA6DF903B3D8D127C5E5DC0110672F01A8576DCB09B3D8D127C5E5DC0110672F01A8576DCBEF9BC58E3E292EE70E80387B0940BDD6D6D637DE78E2D4A9EF99458D3E292EE70E80387B0940BD52A9F4DC73DF39756ABF59D4E893E272EE0088B39700D4EBEEEEFEAFD11DA79267CCF9CFF727BEDDD1D191F7A9E302694B00E2EC2500F5B66FDFDEDFFFE7B9D75AB1E6EB83B7F6F5F5E57DEAB840DA1280387B0940BDA9A9A98E8E0FBD51D9732A79DA9CE7F4F45C353C3C9CF7A9E302694B00E2EC250067B175CEE653C953E67CE63F86FEA1B7B73BEF93C685D39600C4D94B00CEA252A974757D647CFCDF92E449F3CE333DBDABA3E343E5F2EEBC4F1A174E5B0210672F0138BB898989CECECB27268693649F39D7A4619946F8D8D857F33E5D84684B00E2EC2500E7343E3E9EE6E5F6ED7F91244F98336778F88B1D1DA5B1B17FCDFB4411A52D0188B39700BC934AA5D2DFDFD7D575E5E0E0E7A6A7EF4D92BDA65C7E6068E8EF7B7BD7F7F474A5B7F33E452C016D09409CBD04E0DD8D8D8DF5F5FD697BFBAFB4D0D2D2D6F6FEDEDEABD3BCCCFBB4B0645AB4250061F6128022F1199264415B0210672F0128120D4016AC2B00E2EC250045A201C8827505409CBD04A048340059B0AE0088B39700148906200BD6150071F6128022D10064C1BA0220CE5E0250241A802C585700C4D94B008A44039005EB0A80387B0940916800B2605D0110672F0128120D4016AC2B00E2EC250045A201C8827505409CBD04A048340059B0AE0088B39700148906200BD6150071F6128022D10064C1BA0220CE5E0250241A802C585700C4D94B008A44039005EB0A80387B0940916800B2605D0110672F0128120D4016AC2B00E2EC250045A201C8827505409CBD04A048340059B0AE0088B39700148906200BD6150071F6128022D10064C1BA0220CE5E0250241A802C585700C4D94B008A44039005EB0A80387B0940916800B2605D0110672F0128120D4016AC2B00E2EC250045A201C8827505409CBD04A048340059B0AE0088B39700148906200BD6150071F6128022D10064C1BA0220CE5E0250241A802C585700C4D94B008A44039005EB0A80387B0940916800B2605D0110672F0128120D4016AC2B00E2EC250045A201C8827505409CBD04A048340059B0AE0088B39700148906200BD6150071F6128022D10064C1BA0220CE5E0250241A802C585700C4D94B008A44039005EB0A80387B0940916800B2605D0110672F0128120D4016AC2B00E2EC250045A201C8827505409CBD04A048340059B0AE0088B39700148906200BD6150071F6128022D10064C1BA0220CE5E0250241A802C585700C4D94B008A44039005EB0A80387B0940916800B2605D0110672F0128120D4016AC2B00E2EC250045A201C8827505409CBD04A048340059B0AE0088B39700148906200BD6150071F6128022D10064C1BA0220CE5E0250241A802C585700C4D94B008A44039005EB0A80387B0940A31B1A1A4A2FFD5B5B5B3B3B3BD31BEDEDEDE9AF975E7AE9C4C444DE87C632A12D0188B3970034BABBEEBAABE50CEBD6AD1B1E1ECEFBD05826B4250071F612804657A9542EB9E492856179C51557B4B7B797CBE5BC0F8D65425B0210672F0128809B6FBEF9A28B2EAAB5E50D37DCD0DFDF9FF741B17C684B00E2EC2500C5B062C58AF9B0DCB06143A954AA542A791F11CB87B60420CE5E02500C0F3EF8E0C5175F9C36407777B77F69C9D2D29600C4D94B000AE3AAABAE9A6FCBBC0F84E5465B0210672F01288CE9E9E9B4017CF4084B4E5B0210672F0128120D4016AC2B00E2EC25000DAD52A90C0F0F6FDDBAB5A7A7A7EB2DDDDDDDE957060707A7A7A7F33E4096036D09409CBD04A041A54999F664CBBBE9ECECDCB163871F1B4B84B60420CE5E02D070C6C6C656AF5EFDAE55B950A954F2C363B960DA1280387B094003A9542A7D7D7D67BE33F9D9CFFEF5CE9D77DEB7EBFEDA6CD972CBFAF5EBEBEED9D3D3532E97F37E11148FB60420CE5E02D028A6A7A7EBDEAEBCF1C6CF1C3878F0C4CCECB9E6E5570E7FF9B6DBDADBDB17BE81B96FDFBEBC5F0A45922EBC7409E57D1400149EB60468085353536916D612B1BBBBFB9DABB2AE30B76CB9A5F6D8D6D6D6F1F1F1BC5F108531BFF6F23E0A000A4F5B02E4AF52A92C7CC7F2D66DDBCEB32A17CE1D77FC7B5A95B5772FFD0859CED3E8E868777777DE470140E1694B80FCF5F6F6D6C272E7CE3B2F202CE767CFE37BDBDADAE69FA7ABAB2BEF9745316CADCAFB2800283C6D0990B3E1E1E1E03B960BE7EE7B466ACF36303090F78BA300BABBBB474747F33E0A000A4F5B02E4ACB3B3B3F66F2C8361393FB57F7BD9DEDEEE732F7967D3D3D3A552C93A01204E5B02E4696868A8F603780E3DFFC292B4E591A3C76A3F39F6A69B6ECAFB25D2D00606062C12009684B604C853575757EDE34696242CE7E76BB7DF3EFFB46D6D6D79BF441A57A552F1639F00582ADA122037E572B9F66F2397EA4DCBDA5C76D9E94F34191B1BCBFB85D2A0FAFAFA060707F33E0A0096096D09909BF4B2BEF6335D97362CD3B9FEFA4FCD3F797F7FFF59FFF4A1A1A1A9A9A9F7F615D340060606366FDE9CF75100B07C684B80DCA457F64BF5E361CF9CFB76DD3FFFE4AB57AF5EF88796CBE5EBAEBB6EFE3FFDFAAFFFBABC6C42954AA5AFAF4F5802B0B4B425406EBABBBBE71BEFEE7B4696BC2D0F1C3C38FFE4A552A9F627EED8B1A3B5B5B5F6D383DADBDBFD5BBBA6522E97070606D225E15B61015872DA122037B54F1FD9F3F8DE256FCB746AFF9833FDB32626267EE7777EA76581D5AB572FCC4E96B1B1B1B1EDDBB7F7F4F4A467FCA69B6EF2FF5000200BDA122037B54F0A3970F060166D597BFEDA4FA3A539A50BA0BFBF7F7878B85C2EE7BDEA0158B6B425406E3A3A3AE62FFD9FD9BF3F8BB6AC7DFB6BFA674D4D4DFDE11FFEE16FFDD66FD57AE3FDEF7F7F676767DE7F0700C032A12D0172537B3BF1BE5DF72F7958BEFCCAE1F9275FF81197A3A3A3975D76D96FFEE66FCEFFA74B2EB9A452A9E4F83700002C1BDA1220377D7D7DF38DF7E5DB6E5BF2B67C66FFFEF927AF7B73328DC9AD5BB7FEF66FFF76FAF5F4D77DFBF6E5F5F20180E5445B02E466FBF6EDF3F9B771E32797BC2D6FDDB66DFEC97B7B7BCFFCA3A7A6A6060707878787DFFB570D002C4BDA122037131313B56F5B3D72F4D8D2B6E5DAB56BE79FDCA74D0000EF016D0990A752A9345F803B77DEB9846159FB70CB941F0D0A00BC07B425409EFAFBFBE70B70E5CA954BF8D6E547AFB966FE697B7A7AF27E89004053D09600792A97CBB54FA1BC75DBB62509CBDD0F3F527BD3D28FEA0100DE1BDA122067030303F31DD8DADA1AFF309203070FD66275F3E6CD79BF3800A059684B80FCAD5EBD7ABE06D32C4CE3F082C3F2C8D1632B57AEAC3DD5F4F474DEAF0C006816DA12207F5353536D6D6DB526DCF3F8DE0B08CB43CFBF500BCBD6D6D6B1B1B1BC5F1600D044B42540434853B0F68F24D332FCF26DB72DF6DF58D6BE153635303090F70B02009A8BB6046814C3C3C3B5772FE77F72ECDDF78C9CCFDB95D76ED8D0B280B00400DE7BDA12A0814C4C4C7474742C0CC5B430B76CB9E599FDFBCF4CCA2FDF76DBFAF5EB17DE394D53DF0A0B00E4425B02349672B9BC75EBD6D6D6D696B359B56AD5B9FE536F6FAF1FDE0300E4455B0234A2B412FBFAFACEDA9067EAEAEA1A1F1FCFFB900180A6A62D011A57A552191A1A4A23B3B3B3B3AE274BA5524F4FCF8E1D3BBC57090034026D0900004094B6040000204A5B02000010A52D01000088D29600000044694B000000A2B42500000051DA12000080286D0900004094B6040000204A5B02000010A52D01000088D29600000044694B000000A2B42500000051DA12000080286D0900004094B6040000204A5B02000010A52D01000088D29600000044694B000000A2B42500000051DA12000080286D0900004094B6040000204A5B02000010A52D01000088D29600000044694B000000A2B42500000051DA12000080286D0900004094B6040000204A5B02000010A52D01000088D29600000044694B000000A2B42500000051DA12000080286D0900004094B6040000204A5B02000010A52D01000088D29600000044694B000000A2B42500000051DA12000080286D0900004094B6040000204A5B02000010A52D01000088D29600000044694B000000A2B42500000051DA12000080286D0900004094B6040000204A5B02000010A52D01000088D29600000044694B000000A2B42500000051DA12000080286D0900004094B6040000204A5B02000010A52D01000088D29600000044694B000000A2B42500000051DA12000080286D0900004094B6040000204A5B02000010A52D01000088D29600000044694B000000A2B42500000051DA12000080286D0900004094B6040000204A5B02000010A52D01000088D29600000044694B000000A2B42500000051DA12000080286D0900004094B6040000204A5B02000010A52D01000088D29600000044694B000000A2B42500000051DA12000080286D0900004094B6040000204A5B02000010A52D01000088D29600000044694B000000A2B42500000051DA12000080286D0900004094B6040000204A5B02000010A52D01000088D29600000044694B000000A2B42500000051DA12000080286D0900004094B6040000204A5B02000010A52D01000088D29600000044694B000000A2B42500000051DA12000080286D0900004094B6040000204A5B02000010A52D01000088D29600000044694B000000A2B42500000051DA12000080286D0900004094B6040000204A5B02000010A52D01000088D29600000044694B000000A2B42500000051DA12000080286D0900004094B6040000204A5B02000010A52D01000088D29600000044694B000000A2B42500000051DA12000080286D0900004094B6040000204A5B02000010A52D01000088D29600000044694B000000A2B42500000051DA12000080286D0900004094B6040000204A5B02000010A52D01000088D29600000044694B000000A2B42500000051DA12000080286D0900004094B6040000204A5B02000010A52D01000088D29600000044694B000000A2B42500000051DA12000080286D0900004094B6040000204A5B02000010A52D01000088D29600000044694B000000A2B42500000051DA12000080286D0900004094B6040000204A5B02000010A52D01000088D29600000044694B000000A2B42500000051DA12000080286D0900004094B6040000204A5B02000010A52D01000088D29600000044694B000000A2B42500000051DA12000080286D0900004094B6040000204A5B02000010A52D01000088D29600000044694B000000A2B42500000051DA12000080286D0900004094B6040000204A5B02000010A52D01000088D29600000044694B000000A2B42500000051DA12000080286D0900004094B6040000204A5B02000010A52D01000088D29600000044694B000000A2B42500000051DA12000080286D0900004094B6040000204A5B02000010A52D01000088D29600000044694B000000A2B42500000051DA12000080286D0900004094B6040000204A5B02000010A52D01000088D29600000044694B000000A2B42500000051DA12000080286D0900004094B6040000204A5B02000010A52D01000088D29600000044694B000000A2B42500000051DA12000080286D0900004094B6040000204A5B02000010A52D01000088D29600000044694B000000A2B42500000051DA12000080286D0900004094B6040000204A5B02000010A52D01000088D29600000044694B000000A2B42500000051DA12000080286D0900004094B6040000204A5B02000010A52D01000088D29600000044694B000000A2B42500000051DA12000080286D0900004094B6040000204A5B02000010A52D01000088D29600000044694B000000A2B42500000051DA12000080286D0900004094B6040000204A5B02000010A52D01000088D29600000044694B000000A2B42500000051DA12000080286D0900004094B6040000204A5B02000010A52D01000088D29600000044694B000000A2B42500000051DA12000080286D0900004094B6040000204A5B02000010A52D01000088D29600000044694B000000A2B42500000051DA12000080286D0900004094B6040000204A5B02000010A52D01000088D29600000044694B000000A2B42500000051DA12000080286D0900004094B6040000204A5B02000010A52D01000088D29600000044694B000000A2B42500000051DA12000080286D0900004094B6040000204A5B02000010A52D01000088D29600000044694B000000A2B42500000051DA12000080286D0900004094B6040000204A5B02000010A52D01000088D29600000044694B000000A2B42500000051DA12000080286D0900004094B6040000204A5B02000010A52D01000088D29600000044694B000000A2B42500000051DA12000080286D0900004094B6040000204A5B02000010A52D01000088D29600000044694B000000A2B42500000051DA12000080286D0900004094B6040000204A5B02000010A52D01000088D29600000044694B000000A2B42500000051DA12000080286D0900004094B6040000204A5B02000010A52DFF7FFB752C0000000030C8DF7A107BCB220000002EB7040000E0724B0000002EB7040000E0724B0000002EB7040000E0724B0000002EB7040000E0724B0000002EB7040000E0724B0000002EB7040000E0724B0000002EB7040000E0724B0000002EB7040000E0724B0000002EB7040000E0724B0000002EB7040000E0724B0000002EB7040000E0724B0000002EB7040000E0724B0000002EB7040000E0724B0000002EB7040000E0724B0000002EB7040000E0724B0000002EB7040000E0724B0000002EB7040000E0724B000000AE00D10632E48378C71D0000000049454E44AE426082, '0');
INSERT INTO `act_ge_bytearray` VALUES ('90010', '1', 'MyProcess2.bpmn', '90009', 0x3C3F786D6C2076657273696F6E3D22312E302220656E636F64696E673D225554462D38223F3E0A3C646566696E6974696F6E7320786D6C6E733D22687474703A2F2F7777772E6F6D672E6F72672F737065632F42504D4E2F32303130303532342F4D4F44454C2220786D6C6E733A7873693D22687474703A2F2F7777772E77332E6F72672F323030312F584D4C536368656D612D696E7374616E63652220786D6C6E733A7873643D22687474703A2F2F7777772E77332E6F72672F323030312F584D4C536368656D612220786D6C6E733A61637469766974693D22687474703A2F2F61637469766974692E6F72672F62706D6E2220786D6C6E733A62706D6E64693D22687474703A2F2F7777772E6F6D672E6F72672F737065632F42504D4E2F32303130303532342F44492220786D6C6E733A6F6D6764633D22687474703A2F2F7777772E6F6D672E6F72672F737065632F44442F32303130303532342F44432220786D6C6E733A6F6D6764693D22687474703A2F2F7777772E6F6D672E6F72672F737065632F44442F32303130303532342F44492220747970654C616E67756167653D22687474703A2F2F7777772E77332E6F72672F323030312F584D4C536368656D61222065787072657373696F6E4C616E67756167653D22687474703A2F2F7777772E77332E6F72672F313939392F585061746822207461726765744E616D6573706163653D22687474703A2F2F7777772E61637469766974692E6F72672F74657374223E0A20203C70726F636573732069643D2268656C6C6F776F72643322206E616D653D224D792070726F636573732220697345786563757461626C653D2274727565223E0A202020203C73746172744576656E742069643D2273746172746576656E743122206E616D653D225374617274223E3C2F73746172744576656E743E0A202020203C757365725461736B2069643D22757365727461736B3122206E616D653D2255736572205461736B222061637469766974693A61737369676E65653D22237B417373317D223E3C2F757365725461736B3E0A202020203C73657175656E6365466C6F772069643D22666C6F77312220736F757263655265663D2273746172746576656E743122207461726765745265663D22757365727461736B31223E3C2F73657175656E6365466C6F773E0A202020203C757365725461736B2069643D22757365727461736B3222206E616D653D2255736572205461736B222061637469766974693A61737369676E65653D22237B417373327D223E3C2F757365725461736B3E0A202020203C73657175656E6365466C6F772069643D22666C6F77322220736F757263655265663D22757365727461736B3122207461726765745265663D22757365727461736B32223E3C2F73657175656E6365466C6F773E0A202020203C656E644576656E742069643D22656E646576656E743122206E616D653D22456E64223E3C2F656E644576656E743E0A202020203C73657175656E6365466C6F772069643D22666C6F77332220736F757263655265663D22757365727461736B3222207461726765745265663D22656E646576656E7431223E0A2020202020203C636F6E646974696F6E45787072657373696F6E207873693A747970653D2274466F726D616C45787072657373696F6E223E3C215B43444154415B247B6D73673D3D27E69CAAE9809AE8BF87277C7C6D73673D3D27E5B7B2E9809AE8BF87277D5D5D3E3C2F636F6E646974696F6E45787072657373696F6E3E0A202020203C2F73657175656E6365466C6F773E0A20203C2F70726F636573733E0A20203C62706D6E64693A42504D4E4469616772616D2069643D2242504D4E4469616772616D5F68656C6C6F776F726433223E0A202020203C62706D6E64693A42504D4E506C616E652062706D6E456C656D656E743D2268656C6C6F776F726433222069643D2242504D4E506C616E655F68656C6C6F776F726433223E0A2020202020203C62706D6E64693A42504D4E53686170652062706D6E456C656D656E743D2273746172746576656E7431222069643D2242504D4E53686170655F73746172746576656E7431223E0A20202020202020203C6F6D6764633A426F756E6473206865696768743D2233352E30222077696474683D2233352E302220783D223437302E302220793D223132302E30223E3C2F6F6D6764633A426F756E64733E0A2020202020203C2F62706D6E64693A42504D4E53686170653E0A2020202020203C62706D6E64693A42504D4E53686170652062706D6E456C656D656E743D22757365727461736B31222069643D2242504D4E53686170655F757365727461736B31223E0A20202020202020203C6F6D6764633A426F756E6473206865696768743D2235352E30222077696474683D223130352E302220783D223433352E302220793D223231302E30223E3C2F6F6D6764633A426F756E64733E0A2020202020203C2F62706D6E64693A42504D4E53686170653E0A2020202020203C62706D6E64693A42504D4E53686170652062706D6E456C656D656E743D22757365727461736B32222069643D2242504D4E53686170655F757365727461736B32223E0A20202020202020203C6F6D6764633A426F756E6473206865696768743D2235352E30222077696474683D223130352E302220783D223433352E302220793D223332302E30223E3C2F6F6D6764633A426F756E64733E0A2020202020203C2F62706D6E64693A42504D4E53686170653E0A2020202020203C62706D6E64693A42504D4E53686170652062706D6E456C656D656E743D22656E646576656E7431222069643D2242504D4E53686170655F656E646576656E7431223E0A20202020202020203C6F6D6764633A426F756E6473206865696768743D2233352E30222077696474683D2233352E302220783D223437302E302220793D223434302E30223E3C2F6F6D6764633A426F756E64733E0A2020202020203C2F62706D6E64693A42504D4E53686170653E0A2020202020203C62706D6E64693A42504D4E456467652062706D6E456C656D656E743D22666C6F7731222069643D2242504D4E456467655F666C6F7731223E0A20202020202020203C6F6D6764693A776179706F696E7420783D223438372E302220793D223135352E30223E3C2F6F6D6764693A776179706F696E743E0A20202020202020203C6F6D6764693A776179706F696E7420783D223438372E302220793D223231302E30223E3C2F6F6D6764693A776179706F696E743E0A2020202020203C2F62706D6E64693A42504D4E456467653E0A2020202020203C62706D6E64693A42504D4E456467652062706D6E456C656D656E743D22666C6F7732222069643D2242504D4E456467655F666C6F7732223E0A20202020202020203C6F6D6764693A776179706F696E7420783D223438372E302220793D223236352E30223E3C2F6F6D6764693A776179706F696E743E0A20202020202020203C6F6D6764693A776179706F696E7420783D223438372E302220793D223332302E30223E3C2F6F6D6764693A776179706F696E743E0A2020202020203C2F62706D6E64693A42504D4E456467653E0A2020202020203C62706D6E64693A42504D4E456467652062706D6E456C656D656E743D22666C6F7733222069643D2242504D4E456467655F666C6F7733223E0A20202020202020203C6F6D6764693A776179706F696E7420783D223438372E302220793D223337352E30223E3C2F6F6D6764693A776179706F696E743E0A20202020202020203C6F6D6764693A776179706F696E7420783D223438372E302220793D223434302E30223E3C2F6F6D6764693A776179706F696E743E0A2020202020203C2F62706D6E64693A42504D4E456467653E0A202020203C2F62706D6E64693A42504D4E506C616E653E0A20203C2F62706D6E64693A42504D4E4469616772616D3E0A3C2F646566696E6974696F6E733E, '0');
INSERT INTO `act_ge_bytearray` VALUES ('90011', '1', 'MyProcess2.png', '90009', 0x89504E470D0A1A0A0000000D49484452000004C900000361080200000072DA7BCE00002BF449444154789CECDD6F6C5D8579C0616B85E1A14DF5B46EB1F60557FB803F6CC42A95927C591CA4114FDA8AA5558D4BA5D4D2141A548D56D3D4994D21D54A164D6B674D2D4AB796BA9DD83C55014B052F2B841908348310C29FB42E4E8ADB10EA12422F4B422E899D9C1D5F1B634E1C88791DCE3939CFA357D1F5E5DEC339B952F4FE746DDFA604000000629AF23E010000004A4F5B02000010A52D01000088D29600000044694B000000A2B42500000051DA12000080286D0900004094B6040000204A5B02000010A52D01000088D29600000044694B000000A2B42500000051DA12000080286D0900004094B6040000204A5B02000010A52D01000088D29600000044694B000000A2B42500000051DA12000080286D0900004094B6040000204A5B02000010A52D01000088D29600000044694B000000A2B42500000051DA12000080286D0900004094B6040000204A5B02000010A52D01000088D29600000044694B000000A2B42500000051DA12000080286D0900004094B6040000204A5B02000010A52D01000088D29600000044694B000000A2B42500000051DA12000080286D0900004094B6040000204A5B02000010A52D01000088D29600000044694B000000A2B42500000051DA12000080286D0900004094B6040000204A5B02000010A52D01000088D29600000044694B000000A2B42500000051DA12000080286D0900004094B6040000204A5B02000010A52D01000088D29600000044694B000000A2B42500000051DA12000080286D0900004094B6040000204A5B02000010A52D01000088D29600000044694B000000A2B42500000051DA12000080286D0900004094B6040000204A5B02000010A52D01000088D29600000044694B000000A2B42500000051DA12000080286D0900004094B6040000204A5B02000010A52D01000088D29600000044694B000000A2B42500000051DA12000080286D0900004094B6040000204A5B02000010A52D01000088D29600000044694B000000A2B42500000051DA12000080286D0900004094B6040000204A5B02000010A52D01000088D29600000044694B000000A2B42500000051DA12000080286D0900004094B6040000204A5B02000010A52D01000088D29600000044694B000000A2B42500000051DA12000080286D095068F57A7D686868F3E6CDDDDDDD9D6FEAEAEA4AEF191C1CACD56A799F2000C0346D0950506952A60DD9DCDC9C56655A92DBB7DFFDC0CE0767E6DEFB86376DBAADA7A7A7A5A565E5CA95030303799F2C005075DA12A070F6EDDBD7D9D9992665DA90A727A7DE79763DFAD8FAF59FEEE8E8181919C9FBC40180EAD29600C5B275EBD634141FD8F9E0BB56E5FCD9F3E4DED5AB576FDCB8B15EAFE77D05004015694B80A248B3B0A7A7A7AFAF6F5155397FBE76C71D9D9D9D131313795F0A005039DA12A010D2B05CB972E5E0E0E07B0ECBB96F914D8F333E3E9EF7050100D5A22D010AA1A7A7271E9673DF1F9BE6A56F8E0500DE4FDA12207F5BB76E8D7C2BECB9B37DFBDDDDDDDD795F16005021DA122067FBF6EDEBE8E858C2B09C999B6EFACCB66DDBF2BE3800A02AB42540CED2B0DCF3E4DE256FCB432F1EBEEAAA36DF190B00BC3FB425409E868686BABBBB973C2C67E6965B3ED7DFDF9FF725020095A02D01F2D4D9D9B9D88FB25CD45B97ADADAD795F22005009DA122037B55AADA5A5E52285E5CCAC58B162F7EEDD795F280070E9D39600B9191818E8EDEDBDA86D79FB962D7D7D7D795F280070E9D39600B9D9B871E3B66DDB2E6A5B3EB0F3C1CECECEBC2F1400B8F4694B80DC747575DD7BDFF0456DCB03070F5E75555BDE170A005CFAB425406E2ED2A78FCC9F63C74F343737E77DA100C0A54F5B02E4A6B5B5F5D08B872F6A5BA6D3D4E49F7A00E0A2B37000E4A6BDBDFDB9FDFBB525007009B07000E4E6A27EB8A59FB70400DE4FDA122037BDBDBDDFBCF3CE8BDA96BB1E7D6CC58A15795F280070E9D39600B9E9EFEFBFE596CF5DD4B64CDB75FDFA4FE77DA100C0A54F5B02E4667C7CBCADADEDA2B6E5DAB56B77ECD891F7850200973E6D0990A78BFAEB7C8E1D3FD1D2D252AFD7F3BE4A00E0D2A72D01F27451BF2DF6CB5FF94A7AF0BC2F1100A8046D0990A77ABDDED6D676313EE5F2D8F113575DD536313191F725020095A02D0172363838F88975EBBC690900949AB604C8DFC76EB861FBF6BB97302C9FDBBF7FF9F2E5C78E9FC8FBCA0080AAD09600F9ABD56A2B56AC58AA5FEA73E495A369581E387830EFCB02002A445B0214C2E8E8689A976910C6C3F26337DC70EF7DC3795F1000502DDA12A028F6EDDBB77CF9F25D8F3E16F956D83450852500F0FED396000552ABD556AF5EBD69D36D475E39BAA8AA3C76FCC497BFF295996FACCDFB2200802AD29600C552AFD7D3B6BCFAEAF6B415D362BC90B0FCE69D77A68FBFE596CFA5459AF7E9030015A52D018A686262E2F39FFF7C4B4BCBC76EB8214DC73D4FEECDF4647ACF5D77FDFB27D6AD4B1FB37EFDA7C7C7C7F33E6500A0D2B4254071D5EBF5A1A1A1DEDEDEE5CB9737BD5D7A4F1A96838383B55A2DEFD30400D09600A5927666DEA70000B0006D0950264D4DFEDD06008AC88E025026DA120028263B0A4099684B00A098EC280065A22D018062B2A3009489B604008AC98E025026DA120028263B0A4099684B00A098EC280065A22D018062B2A3009489B604008AC98E025026DA120028263B0A4099684B00A098EC280065A22D018062B2A3009489B604008AC98E025026DA120028263B0A4099684B00A098EC280065A22D018062B2A3009489B604008AC98E025026DA120028263B0A4099684B00A098EC280065A22D018062B2A3009489B604008AC98E025026DA120028263B0A4099684B00A098EC280065A22D018062B2A3009489B604008AC98E025026DA120028263B0A4099684B00A098EC280065A22D018062B2A3009489B604008AC98E025026DA120028263B0A4099684B00A098EC280065A22D018062B2A3009489B604008AC98E025026DA120028263B0A4099684B00A098EC280065A22D018062B2A3009489B604008AC98E025026DA120028263B0A4099684B00A098EC280065A22D018062B2A3009489B604008AC98E025026DA120028263B0A4099684B00A098EC280065A22D018062B2A3009489B604008AC98E0250748383836952363737777474A4375A5B5BD33FAFBCF2CAD1D1D1BC4F0D006096B60428BA7BEEB9A7E91C6BD6AC191A1ACAFBD4000066694B80A2ABD7EB575C71C5FCB0BCE69A6B5A5B5B6BB55ADEA70600304B5B0294C0ADB7DE7AD96597CDB5E5CD37DFDCD7D797F7490100BC455B0294C3B265CB66C272DDBA756D6D6DF57A3DEF330200788BB6042887871F7EF8F2CB2F4FDBB2ABABCB4F5A020045A32D014AE3BAEBAE9B69CBBC4F0400204B5B0294C6C4C444DA963E7A040028206D095026695BE67D0A00000BB0A300BCBB7ABD3E3838D8D3D3D3D9D9D9D6D676EEA74D56447AEDE9DF407777F7C0C0804F400100E6D39600EF62C78E1D6953A56179D75D773DB073E78183074F4F4E5673D26B4FFF06B66FDFBE7EFDFAF4EF242DCCBC5F1C00A028B425C079D56AB5DEDEDEB56BD71E7AF1D0E9C9D366FE1C79E5485A98E95FCEC4C444DE2F1400903F6D09B0B0342C3B3A3ABE79E7374E4F9E32E79B7BEFBB77C58A15E3E3E379BF5C0040CEB425C0C27A7B7B1B61F98679E77960E7FDAB57FF61DE2F170090336D09B0801D3B76AC5D7BFDE454DD5CC87CE1AFFF6ACB962FE5FDA2010079D2960059F57ABDADADEDC5C3E3935327CD85CCF113BF5CBEFC1A1FBC090055A62D01B20606067A7B7B27A75E9F9B355D7F72819FD231FF59959A2D5BFEAEAFAF2FEF970E00C88DB604C8EAEEEEDE7EF77FBE1596D7AFFD7992FCF44C323699FCF054F2F4A964CFF1A9FEBB1FFCFEE1D71E3F9DFC6F3D79BC9EEC7A3DB9FF8DE49F773D7BD3C6CFE49E79B9CC937B77777474E4FDD20100B9D1960059EDEDEDFBF73F35397562669A9A9A8E27C989B3C96B53C9ABA793D793E42FFFE6B6A65FF9F595D7771F9E4C0E9D4A0EBD918CD7930353C9777FF074E3ADCB13159CE3278E363737E7FDD20100B9D19600592D2D2DAF1C3D3C39757C66D25C7CFD4C72EACCF47F9A3A3BFDE7F786FFFB777FEFF7FFF6F62F4F25C9B1A9E4B5C9E4D5C9A49624F73FF14CA32D8F5773D26BCFF785030072640F00C86AF4E1B1B949BF3C31951C3D999C3E33FB805AADF64F5FFDFA97FEF1AB875E9A48BF9C3C9B9C6E34E7634F3E9D796EA5465B024095D90300B21A7DF87F7333DD96679223AF27BF389E4C26C9E953A7DAAFBEBAA9E9034D4DCD1FFFE4FAF94FDCB3F7A9CC732B35DA1200AACC1E0090D5E8C3D7E666E67B628F9E4C5E3A96BCFC46B267FF4F962D5BF681CB7EF5D73EF8A19E1BDFD6964F3CB937F3DC4A8DB604802AB307006435FAB03637E99727CF26AFD6A7DFB73CF246B2F389D13F587EED877EFB773ED8F29B5FFFCE77DF4892E3A792D74F4D3F71D7EE2732CFADD4684B00A8327B004056DA485353BF9C9B99644AF3F2B5C9E497A793978E4D3EF6ECF8F28F7C74CD1FFDF1CBA7925FD49397EBC9D153495A97BB1E7F22F3DC4A8DB604802AB307006465FAB073CDEA677E34B6E7D9D1DDFB461FDD3BFAE853CF3FF6CCC1FF79FC873F78F68587F73EFFC8DE1F3FFAD48F773FFDFCB3633FBBE35FEEFCC4BA4FE4DE78DA120078FFD90300B21A6DF9EAFCF9EC673FD37401FEECE31FCF3CB152A32D01A0CAEC0100598DB63C6A163BDA1200AACC1E009035DD96675E318B1D6D090055660F00C86AB4E511B3D8D196005065F60080AC465BBE6C163BDA1200AACC1E0090D568CB5F98C58EB604802AB307006435DA72C22C76B4250054993D00204B5B6A4B0060B1EC0100598DB6FCB959EC684B00A8327B004056DA4867CEBC64163BDA1200AACC1E0090D568CBC34B3C635F5CB5EA8B63E7DE7E6F876ACAB8B67F6C31277071465B024095D90300B21A6DF9E212CF6CDA9D733B3063FDD7AEEADFF55E4EE0E28CB604802AB307006435DAF2D012CF6CDA656E3FD2FFE65B90ABFA1F997DE4F0A766EFDAF09D371FFCA90DD30FFBD4F0DB8FD968CB47E66EBFED59E71EF9CDFFE9F423671FB3C4A32D01A0CAEC0100598DB6FCD912CFD8E655AB368F656E0FDFD8B4E1DB8D077C7B43D38DC36F7FD8F086A60DC38D7BA6BFE575816336DAF2E1B71FFCCDE39CEFC8C337CE3EE5228CB604802AB3070064BD7F6D39DD8D336F367E7BF6616913CE33DD81F39F78BEB69C7FA899103DF7C8B3F7343A535B02004BCD1E0090D568CB9F2EF18CDDB66AD56D63E7DE9EF9722603877FDA78BF71E0BC4F7CFB8CF57FA4D1968D674D47637AE7C086A68FF48F2D74E4C67186E79E7211465B024095D90300B2A6DBF2ECF8524FA3FA0E4CDF4E9BB0E9A681F937D219BEA96955FF43670EA43538F3B087FA57A54D383E7D4FDA960B1DB3D1960F4DDF1EFEE4EC71D21B8DA72F7CE4E9E3BC751A4B3EDA1200AACC1E0090D568CB17967EA6C36FE65B5D378DBD79671A7ED93BE71E76D3B7A6BF3CB069D5BCC7CF9F465B8E346E7F6BC3EC533EB961FA5DCA858E3C779CF4F8AB365D8C0BD496005065F60080AC465BFEC42C76B4250054993D0020ABD19607CD62475B024095D90300B21A6D79C02C76B4250054993D0020ABD1966366B1A32D01A0CAEC010059DA525B02008B650F00C84A1BE9ECD9E7CD62475B024095D90300B21A6DF963B3D8D196005065F60080AC465B8E9AC58EB604802AB307006435DAF24766B1A32D01A0CAEC010059CDCDCD274F3E75F6EC0FCDA2465B024095D90300B2DADADA5E78E1FB67CFEE378B1A6D090055660F00C8EAEAEAFAAF1DDBCE26CF990B9F1F8D7EAFBDBD3DEF970E00C88DB604C8DABA756B5FDF9FE75E6BE59A6F0DDCDEDBDB9BF74B0700E4465B02648D8F8FB7B77FF8647DCFD9E4597381D3DD7DDDD0D050DE2F1D00901B6D09B080CDD3369E4D9E311732FF31F80F3D3D5D79BF6800409EB425C002EAF57A67E74777EFFEB72479DABCF34C4CEC6C6FFF70ADB62BEF170D00C893B60458D8E8E86847C7D5A3A34349B2CF9C6FD2B04C237C64E41B79BF5C0040CEB425C079EDDEBD3BCDCBAD5BFF22499E32E7CED0D057DADBDB4646FE35EF170A00C89FB6047827F57ABDAFAFB7B3F3DA81812F4E4CDC9F247B4DADF6D0E0E0DFF7F4ACEDEEEE4C6FE7FD12010085A02D01DEDDC8C8486FEF9FB6B6FE56134D4D2D2DBFD1D3737D9A9779BF2C004081684B8032F11992004031694B8032696AF2EF3600504476148032D196004031D95100CA445B0200C564470128136D090014931D05A04CB42500504C76148032D196004031D95100CA445B0200C564470128136D090014931D05A04CB42500504C76148032D196004031D95100CA445B0200C564470128136D090014931D05A04CB42500504C76148032D196004031D95100CA445B0200C564470128136D090014931D05A04CB42500504C76148032D196004031D95100CA445B0200C564470128136D090014931D05A04CB42500504C76148032D196004031D95100CA445B0200C564470128136D090014931D05A04CB42500504C76148032D196004031D95100CA445B0200C564470128136D090014931D05A04CB42500504C76148032D196004031D95100CA445B0200C564470128136D090014931D05A04CB42500504C76148032D196004031D95100CA445B0200C564470128136D090014931D05A04CB42500504C76148032D196004031D95100CA445B0200C564470128136D090014931D05A04CB42500504C76148032D196004031D95100CA445B0200C564470128136D090014931D05A04CB42500504C761480A21B1C1C4C93B2B9B9B9A3A323BDD1DADA9AFE79E595578E8E8EE67D6A0000B3B42540D1DD73CF3D4DE758B366CDD0D050DEA70600304B5B02145DBD5EBFE28A2BE687E535D75CD3DADA5AABD5F23E35008059DA12A0046EBDF5D6CB2EBB6CAE2D6FBEF9E6BEBEBEBC4F0A00E02DDA12A01C962D5B361396EBD6AD6B6B6BABD7EB799F1100C05BB42540393CFCF0C3975F7E79DA965D5D5D7ED21200281A6D09501AD75D77DD4C5BE67D22000059DA12A034262626D2B6F4D123004001694B803249DB32EF53000058801D05E0DDD5EBF5C1C1C19E9E9ECECECEB6B6B6733F6DB222D26B4FFF06BABBBB0706067C020A00309FB60478173B76EC489B2A0DCBBBEEBAEB819D3B0F1C3C787A72B29A935E7BFA37B07DFBF6F5EBD7A77F276961E6FDE2000045A12D01CEAB56ABF5F6F6AE5DBBF6D08B874E4F9E36F3E7C82B47D2C24CFF72262626F27EA10080FC694B8085A561D9D1D1F1CD3BBF717AF29439DFDC7BDFBD2B56AC181F1FCFFBE5020072A62D0116D6DBDBDB08CB37CC3BCF033BEF5FBDFA0FF37EB900809C694B8005ECD8B163EDDAEB27A7EAE642E60B7FFD575BB67C29EF170D00C893B604C8AAD7EB6D6D6D2F1E1E9F9C3A692E648E9FF8E5F2E5D7F8E04D00A8326D0990353030D0DBDB3B39F5FADCACE9FA930BFC948EF9CFAAD46CD9F2777D7D7D79BF7400406EB42540567777F7F6BBFFF3ADB0BC7EEDCF93E4A76792B1C9E487A792A74F257B8E4FF5DFFDE0F70FBFF6F8E9E47FEBC9E3F564D7EBC9FD6F24FFBCEBD99B367E26F7CCCB659EDCBBBBA3A323EF970E00C88DB604C86A6F6FDFBFFFA9C9A91333D3D4D4743C494E9C4D5E9B4A5E3D9DBC9E247FF937B735FDCAAFAFBCBEFBF06472E85472E88D64BC9E1C984ABEFB83A71B6F5D9EA8E01C3F71B4B9B939EF970E00C88DB604C86A696979E5E8E1C9A9E33393E6E2EB67925367A6FFD3D4D9E93FBF37FCDFBFFB7BBFFFB7B77F792A498E4D25AF4D26AF4E26B524B9FF89671A6D79BC9A935E7BBE2F1C0090237B004056A30F8FCD4DFAE589A9E4E8C9E4F499D907D46AB57FFAEAD7BFF48F5F3DF4D244FAE5E4D9E474A3391F7BF2E9CC732B35DA1200AACC1E0090D5E8C3FF9B9BE9B63C931C793DF9C5F16432494E9F3AD57EF5D54D4D1F686A6AFEF827D7CF7FE29EBD4F659E5BA9D196005065F60080AC461FBE363733DF137BF464F2D2B1E4E537923DFB7FB26CD9B20F5CF6ABBFF6C10FF5DCF8B6B67CE2C9BD99E7566AB4250054993D0020ABD187B5B949BF3C793679B53EFDBEE59137929D4F8CFEC1F26B3FF4DBBFF3C196DFFCFA77BEFB46921C3F95BC7E6AFA89BB763F91796EA5465B024095D90300B2D2469A9AFAE5DCCC24539A97AF4D26BF3C9DBC746CF2B167C7977FE4A36BFEE88F5F3E95FCA29EBC5C4F8E9E4AD2BADCF5F81399E7566AB4250054993D00202BD3879D6B563FF3A3B13DCF8EEEDE37FAE8DED1479F7AFEB1670EFECFE33FFCC1B32F3CBCF7F947F6FEF8D1A77EBCFBE9E79F1DFBD91DFF72E727D67D22F7C6D39600C0FBCF1E0090D568CB57E7CF673FFB99A60BF0671FFF78E689951A6D090055660F00C86AB4E551B3D8D196005065F60080ACE9B63CF38A59EC684B00A8327B004056A32D8F98C58EB604802AB307006435DAF265B3D8D196005065F60080AC465BFEC22C76B4250054993D0020ABD1961366B1A32D01A0CAEC010059DA525B02008B650F00C86AB4E5CFCD62475B024095D90300B2D2463A73E625B3D8D196005065F60080AC465B1E5EE219FBE2AA555F1C3BF7F67B3B5453C6B5FD638B39818B33DA1200AACC1E0090D568CB17977866D3EE9CDB8119EBBF7655FFAEF772021767B4250054993D0020ABD19687967866D32E73FB91FE37DF825CD5FFC8EC23873F357BD786EFBCF9E04F6D987ED8A786DF7ECC465B3E3277FB6DCF3AF7C86FFE4FA71F39FB98251E6D090055660F00C86AB4E5CF9678C636AF5AB5792C737BF8C6A60DDF6E3CE0DB1B9A6E1C7EFBC38637346D186EDC33FD2DAF0B1CB3D1960FBFFDE06F1EE77C471EBE71F6291761B4250054993D0020EBFD6BCBE96E9C79B3F1DBB30F4B9B709EE90E9CFFC4F3B5E5FC43CD84E8B9479EBDA7D199DA1200586AF60080AC465BFE748967ECB655AB6E1B3BF7F6CC97331938FCD3C6FB8D03E77DE2DB67ACFF238DB66C3C6B3A1AD33B0736347DA47F6CA123378E333CF7948B30DA1200AACC1E009035DD9667C7977A1AD57760FA76DA844D370DCCBF91CEF04D4DABFA1F3A7320ADC199873DD4BF2A6DC2F1E97BD2B65CE8988DB67C68FAF6F027678F93DE683C7DE1234F1FE7ADD358F2D196005065F60080AC465BBEB0F4331D7E33DFEABA69ECCD3BD3F0CBDE39F7B09BBE35FDE5814DABE63D7EFE34DA72A471FB5B1B669FF2C90DD3EF522E74E4B9E3A4C75FB5E9625CA0B604802AB307006435DAF22766B1A32D01A0CAEC0100598DB63C68163BDA1200AACC1E0090D568CB0366B1A32D01A0CAEC0100598DB61C338B1D6D090055660F00C8D296DA1200582C7B004056DA4867CF3E6F163BDA1200AACC1E0090D568CB1F9BC58EB604802AB307006435DA72D42C76B4250054993D0020ABD1963F328B1D6D090055660F00C86A6E6E3E79F2A9B3677F681635DA1200AACC1E0090D5D6D6F6C20BDF3F7B76BF59D4684B00A8327B0040565757D77FEDD8763679CE5CF8FC68F47BEDEDED79BF7400406EB42540D6D6AD5BFBFAFE3CF75A2BD77C6BE0F6DEDEDEBC5F3A002037DA12206B7C7CBCBDFDC327EB7BCE26CF9A0B9CEEEEEB868686F27EE90080DC684B80056C9EB6F16CF28CB990F98FC17FE8E9E9CAFB450300F2A42D011650AFD73B3B3FBA7BF7BF25C9D3E69D676262677BFB876BB55D79BF6800409EB425C0C24647473B3AAE1E1D1D4A927DE67C9386651AE12323DFC8FBE5020072A62D01CE6BF7EEDD695E6EDDFA1749F29439778686BED2DEDE3632F2AF79BF500040FEB425C03BA9D7EB7D7DBD9D9DD70E0C7C7162E2FE24D96B6AB5870607FFBEA7676D7777677A3BEF97080028046D09F0EE4646467A7BFFB4B5F5B79A686A6A69F98D9E9EEBD3BCCCFB6501000A445B029489CF9004008A495B02944953937FB7018022B2A3009489B604008AC98E025026DA120028263B0A4099684B00A098EC280065A22D018062B2A3009489B604008AC98E025026DA120028263B0A4099684B00A098EC280065A22D018062B2A3009489B604008AC98E025026DA120028263B0A4099684B00A098EC280065A22D018062B2A3009489B604008AC98E025026DA120028263B0A4099684B00A098EC280065A22D018062B2A3009489B604008AC98E025026DA120028263B0A4099684B00A098EC280065A22D018062B2A3009489B604008AC98E025026DA120028263B0A4099684B00A098EC280065A22D018062B2A3009489B604008AC98E025026DA120028263B0A4099684B00A098EC280065A22D018062B2A3009489B604008AC98E025026DA120028263B0A4099684B00A098EC280065A22D018062B2A3009489B604008AC98E025026DA120028263B0A4099684B00A098EC280065A22D018062B2A3009489B604008AC98E025026DA120028263B0A4099684B00A098EC280065A22D018062B2A3009489B604008AC98E025026DA120028263B0A4099684B00A098EC280065A22D018062B2A3009489B604008AC98E025026DA120028263B0A4099684B00A098EC280065A22D018062B2A3009489B604008AC98E025026DA120028263B0A4099684B00A098EC280065A22D018062B2A3009489B604008AC98E025026DA120028263B0A40D10D0E0EA649D9DCDCDCD1D191DE686D6D4DFFBCF2CA2B474747F33E35008059DA12A0E8EEB9E79EA673AC59B366686828EF53030098A52D018AAE5EAF5F71C515F3C3F29A6BAE696D6DADD56A799F1A00C02C6D095002B7DE7AEB65975D36D79637DF7C735F5F5FDE270500F0166D09500ECB962D9B09CB75EBD6B5B5B5D5EBF5BCCF0800E02DDA12A01C1E7EF8E1CB2FBF3C6DCBAEAE2E3F690900148DB604288DEBAEBB6EA62DF33E1100802C6D09501A131313695BFAE81100A080B4254099A46D99F72900002CC08E025068F57A7D686868F3E6CDDDDDDD9D6FEAEAEA4AEF191818989898C8FB040100A6694B80824A9332EDC9A677D3D1D1B16DDB36BF361600C897B604289C919191952B57BE6B55CED7D6D6E697C7020039D296000552AFD77B7B7BCF7D67F20B5FF8EBEDDBEF7E60E78373B369D36D6BD7AECD3CB2BBBBBB56ABE57D11004015694B80A2989898C8BC5D79CB2D9F3B70F0E0E9C9A9F3CD91578E7EED8E3B5A5B5BE7BF81B96FDFBEBC2F0500A81C6D095008E3E3E36916CE25625757D73B5765A630376DBA6DEEB9CDCDCDBB77EFCEFB8200806AD19600F9ABD7EBF3DFB1BC7DCB960BACCAF973D75DFF9E56E5DCBB977E852C00F07ED29600F9EBE9E9990BCBEDDBEF7E0F6139337B9EDCDBD2D232739CCECECEBC2F0B00A8106D0990B3A1A1A1E03B96F3E7DEFB86E78ED6DFDF9FF7C5010055A12D0172D6D1D131F73396C1B09C99B99FBD6C6D6DF5B99700C0FB435B02E469707070EE17F01C7AF1F092B4E5B1E327E67E73ECE73FFFF9BC2F1100A8046D0990A7CECECEB98F1B5992B09C996FDE79E7CC615B5A5AF2BE4400A012B425406E6AB5DADCCF462ED59B967373D555B39F6832323292F7850200973E6D09909B818181B9DFE9BAB46199CE4D377D66E6E07D7D7D795F280070E9D39600B9D9B871E352FD7AD873E7819D0FCE1C7CE5CA95795F280070E9D39600B9E9EAEA9AC9BF7BEF1B5EF2B63C70F0E0CCC1DBDADAF2BE5000E0D2A72D017233F7E9237B9EDCBBE46D99CEDC0F73E67DA100C0A5CFC201909BB94F0A3970F0E0C568CBB9E3E77DA100C0A5CFC201909BF6F6F699F67B6EFFFE8BD196CDCDCDDA1200787F5838007233F7E1960FEC7C70C9C3F2C82B477DC42500F0BED19600B9E9EDED9DC9BFAFDD71C792B7E573FBF7CF1CBCA3A323EF0B05002E7DDA1220375BB76E9DC9BFF5EB3FBDE46D79FB962D3307EFE9E9C9FB4201804B9FB604C8CDE8E8E8DCB7AD1E3B7E6269DB72F5EAD533071F1818C8FB4201804B9FB604C8535B5BDB4C016EDF7EF71286E5DC875BA66AB55ADE5709005CFAB425409EFAFAFA660A70F9F2E54BF8D6E5C76EB861E6B0DDDDDD795F22005009DA12204FB55A6DEE53286FDFB26549C272D7A38FCDBD69B96FDFBEBC2F1100A8046D0990B3FEFEFE990E6C6E6E8E7F18C9818307E76275E3C68D795F1C005015DA12207F2B57AE9CA9C1340BD3387CCF6179ECF889E5CB97CF1D6A626222EF2B0300AA425B02E46F7C7CBCA5A565AE09F73CB9F73D84E5A1170FCF85657373F3C8C848DE9705005488B60428843405E77E48322DC3AFDD71C7627FC672EE5B6153FDFDFD795F1000502DDA12A028868686E6DEBD9CF9CDB1F7DE377C216F577E62DDBAA679842500F0FED3960005323A3ADADEDE3E3F14D3C2DCB4E9B6E7F6EF3F3729BF76C71D6BD7AE9DFFE0344D7D2B2C00900B6D09502CB55A6DF3E6CDCDCDCD4D0B59B162C5F9FE534F4F8F5FDE0300E4455B0214515A89BDBDBD0B36E4B93A3B3B77EFDE9DF729030095A62D018AAB5EAF0F0E0EA691D9D1D191E9C9B6B6B6EEEEEE6DDBB679AF120028026D0900004094B6040000204A5B02000010A52D01000088D29600000044694B000000A2B42500000051DA12000080286D0900004094B6040000204A5B02000010A52D01000088D29600000044694B000000A2B42500000051DA12000080286D0900004094B6040000204A5B02000010A52D01000088D29600000044694B000000A2B42500000051DA12000080286D0900004094B6040000204A5B02000010A52D01000088D29600000044694B000000A2B42500000051DA12000080286D0900004094B6040000204A5B02000010A52D01000088D29600000044694B000000A2B42500000051DA12000080286D0900004094B6040000204A5B02000010A52D01000088D29600000044694B000000A2B42500000051DA12000080286D0900004094B6040000204A5B02000010A52D01000088D29600000044694B000000A2B42500000051DA12000080286D0900004094B6040000204A5B02000010A52D01000088D29600000044694B000000A2B42500000051DA12000080286D0900004094B6040000204A5B02000010A52D01000088D29600000044694B000000A2B42500000051DA12000080286D0900004094B6040000204A5B02000010A52D01000088D29600000044694B000000A2B42500000051DA12000080286D0900004094B6040000204A5B02000010A52D01000088D29600000044694B000000A2B42500000051DA12000080286D0900004094B6040000204A5B02000010A52D01000088D29600000044694B000000A2B42500000051DA12000080286D0900004094B6040000204A5B02000010A52D01000088D29600000044694B000000A2B42500000051DA12000080286D0900004094B6040000204A5B02000010A52D01000088D29600000044694B000000A2B42500000051DA12000080286D0900004094B6040000204A5B02000010A52D01000088D29600000044694B000000A2B42500000051DA12000080286D0900004094B6040000204A5B02000010A52D01000088D29600000044694B000000A2B42500000051DA12000080286D0900004094B6040000204A5B02000010A52D01000088D29600000044694B000000A2B42500000051DA12000080286D0900004094B6040000204A5B02000010A52D01000088D29600000044694B000000A2B42500000051DA12000080286D0900004094B6040000204A5B02000010A52D01000088D29600000044694B000000A2B42500000051DA12000080286D0900004094B6040000204A5B02000010A52D01000088D29600000044694B000000A2B42500000051DA12000080286D0900004094B6040000204A5B02000010A52D01000088D29600000044694B000000A2B42500000051DA12000080286D0900004094B6040000204A5B02000010A52D01000088D29600000044694B000000A2B42500000051DA12000080286D0900004094B6040000204A5B02000010A52D01000088D29600000044694B000000A2B42500000051DA12000080286D0900004094B6040000204A5B02000010A52D01000088D29600000044694B000000A2B42500000051DA12000080286D0900004094B6040000204A5B02000010A52D01000088D29600000044694B000000A2B42500000051DA12000080286D0900004094B6040000204A5B02000010A52D01000088D29600000044694B000000A2B42500000051DA12000080286D0900004094B6040000204A5B02000010A52D01000088D29600000044694B000000A2B42500000051DA12000080286D0900004094B6040000204A5B02000010A52D01000088D29600000044694B000000A2B42500000051DA12000080286D0900004094B6040000204A5B02000010A52D01000088D29600000044694B000000A2B42500000051DA12000080286D0900004094B6040000204A5B02000010A52D01000088D29600000044694B000000A2B42500000051DA12000080286D0900004094B6040000204A5B02000010A52D01000088D29600000044694B000000A2B42500000051DA12000080286D0900004094B6040000204A5B02000010A52D01000088D29600000044694B000000A2B42500000051DA12000080286D0900004094B6040000204A5B02000010A52D01000088D29600000044694B000000A2B42500000051DA12000080286D0900004094B6040000204A5B02000010A52D01000088D29600000044694B000000A2B42500000051DA12000080286D0900004094B6040000204A5B02000010A52D01000088D29600000044694B000000A2B42500000051DA12000080286D0900004094B6040000204A5B02000010A52D01000088D29600000044694B000000A2B42500000051DA12000080286D0900004094B6040000204A5B02000010A52D01000088D29600000044694B000000A2B42500000051DA12000080286D0900004094B6040000204A5B02000010A52D01000088D29600000044694B000000A2B42500000051DA12000080286D0900004094B6040000204A5B02000010A52D01000088D29600000044694B000000A2B42500000051DA12000080286D0900004094B6040000204A5B02000010A52D01000088D29600000044694B000000A2B42500000051DA12000080286D0900004094B6040000204A5B02000010A52D01000088D29600000044694B000000A2B42500000051DA12000080286D0900004094B6040000204A5B02000010A52D01000088D29600000044694B000000A2B42500000051DA12000080286D0900004094B6040000204A5B02000010A52D01000088D29600000044694B000000A2B42500000051DA12000080286D0900004094B6040000204A5B02000010A52D01000088D29600000044694B000000A2B42500000051DA12000080286D0900004094B6040000204A5B02000010A52D01000088D29600000044694B000000A2B42500000051DA12000080286D0900004094B6040000204A5B02000010A52D01000088D29600000044694B000000A2B42500000051DA12000080286D0900004094B6040000204A5B02000010A52D01000088D29600000044694B000000A2B42500000051DA12000080286D0900004094B6040000204A5B02000010A52D01000088D29600000044694B000000A2B42500000051DA12000080286D0900004094B6FCFFF6EB58000000006090BFF520F696450000005C6E090000C0E5960000005C6E090000C0E5960000005C014FE3CFDA81DFA7630000000049454E44AE426082, '0');

-- ----------------------------
-- Table structure for act_ge_property
-- ----------------------------
DROP TABLE IF EXISTS `act_ge_property`;
CREATE TABLE `act_ge_property` (
  `NAME_` varchar(64) COLLATE utf8_bin NOT NULL,
  `VALUE_` varchar(300) COLLATE utf8_bin DEFAULT NULL,
  `REV_` int(11) DEFAULT NULL,
  PRIMARY KEY (`NAME_`)
) ENGINE=InnoDB DEFAULT CHARSET=utf8 COLLATE=utf8_bin;

-- ----------------------------
-- Records of act_ge_property
-- ----------------------------
INSERT INTO `act_ge_property` VALUES ('next.dbid', '112501', '46');
INSERT INTO `act_ge_property` VALUES ('schema.history', 'create(5.20.0.1)', '1');
INSERT INTO `act_ge_property` VALUES ('schema.version', '5.20.0.1', '1');

-- ----------------------------
-- Table structure for act_hi_actinst
-- ----------------------------
DROP TABLE IF EXISTS `act_hi_actinst`;
CREATE TABLE `act_hi_actinst` (
  `ID_` varchar(64) COLLATE utf8_bin NOT NULL,
  `PROC_DEF_ID_` varchar(64) COLLATE utf8_bin NOT NULL,
  `PROC_INST_ID_` varchar(64) COLLATE utf8_bin NOT NULL,
  `EXECUTION_ID_` varchar(64) COLLATE utf8_bin NOT NULL,
  `ACT_ID_` varchar(255) COLLATE utf8_bin NOT NULL,
  `TASK_ID_` varchar(64) COLLATE utf8_bin DEFAULT NULL,
  `CALL_PROC_INST_ID_` varchar(64) COLLATE utf8_bin DEFAULT NULL,
  `ACT_NAME_` varchar(255) COLLATE utf8_bin DEFAULT NULL,
  `ACT_TYPE_` varchar(255) COLLATE utf8_bin NOT NULL,
  `ASSIGNEE_` varchar(255) COLLATE utf8_bin DEFAULT NULL,
  `START_TIME_` datetime(3) NOT NULL,
  `END_TIME_` datetime(3) DEFAULT NULL,
  `DURATION_` bigint(20) DEFAULT NULL,
  `TENANT_ID_` varchar(255) COLLATE utf8_bin DEFAULT '',
  PRIMARY KEY (`ID_`),
  KEY `ACT_IDX_HI_ACT_INST_START` (`START_TIME_`),
  KEY `ACT_IDX_HI_ACT_INST_END` (`END_TIME_`),
  KEY `ACT_IDX_HI_ACT_INST_PROCINST` (`PROC_INST_ID_`,`ACT_ID_`),
  KEY `ACT_IDX_HI_ACT_INST_EXEC` (`EXECUTION_ID_`,`ACT_ID_`)
) ENGINE=InnoDB DEFAULT CHARSET=utf8 COLLATE=utf8_bin;

-- ----------------------------
-- Records of act_hi_actinst
-- ----------------------------
INSERT INTO `act_hi_actinst` VALUES ('100002', 'helloword3:1:90012', '100001', '100001', 'startevent1', null, null, 'Start', 'startEvent', null, '2018-01-20 17:38:58.561', '2018-01-20 17:38:58.656', '95', '');
INSERT INTO `act_hi_actinst` VALUES ('100006', 'helloword3:1:90012', '100001', '100001', 'usertask1', '100007', null, 'User Task', 'userTask', 'admin', '2018-01-20 17:38:58.657', '2018-01-20 17:38:59.629', '972', '');
INSERT INTO `act_hi_actinst` VALUES ('100009', 'helloword3:1:90012', '100001', '100001', 'usertask2', '100010', null, 'User Task', 'userTask', 'admin', '2018-01-20 17:38:59.629', null, null, '');
INSERT INTO `act_hi_actinst` VALUES ('10005', 'helloword:1:4', '2501', '2501', 'usertask3', '10006', null, '3', 'userTask', 'admin', '2017-12-20 20:34:23.390', '2017-12-20 20:37:18.084', '174694', '');
INSERT INTO `act_hi_actinst` VALUES ('10008', 'helloword:1:4', '2501', '2501', 'usertask4', '10009', null, '4', 'userTask', 'asdasd', '2017-12-20 20:37:18.084', '2017-12-27 11:31:29.281', '572051197', '');
INSERT INTO `act_hi_actinst` VALUES ('10014', 'helloword:1:4', '5001', '5001', 'usertask3', '10015', null, '3', 'userTask', '2501', '2017-12-20 20:40:31.782', null, null, '');
INSERT INTO `act_hi_actinst` VALUES ('102502', 'helloword3:1:90012', '102501', '102501', 'startevent1', null, null, 'Start', 'startEvent', null, '2018-01-20 17:45:51.011', '2018-01-20 17:45:51.089', '78', '');
INSERT INTO `act_hi_actinst` VALUES ('102506', 'helloword3:1:90012', '102501', '102501', 'usertask1', '102507', null, 'User Task', 'userTask', 'admin', '2018-01-20 17:45:51.089', '2018-01-20 17:45:52.035', '946', '');
INSERT INTO `act_hi_actinst` VALUES ('102509', 'helloword3:1:90012', '102501', '102501', 'usertask2', '102510', null, 'User Task', 'userTask', 'admin', '2018-01-20 17:45:52.035', null, null, '');
INSERT INTO `act_hi_actinst` VALUES ('102512', 'helloword3:1:90012', '102511', '102511', 'startevent1', null, null, 'Start', 'startEvent', null, '2018-01-20 17:48:48.866', '2018-01-20 17:48:48.968', '102', '');
INSERT INTO `act_hi_actinst` VALUES ('102516', 'helloword3:1:90012', '102511', '102511', 'usertask1', '102517', null, 'User Task', 'userTask', 'admin', '2018-01-20 17:48:48.968', '2018-01-20 17:48:49.971', '1003', '');
INSERT INTO `act_hi_actinst` VALUES ('102519', 'helloword3:1:90012', '102511', '102511', 'usertask2', '102520', null, 'User Task', 'userTask', 'admin', '2018-01-20 17:48:49.971', '2018-01-20 20:11:55.970', '8585999', '');
INSERT INTO `act_hi_actinst` VALUES ('105004', 'helloword3:1:90012', '102511', '102511', 'endevent1', null, null, 'End', 'endEvent', null, '2018-01-20 20:11:55.994', '2018-01-20 20:11:55.995', '1', '');
INSERT INTO `act_hi_actinst` VALUES ('107502', 'helloword3:1:90012', '107501', '107501', 'startevent1', null, null, 'Start', 'startEvent', null, '2018-01-21 22:25:07.126', '2018-01-21 22:25:08.015', '889', '');
INSERT INTO `act_hi_actinst` VALUES ('107506', 'helloword3:1:90012', '107501', '107501', 'usertask1', '107507', null, 'User Task', 'userTask', 'admin', '2018-01-21 22:25:08.015', '2018-01-21 22:25:11.163', '3148', '');
INSERT INTO `act_hi_actinst` VALUES ('107509', 'helloword3:1:90012', '107501', '107501', 'usertask2', '107510', null, 'User Task', 'userTask', 'admin', '2018-01-21 22:25:11.163', null, null, '');
INSERT INTO `act_hi_actinst` VALUES ('110002', 'helloword3:1:90012', '110001', '110001', 'startevent1', null, null, 'Start', 'startEvent', null, '2018-01-22 10:50:49.648', '2018-01-22 10:50:49.760', '112', '');
INSERT INTO `act_hi_actinst` VALUES ('110006', 'helloword3:1:90012', '110001', '110001', 'usertask1', '110007', null, 'User Task', 'userTask', 'admin', '2018-01-22 10:50:49.761', '2018-01-22 10:50:51.562', '1801', '');
INSERT INTO `act_hi_actinst` VALUES ('110009', 'helloword3:1:90012', '110001', '110001', 'usertask2', '110010', null, 'User Task', 'userTask', 'admin', '2018-01-22 10:50:51.562', null, null, '');
INSERT INTO `act_hi_actinst` VALUES ('12526', 'helloword:1:4', '7501', '7501', 'usertask3', '12527', null, '3', 'userTask', 'houentai', '2017-12-20 20:59:38.727', '2017-12-20 21:00:25.558', '46831', '');
INSERT INTO `act_hi_actinst` VALUES ('12529', 'helloword:1:4', '7501', '7501', 'usertask4', '12530', null, '4', 'userTask', 'ggg', '2017-12-20 21:00:25.558', '2018-01-17 16:36:34.012', '2403368454', '');
INSERT INTO `act_hi_actinst` VALUES ('22502', 'helloword:1:4', '22501', '22501', 'startevent1', null, null, 'Start', 'startEvent', null, '2017-12-24 20:11:06.840', '2017-12-24 20:11:07.120', '280', '');
INSERT INTO `act_hi_actinst` VALUES ('22509', 'helloword:1:4', '22501', '22501', 'usertask1', '22510', null, '1', 'userTask', 'admin', '2017-12-24 20:11:07.121', '2017-12-24 20:11:11.186', '4065', '');
INSERT INTO `act_hi_actinst` VALUES ('22512', 'helloword:1:4', '22501', '22501', 'usertask2', '22513', null, '2', 'userTask', 'admin', '2017-12-24 20:11:11.186', '2018-01-17 16:34:42.660', '2060611474', '');
INSERT INTO `act_hi_actinst` VALUES ('22515', 'helloword:1:4', '22514', '22514', 'startevent1', null, null, 'Start', 'startEvent', null, '2017-12-24 20:21:33.362', '2017-12-24 20:21:33.365', '3', '');
INSERT INTO `act_hi_actinst` VALUES ('22522', 'helloword:1:4', '22514', '22514', 'usertask1', '22523', null, '1', 'userTask', 'admin', '2017-12-24 20:21:33.365', '2017-12-24 20:21:33.618', '253', '');
INSERT INTO `act_hi_actinst` VALUES ('22525', 'helloword:1:4', '22514', '22514', 'usertask2', '22526', null, '2', 'userTask', 'admin', '2017-12-24 20:21:33.618', null, null, '');
INSERT INTO `act_hi_actinst` VALUES ('22528', 'helloword:1:4', '22527', '22527', 'startevent1', null, null, 'Start', 'startEvent', null, '2017-12-24 20:22:30.415', '2017-12-24 20:22:30.417', '2', '');
INSERT INTO `act_hi_actinst` VALUES ('22535', 'helloword:1:4', '22527', '22527', 'usertask1', '22536', null, '1', 'userTask', 'admin', '2017-12-24 20:22:30.417', '2017-12-24 20:22:30.724', '307', '');
INSERT INTO `act_hi_actinst` VALUES ('22538', 'helloword:1:4', '22527', '22527', 'usertask2', '22539', null, '2', 'userTask', 'admin', '2017-12-24 20:22:30.724', null, null, '');
INSERT INTO `act_hi_actinst` VALUES ('25002', 'helloword:1:4', '25001', '25001', 'startevent1', null, null, 'Start', 'startEvent', null, '2017-12-24 20:41:36.013', '2017-12-24 20:41:36.177', '164', '');
INSERT INTO `act_hi_actinst` VALUES ('25009', 'helloword:1:4', '25001', '25001', 'usertask1', '25010', null, '1', 'userTask', 'admin', '2017-12-24 20:41:36.177', '2017-12-24 20:41:37.494', '1317', '');
INSERT INTO `act_hi_actinst` VALUES ('25012', 'helloword:1:4', '25001', '25001', 'usertask2', '25013', null, '2', 'userTask', 'admin', '2017-12-24 20:41:37.494', null, null, '');
INSERT INTO `act_hi_actinst` VALUES ('2502', 'helloword:1:4', '2501', '2501', 'startevent1', null, null, 'Start', 'startEvent', null, '2017-12-17 18:31:16.285', '2017-12-17 18:31:16.330', '45', '');
INSERT INTO `act_hi_actinst` VALUES ('2509', 'helloword:1:4', '2501', '2501', 'usertask1', '2510', null, '1', 'userTask', 'admin', '2017-12-17 18:31:16.331', '2017-12-17 18:31:16.852', '521', '');
INSERT INTO `act_hi_actinst` VALUES ('2512', 'helloword:1:4', '2501', '2501', 'usertask2', '2513', null, '2', 'userTask', 'admin', '2017-12-17 18:31:16.852', '2017-12-20 20:34:23.389', '266586537', '');
INSERT INTO `act_hi_actinst` VALUES ('30002', 'helloword:1:4', '30001', '30001', 'startevent1', null, null, 'Start', 'startEvent', null, '2017-12-26 15:47:43.317', '2017-12-26 15:47:43.881', '564', '');
INSERT INTO `act_hi_actinst` VALUES ('30009', 'helloword:1:4', '30001', '30001', 'usertask1', '30010', null, '1', 'userTask', 'admin', '2017-12-26 15:47:43.882', '2017-12-26 15:47:52.781', '8899', '');
INSERT INTO `act_hi_actinst` VALUES ('30012', 'helloword:1:4', '30001', '30001', 'usertask2', '30013', null, '2', 'userTask', 'admin', '2017-12-26 15:47:52.781', '2018-01-17 16:43:34.006', '1904141225', '');
INSERT INTO `act_hi_actinst` VALUES ('30015', 'helloword:1:4', '30014', '30014', 'startevent1', null, null, 'Start', 'startEvent', null, '2017-12-26 15:50:59.615', '2017-12-26 15:50:59.747', '132', '');
INSERT INTO `act_hi_actinst` VALUES ('30022', 'helloword:1:4', '30014', '30014', 'usertask1', '30023', null, '1', 'userTask', 'admin', '2017-12-26 15:50:59.748', '2017-12-26 15:51:03.843', '4095', '');
INSERT INTO `act_hi_actinst` VALUES ('30025', 'helloword:1:4', '30014', '30014', 'usertask2', '30026', null, '2', 'userTask', 'admin', '2017-12-26 15:51:03.843', null, null, '');
INSERT INTO `act_hi_actinst` VALUES ('30028', 'helloword:1:4', '30027', '30027', 'startevent1', null, null, 'Start', 'startEvent', null, '2017-12-26 15:52:15.715', '2017-12-26 15:52:15.718', '3', '');
INSERT INTO `act_hi_actinst` VALUES ('30035', 'helloword:1:4', '30027', '30027', 'usertask1', '30036', null, '1', 'userTask', 'admin', '2017-12-26 15:52:15.718', '2017-12-26 15:52:15.917', '199', '');
INSERT INTO `act_hi_actinst` VALUES ('30038', 'helloword:1:4', '30027', '30027', 'usertask2', '30039', null, '2', 'userTask', 'admin', '2017-12-26 15:52:15.917', null, null, '');
INSERT INTO `act_hi_actinst` VALUES ('30041', 'helloword:1:4', '30040', '30040', 'startevent1', null, null, 'Start', 'startEvent', null, '2017-12-26 15:58:40.483', '2017-12-26 15:58:40.483', '0', '');
INSERT INTO `act_hi_actinst` VALUES ('30048', 'helloword:1:4', '30040', '30040', 'usertask1', '30049', null, '1', 'userTask', 'admin', '2017-12-26 15:58:40.483', '2017-12-26 15:58:40.952', '469', '');
INSERT INTO `act_hi_actinst` VALUES ('30051', 'helloword:1:4', '30040', '30040', 'usertask2', '30052', null, '2', 'userTask', 'admin', '2017-12-26 15:58:40.952', null, null, '');
INSERT INTO `act_hi_actinst` VALUES ('30054', 'helloword:1:4', '30053', '30053', 'startevent1', null, null, 'Start', 'startEvent', null, '2017-12-26 16:03:05.024', '2017-12-26 16:03:05.039', '15', '');
INSERT INTO `act_hi_actinst` VALUES ('30061', 'helloword:1:4', '30053', '30053', 'usertask1', '30062', null, '1', 'userTask', 'admin', '2017-12-26 16:03:05.039', '2017-12-26 16:03:05.148', '109', '');
INSERT INTO `act_hi_actinst` VALUES ('30064', 'helloword:1:4', '30053', '30053', 'usertask2', '30065', null, '2', 'userTask', 'admin', '2017-12-26 16:03:05.148', null, null, '');
INSERT INTO `act_hi_actinst` VALUES ('30067', 'helloword:1:4', '30066', '30066', 'startevent1', null, null, 'Start', 'startEvent', null, '2017-12-26 16:03:39.096', '2017-12-26 16:03:39.096', '0', '');
INSERT INTO `act_hi_actinst` VALUES ('30074', 'helloword:1:4', '30066', '30066', 'usertask1', '30075', null, '1', 'userTask', 'admin', '2017-12-26 16:03:39.096', '2017-12-26 16:03:39.283', '187', '');
INSERT INTO `act_hi_actinst` VALUES ('30077', 'helloword:1:4', '30066', '30066', 'usertask2', '30078', null, '2', 'userTask', 'admin', '2017-12-26 16:03:39.283', null, null, '');
INSERT INTO `act_hi_actinst` VALUES ('30080', 'helloword:1:4', '30079', '30079', 'startevent1', null, null, 'Start', 'startEvent', null, '2017-12-26 16:08:27.147', '2017-12-26 16:08:27.163', '16', '');
INSERT INTO `act_hi_actinst` VALUES ('30087', 'helloword:1:4', '30079', '30079', 'usertask1', '30088', null, '1', 'userTask', 'admin', '2017-12-26 16:08:27.163', '2017-12-26 16:08:27.319', '156', '');
INSERT INTO `act_hi_actinst` VALUES ('30090', 'helloword:1:4', '30079', '30079', 'usertask2', '30091', null, '2', 'userTask', 'admin', '2017-12-26 16:08:27.319', null, null, '');
INSERT INTO `act_hi_actinst` VALUES ('30093', 'helloword:1:4', '30092', '30092', 'startevent1', null, null, 'Start', 'startEvent', null, '2017-12-26 16:15:34.784', '2017-12-26 16:15:34.784', '0', '');
INSERT INTO `act_hi_actinst` VALUES ('30100', 'helloword:1:4', '30092', '30092', 'usertask1', '30101', null, '1', 'userTask', 'admin', '2017-12-26 16:15:34.784', '2017-12-26 16:15:35.065', '281', '');
INSERT INTO `act_hi_actinst` VALUES ('30103', 'helloword:1:4', '30092', '30092', 'usertask2', '30104', null, '2', 'userTask', 'admin', '2017-12-26 16:15:35.065', null, null, '');
INSERT INTO `act_hi_actinst` VALUES ('30106', 'helloword:1:4', '30105', '30105', 'startevent1', null, null, 'Start', 'startEvent', null, '2017-12-26 16:17:42.768', '2017-12-26 16:17:42.768', '0', '');
INSERT INTO `act_hi_actinst` VALUES ('30113', 'helloword:1:4', '30105', '30105', 'usertask1', '30114', null, '1', 'userTask', 'admin', '2017-12-26 16:17:42.768', '2017-12-26 16:17:42.924', '156', '');
INSERT INTO `act_hi_actinst` VALUES ('30116', 'helloword:1:4', '30105', '30105', 'usertask2', '30117', null, '2', 'userTask', 'admin', '2017-12-26 16:17:42.924', null, null, '');
INSERT INTO `act_hi_actinst` VALUES ('32502', 'helloword:1:4', '32501', '32501', 'startevent1', null, null, 'Start', 'startEvent', null, '2017-12-27 10:53:37.382', '2017-12-27 10:53:37.757', '375', '');
INSERT INTO `act_hi_actinst` VALUES ('32509', 'helloword:1:4', '32501', '32501', 'usertask1', '32510', null, '1', 'userTask', 'admin', '2017-12-27 10:53:37.757', '2017-12-27 10:53:39.676', '1919', '');
INSERT INTO `act_hi_actinst` VALUES ('32512', 'helloword:1:4', '32501', '32501', 'usertask2', '32513', null, '2', 'userTask', 'admin', '2017-12-27 10:53:39.676', null, null, '');
INSERT INTO `act_hi_actinst` VALUES ('32515', 'helloword:1:4', '32514', '32514', 'startevent1', null, null, 'Start', 'startEvent', null, '2017-12-27 10:54:32.298', '2017-12-27 10:54:32.301', '3', '');
INSERT INTO `act_hi_actinst` VALUES ('32522', 'helloword:1:4', '32514', '32514', 'usertask1', '32523', null, '1', 'userTask', 'admin', '2017-12-27 10:54:32.301', '2017-12-27 10:54:32.577', '276', '');
INSERT INTO `act_hi_actinst` VALUES ('32525', 'helloword:1:4', '32514', '32514', 'usertask2', '32526', null, '2', 'userTask', 'admin', '2017-12-27 10:54:32.578', null, null, '');
INSERT INTO `act_hi_actinst` VALUES ('32528', 'helloword:1:4', '32527', '32527', 'startevent1', null, null, 'Start', 'startEvent', null, '2017-12-27 10:55:55.420', '2017-12-27 10:55:55.458', '38', '');
INSERT INTO `act_hi_actinst` VALUES ('32535', 'helloword:1:4', '32527', '32527', 'usertask1', '32536', null, '1', 'userTask', 'admin', '2017-12-27 10:55:55.459', '2017-12-27 10:55:56.216', '757', '');
INSERT INTO `act_hi_actinst` VALUES ('32538', 'helloword:1:4', '32527', '32527', 'usertask2', '32539', null, '2', 'userTask', 'admin', '2017-12-27 10:55:56.216', null, null, '');
INSERT INTO `act_hi_actinst` VALUES ('35003', 'helloword:1:4', '2501', '2501', 'usertask5', '35004', null, '5', 'userTask', 'admin', '2017-12-27 11:31:29.282', '2017-12-27 11:32:04.590', '35308', '');
INSERT INTO `act_hi_actinst` VALUES ('35006', 'helloword:1:4', '2501', '2501', 'endevent1', null, null, 'End', 'endEvent', null, '2017-12-27 11:32:04.591', '2017-12-27 11:32:04.591', '0', '');
INSERT INTO `act_hi_actinst` VALUES ('40002', 'helloword:1:4', '40001', '40001', 'startevent1', null, null, 'Start', 'startEvent', null, '2017-12-28 07:31:04.454', '2017-12-28 07:31:04.523', '69', '');
INSERT INTO `act_hi_actinst` VALUES ('40009', 'helloword:1:4', '40001', '40001', 'usertask1', '40010', null, '1', 'userTask', 'admin', '2017-12-28 07:31:04.523', '2017-12-28 07:31:05.845', '1322', '');
INSERT INTO `act_hi_actinst` VALUES ('40012', 'helloword:1:4', '40001', '40001', 'usertask2', '40013', null, '2', 'userTask', 'admin', '2017-12-28 07:31:05.845', null, null, '');
INSERT INTO `act_hi_actinst` VALUES ('40015', 'helloword:1:4', '40014', '40014', 'startevent1', null, null, 'Start', 'startEvent', null, '2017-12-28 07:32:43.358', '2017-12-28 07:32:43.374', '16', '');
INSERT INTO `act_hi_actinst` VALUES ('40022', 'helloword:1:4', '40014', '40014', 'usertask1', '40023', null, '1', 'userTask', 'admin', '2017-12-28 07:32:43.374', '2017-12-28 07:32:43.638', '264', '');
INSERT INTO `act_hi_actinst` VALUES ('40025', 'helloword:1:4', '40014', '40014', 'usertask2', '40026', null, '2', 'userTask', 'admin', '2017-12-28 07:32:43.638', null, null, '');
INSERT INTO `act_hi_actinst` VALUES ('42502', 'helloword:1:4', '42501', '42501', 'startevent1', null, null, 'Start', 'startEvent', null, '2018-01-15 13:33:47.670', '2018-01-15 13:33:47.718', '48', '');
INSERT INTO `act_hi_actinst` VALUES ('42509', 'helloword:1:4', '42501', '42501', 'usertask1', '42510', null, '1', 'userTask', 'admin', '2018-01-15 13:33:47.718', '2018-01-15 13:33:48.604', '886', '');
INSERT INTO `act_hi_actinst` VALUES ('42512', 'helloword:1:4', '42501', '42501', 'usertask2', '42513', null, '2', 'userTask', 'admin', '2018-01-15 13:33:48.605', null, null, '');
INSERT INTO `act_hi_actinst` VALUES ('45002', 'helloword:1:4', '45001', '45001', 'startevent1', null, null, 'Start', 'startEvent', null, '2018-01-15 14:38:57.936', '2018-01-15 14:38:58.005', '69', '');
INSERT INTO `act_hi_actinst` VALUES ('45009', 'helloword:1:4', '45001', '45001', 'usertask1', '45010', null, '1', 'userTask', 'admin', '2018-01-15 14:38:58.005', '2018-01-15 14:38:59.211', '1206', '');
INSERT INTO `act_hi_actinst` VALUES ('45012', 'helloword:1:4', '45001', '45001', 'usertask2', '45013', null, '2', 'userTask', 'admin', '2018-01-15 14:38:59.211', null, null, '');
INSERT INTO `act_hi_actinst` VALUES ('47502', 'helloword:1:4', '47501', '47501', 'startevent1', null, null, 'Start', 'startEvent', null, '2018-01-15 15:06:41.778', '2018-01-15 15:06:42.052', '274', '');
INSERT INTO `act_hi_actinst` VALUES ('47509', 'helloword:1:4', '47501', '47501', 'usertask1', '47510', null, '1', 'userTask', 'admin', '2018-01-15 15:06:42.052', '2018-01-15 15:06:44.184', '2132', '');
INSERT INTO `act_hi_actinst` VALUES ('47512', 'helloword:1:4', '47501', '47501', 'usertask2', '47513', null, '2', 'userTask', 'admin', '2018-01-15 15:06:44.184', null, null, '');
INSERT INTO `act_hi_actinst` VALUES ('47515', 'helloword:1:4', '47514', '47514', 'startevent1', null, null, 'Start', 'startEvent', null, '2018-01-15 15:10:39.285', '2018-01-15 15:10:39.305', '20', '');
INSERT INTO `act_hi_actinst` VALUES ('47522', 'helloword:1:4', '47514', '47514', 'usertask1', '47523', null, '1', 'userTask', 'admin', '2018-01-15 15:10:39.306', '2018-01-15 15:10:41.977', '2671', '');
INSERT INTO `act_hi_actinst` VALUES ('47525', 'helloword:1:4', '47514', '47514', 'usertask2', '47526', null, '2', 'userTask', 'admin', '2018-01-15 15:10:41.977', null, null, '');
INSERT INTO `act_hi_actinst` VALUES ('50002', 'helloword:1:4', '50001', '50001', 'startevent1', null, null, 'Start', 'startEvent', null, '2018-01-15 15:17:19.449', '2018-01-15 15:17:19.507', '58', '');
INSERT INTO `act_hi_actinst` VALUES ('50009', 'helloword:1:4', '50001', '50001', 'usertask1', '50010', null, '1', 'userTask', 'admin', '2018-01-15 15:17:19.508', '2018-01-15 15:17:20.060', '552', '');
INSERT INTO `act_hi_actinst` VALUES ('50012', 'helloword:1:4', '50001', '50001', 'usertask2', '50013', null, '2', 'userTask', 'admin', '2018-01-15 15:17:20.061', null, null, '');
INSERT INTO `act_hi_actinst` VALUES ('5002', 'helloword:1:4', '5001', '5001', 'startevent1', null, null, 'Start', 'startEvent', null, '2017-12-17 18:36:35.431', '2017-12-17 18:36:35.452', '21', '');
INSERT INTO `act_hi_actinst` VALUES ('5009', 'helloword:1:4', '5001', '5001', 'usertask1', '5010', null, '1', 'userTask', 'admin', '2017-12-17 18:36:35.453', '2017-12-17 18:36:35.870', '417', '');
INSERT INTO `act_hi_actinst` VALUES ('5012', 'helloword:1:4', '5001', '5001', 'usertask2', '5013', null, '2', 'userTask', 'admin', '2017-12-17 18:36:35.870', '2017-12-20 20:40:31.782', '266635912', '');
INSERT INTO `act_hi_actinst` VALUES ('52502', 'helloword:1:4', '52501', '52501', 'startevent1', null, null, 'Start', 'startEvent', null, '2018-01-15 20:00:54.266', '2018-01-15 20:00:55.130', '864', '');
INSERT INTO `act_hi_actinst` VALUES ('52509', 'helloword:1:4', '52501', '52501', 'usertask1', '52510', null, '1', 'userTask', 'admin', '2018-01-15 20:00:55.131', '2018-01-15 20:00:59.689', '4558', '');
INSERT INTO `act_hi_actinst` VALUES ('52512', 'helloword:1:4', '52501', '52501', 'usertask2', '52513', null, '2', 'userTask', 'admin', '2018-01-15 20:00:59.689', '2018-01-20 15:57:01.155', '417361466', '');
INSERT INTO `act_hi_actinst` VALUES ('60002', 'helloword:1:4', '60001', '60001', 'startevent1', null, null, 'Start', 'startEvent', null, '2018-01-17 14:09:24.229', '2018-01-17 14:09:24.319', '90', '');
INSERT INTO `act_hi_actinst` VALUES ('60009', 'helloword:1:4', '60001', '60001', 'usertask1', '60010', null, '1', 'userTask', 'admin', '2018-01-17 14:09:24.320', '2018-01-17 14:09:25.265', '945', '');
INSERT INTO `act_hi_actinst` VALUES ('60012', 'helloword:1:4', '60001', '60001', 'usertask2', '60013', null, '2', 'userTask', 'ltz', '2018-01-17 14:09:25.266', '2018-01-20 15:45:31.197', '264965931', '');
INSERT INTO `act_hi_actinst` VALUES ('65006', 'helloword:1:4', '22501', '22501', 'usertask3', '65007', null, '3', 'userTask', 'admin', '2018-01-17 16:34:42.660', null, null, '');
INSERT INTO `act_hi_actinst` VALUES ('65012', 'helloword:1:4', '7501', '7501', 'usertask5', '65013', null, '5', 'userTask', 'admin', '2018-01-17 16:36:34.012', null, null, '');
INSERT INTO `act_hi_actinst` VALUES ('67505', 'helloword:1:4', '30001', '30001', 'usertask3', '67506', null, '3', 'userTask', 'admin', '2018-01-17 16:43:34.006', null, null, '');
INSERT INTO `act_hi_actinst` VALUES ('70002', 'helloword:1:4', '70001', '70001', 'startevent1', null, null, 'Start', 'startEvent', null, '2018-01-18 10:04:49.446', '2018-01-18 10:04:49.520', '74', '');
INSERT INTO `act_hi_actinst` VALUES ('70009', 'helloword:1:4', '70001', '70001', 'usertask1', '70010', null, '1', 'userTask', 'admin', '2018-01-18 10:04:49.520', '2018-01-18 10:04:50.506', '986', '');
INSERT INTO `act_hi_actinst` VALUES ('70012', 'helloword:1:4', '70001', '70001', 'usertask2', '70013', null, '2', 'userTask', 'admin', '2018-01-18 10:04:50.506', null, null, '');
INSERT INTO `act_hi_actinst` VALUES ('72502', 'helloword:1:4', '72501', '72501', 'startevent1', null, null, 'Start', 'startEvent', null, '2018-01-18 10:40:05.565', '2018-01-18 10:40:05.625', '60', '');
INSERT INTO `act_hi_actinst` VALUES ('72509', 'helloword:1:4', '72501', '72501', 'usertask1', '72510', null, '1', 'userTask', 'admin', '2018-01-18 10:40:05.625', '2018-01-18 10:40:07.265', '1640', '');
INSERT INTO `act_hi_actinst` VALUES ('72512', 'helloword:1:4', '72501', '72501', 'usertask2', '72513', null, '2', 'userTask', 'admin', '2018-01-18 10:40:07.265', '2018-01-20 11:39:09.624', '176342359', '');
INSERT INTO `act_hi_actinst` VALUES ('7502', 'helloword:1:4', '7501', '7501', 'startevent1', null, null, 'Start', 'startEvent', null, '2017-12-17 21:52:26.139', '2017-12-17 21:52:26.412', '273', '');
INSERT INTO `act_hi_actinst` VALUES ('7509', 'helloword:1:4', '7501', '7501', 'usertask1', '7510', null, '1', 'userTask', 'admin', '2017-12-17 21:52:26.413', '2017-12-17 21:52:27.520', '1107', '');
INSERT INTO `act_hi_actinst` VALUES ('7512', 'helloword:1:4', '7501', '7501', 'usertask2', '7513', null, '2', 'userTask', 'houentai', '2017-12-17 21:52:27.520', '2017-12-20 20:59:38.726', '256031206', '');
INSERT INTO `act_hi_actinst` VALUES ('87504', 'helloword:1:4', '72501', '72501', 'usertask3', '87505', null, '3', 'userTask', 'admin', '2018-01-20 11:39:09.625', '2018-01-20 11:39:29.985', '20360', '');
INSERT INTO `act_hi_actinst` VALUES ('87507', 'helloword:1:4', '72501', '72501', 'usertask4', '87508', null, '4', 'userTask', 'admin', '2018-01-20 11:39:29.986', '2018-01-20 11:39:37.924', '7938', '');
INSERT INTO `act_hi_actinst` VALUES ('87510', 'helloword:1:4', '72501', '72501', 'usertask5', '87511', null, '5', 'userTask', 'admin', '2018-01-20 11:39:37.924', null, null, '');
INSERT INTO `act_hi_actinst` VALUES ('90014', 'helloword3:1:90012', '90013', '90013', 'startevent1', null, null, 'Start', 'startEvent', null, '2018-01-20 12:14:56.012', '2018-01-20 12:14:56.015', '3', '');
INSERT INTO `act_hi_actinst` VALUES ('90018', 'helloword3:1:90012', '90013', '90013', 'usertask1', '90019', null, 'User Task', 'userTask', 'admin', '2018-01-20 12:14:56.015', '2018-01-20 12:14:56.170', '155', '');
INSERT INTO `act_hi_actinst` VALUES ('90021', 'helloword3:1:90012', '90013', '90013', 'usertask2', '90022', null, 'User Task', 'userTask', 'admin', '2018-01-20 12:14:56.170', '2018-01-20 12:21:00.686', '364516', '');
INSERT INTO `act_hi_actinst` VALUES ('92505', 'helloword3:1:90012', '90013', '90013', 'endevent1', null, null, 'End', 'endEvent', null, '2018-01-20 12:21:00.687', '2018-01-20 12:21:00.688', '1', '');
INSERT INTO `act_hi_actinst` VALUES ('95004', 'helloword:1:4', '60001', '60001', 'usertask3', '95005', null, '3', 'userTask', 'admin', '2018-01-20 15:45:31.198', '2018-01-20 15:46:49.121', '77923', '');
INSERT INTO `act_hi_actinst` VALUES ('95007', 'helloword:1:4', '60001', '60001', 'usertask4', '95008', null, '4', 'userTask', 'admin', '2018-01-20 15:46:49.122', '2018-01-20 15:54:17.790', '448668', '');
INSERT INTO `act_hi_actinst` VALUES ('95010', 'helloword:1:4', '60001', '60001', 'usertask5', '95011', null, '5', 'userTask', 'admin', '2018-01-20 15:54:17.791', '2018-01-20 16:22:56.605', '1718814', '');
INSERT INTO `act_hi_actinst` VALUES ('95015', 'helloword:1:4', '52501', '52501', 'usertask3', '95016', null, '3', 'userTask', 'admin', '2018-01-20 15:57:01.155', null, null, '');
INSERT INTO `act_hi_actinst` VALUES ('97502', 'helloword:1:4', '60001', '60001', 'endevent1', null, null, 'End', 'endEvent', null, '2018-01-20 16:22:56.606', '2018-01-20 16:22:56.606', '0', '');
INSERT INTO `act_hi_actinst` VALUES ('97504', 'helloword3:1:90012', '97503', '97503', 'startevent1', null, null, 'Start', 'startEvent', null, '2018-01-20 16:24:27.025', '2018-01-20 16:24:27.115', '90', '');
INSERT INTO `act_hi_actinst` VALUES ('97508', 'helloword3:1:90012', '97503', '97503', 'usertask1', '97509', null, 'User Task', 'userTask', 'admin', '2018-01-20 16:24:27.115', '2018-01-20 16:24:27.731', '616', '');
INSERT INTO `act_hi_actinst` VALUES ('97511', 'helloword3:1:90012', '97503', '97503', 'usertask2', '97512', null, 'User Task', 'userTask', 'admin', '2018-01-20 16:24:27.731', '2018-01-20 16:24:49.609', '21878', '');
INSERT INTO `act_hi_actinst` VALUES ('97516', 'helloword3:1:90012', '97503', '97503', 'endevent1', null, null, 'End', 'endEvent', null, '2018-01-20 16:24:49.610', '2018-01-20 16:24:49.610', '0', '');

-- ----------------------------
-- Table structure for act_hi_attachment
-- ----------------------------
DROP TABLE IF EXISTS `act_hi_attachment`;
CREATE TABLE `act_hi_attachment` (
  `ID_` varchar(64) COLLATE utf8_bin NOT NULL,
  `REV_` int(11) DEFAULT NULL,
  `USER_ID_` varchar(255) COLLATE utf8_bin DEFAULT NULL,
  `NAME_` varchar(255) COLLATE utf8_bin DEFAULT NULL,
  `DESCRIPTION_` varchar(4000) COLLATE utf8_bin DEFAULT NULL,
  `TYPE_` varchar(255) COLLATE utf8_bin DEFAULT NULL,
  `TASK_ID_` varchar(64) COLLATE utf8_bin DEFAULT NULL,
  `PROC_INST_ID_` varchar(64) COLLATE utf8_bin DEFAULT NULL,
  `URL_` varchar(4000) COLLATE utf8_bin DEFAULT NULL,
  `CONTENT_ID_` varchar(64) COLLATE utf8_bin DEFAULT NULL,
  `TIME_` datetime(3) DEFAULT NULL,
  PRIMARY KEY (`ID_`)
) ENGINE=InnoDB DEFAULT CHARSET=utf8 COLLATE=utf8_bin;

-- ----------------------------
-- Records of act_hi_attachment
-- ----------------------------

-- ----------------------------
-- Table structure for act_hi_comment
-- ----------------------------
DROP TABLE IF EXISTS `act_hi_comment`;
CREATE TABLE `act_hi_comment` (
  `ID_` varchar(64) COLLATE utf8_bin NOT NULL,
  `TYPE_` varchar(255) COLLATE utf8_bin DEFAULT NULL,
  `TIME_` datetime(3) NOT NULL,
  `USER_ID_` varchar(255) COLLATE utf8_bin DEFAULT NULL,
  `TASK_ID_` varchar(64) COLLATE utf8_bin DEFAULT NULL,
  `PROC_INST_ID_` varchar(64) COLLATE utf8_bin DEFAULT NULL,
  `ACTION_` varchar(255) COLLATE utf8_bin DEFAULT NULL,
  `MESSAGE_` varchar(4000) COLLATE utf8_bin DEFAULT NULL,
  `FULL_MSG_` longblob,
  PRIMARY KEY (`ID_`)
) ENGINE=InnoDB DEFAULT CHARSET=utf8 COLLATE=utf8_bin;

-- ----------------------------
-- Records of act_hi_comment
-- ----------------------------
INSERT INTO `act_hi_comment` VALUES ('10001', 'comment', '2017-12-20 20:34:20.831', ',', '2513', '2501', 'AddComment', '', '');
INSERT INTO `act_hi_comment` VALUES ('10007', 'comment', '2017-12-20 20:37:17.346', ',', '10006', '2501', 'AddComment', '', 0xB0A1B0A1);
INSERT INTO `act_hi_comment` VALUES ('10010', 'comment', '2017-12-20 20:40:31.568', ',', '5013', '5001', 'AddComment', '', 0xB0A1B0A1B0A1);
INSERT INTO `act_hi_comment` VALUES ('105001', 'comment', '2018-01-20 20:11:54.925', 'admin', '102520', '102511', 'AddComment', '', 0xB2E9BFB4C8D5C6F0);
INSERT INTO `act_hi_comment` VALUES ('12522', 'comment', '2017-12-20 20:59:38.645', ',', '7513', '7501', 'AddComment', '15512', 0x3135353132);
INSERT INTO `act_hi_comment` VALUES ('12528', 'comment', '2017-12-20 21:00:25.471', ',', '12527', '7501', 'AddComment', 'llllll', 0x6C6C6C6C6C6C);
INSERT INTO `act_hi_comment` VALUES ('35001', 'comment', '2017-12-27 11:31:28.571', null, '10009', '2501', 'AddComment', 'asd', 0x617364);
INSERT INTO `act_hi_comment` VALUES ('35005', 'comment', '2017-12-27 11:32:04.446', null, '35004', '2501', 'AddComment', '', '');
INSERT INTO `act_hi_comment` VALUES ('65004', 'comment', '2018-01-17 16:34:42.499', null, '22513', '22501', 'AddComment', '', 0xB1A8CFFABDF0B6EEB9FDB4F3);
INSERT INTO `act_hi_comment` VALUES ('65010', 'comment', '2018-01-17 16:36:33.857', null, '12530', '7501', 'AddComment', '', 0xB2BBC5FAD7BC);
INSERT INTO `act_hi_comment` VALUES ('67501', 'comment', '2018-01-17 16:43:33.665', 'admin', '30013', '30001', 'AddComment', '', 0xC5FAD7BC);
INSERT INTO `act_hi_comment` VALUES ('87501', 'comment', '2018-01-20 11:39:09.384', 'admin', '72513', '72501', 'AddComment', '1', 0xCCE1BDBBB8F8C9CFD2BBBCB631);
INSERT INTO `act_hi_comment` VALUES ('87506', 'comment', '2018-01-20 11:39:29.936', 'admin', '87505', '72501', 'AddComment', '2', 0xCCE1BDBBB8F8C9CFD2BBBCB632);
INSERT INTO `act_hi_comment` VALUES ('87509', 'comment', '2018-01-20 11:39:37.848', 'admin', '87508', '72501', 'AddComment', '3', 0xCCE1BDBBB8F8C9CFD2BBBCB633);
INSERT INTO `act_hi_comment` VALUES ('92501', 'comment', '2018-01-20 12:21:00.242', 'admin', '90022', '90013', 'AddComment', '33333333333', 0x3333333333333333333333);
INSERT INTO `act_hi_comment` VALUES ('95001', 'comment', '2018-01-20 15:45:29.812', 'ltz', '60013', '60001', 'AddComment', '3333', 0x33333333);
INSERT INTO `act_hi_comment` VALUES ('95006', 'comment', '2018-01-20 15:46:48.857', 'admin', '95005', '60001', 'AddComment', '', '');
INSERT INTO `act_hi_comment` VALUES ('95009', 'comment', '2018-01-20 15:54:15.884', 'admin', '95008', '60001', 'AddComment', '30', 0x3330);
INSERT INTO `act_hi_comment` VALUES ('95012', 'comment', '2018-01-20 15:57:00.964', 'admin', '52513', '52501', 'AddComment', '01', 0xB2B5BBD83031);
INSERT INTO `act_hi_comment` VALUES ('97501', 'comment', '2018-01-20 16:22:55.422', 'admin', '95011', '60001', 'AddComment', '123', 0x313233);
INSERT INTO `act_hi_comment` VALUES ('97513', 'comment', '2018-01-20 16:24:48.673', 'admin', '97512', '97503', 'AddComment', '', 0xCDACD2E2);

-- ----------------------------
-- Table structure for act_hi_detail
-- ----------------------------
DROP TABLE IF EXISTS `act_hi_detail`;
CREATE TABLE `act_hi_detail` (
  `ID_` varchar(64) COLLATE utf8_bin NOT NULL,
  `TYPE_` varchar(255) COLLATE utf8_bin NOT NULL,
  `PROC_INST_ID_` varchar(64) COLLATE utf8_bin DEFAULT NULL,
  `EXECUTION_ID_` varchar(64) COLLATE utf8_bin DEFAULT NULL,
  `TASK_ID_` varchar(64) COLLATE utf8_bin DEFAULT NULL,
  `ACT_INST_ID_` varchar(64) COLLATE utf8_bin DEFAULT NULL,
  `NAME_` varchar(255) COLLATE utf8_bin NOT NULL,
  `VAR_TYPE_` varchar(255) COLLATE utf8_bin DEFAULT NULL,
  `REV_` int(11) DEFAULT NULL,
  `TIME_` datetime(3) NOT NULL,
  `BYTEARRAY_ID_` varchar(64) COLLATE utf8_bin DEFAULT NULL,
  `DOUBLE_` double DEFAULT NULL,
  `LONG_` bigint(20) DEFAULT NULL,
  `TEXT_` varchar(4000) COLLATE utf8_bin DEFAULT NULL,
  `TEXT2_` varchar(4000) COLLATE utf8_bin DEFAULT NULL,
  PRIMARY KEY (`ID_`),
  KEY `ACT_IDX_HI_DETAIL_PROC_INST` (`PROC_INST_ID_`),
  KEY `ACT_IDX_HI_DETAIL_ACT_INST` (`ACT_INST_ID_`),
  KEY `ACT_IDX_HI_DETAIL_TIME` (`TIME_`),
  KEY `ACT_IDX_HI_DETAIL_NAME` (`NAME_`),
  KEY `ACT_IDX_HI_DETAIL_TASK_ID` (`TASK_ID_`)
) ENGINE=InnoDB DEFAULT CHARSET=utf8 COLLATE=utf8_bin;

-- ----------------------------
-- Records of act_hi_detail
-- ----------------------------

-- ----------------------------
-- Table structure for act_hi_identitylink
-- ----------------------------
DROP TABLE IF EXISTS `act_hi_identitylink`;
CREATE TABLE `act_hi_identitylink` (
  `ID_` varchar(64) COLLATE utf8_bin NOT NULL,
  `GROUP_ID_` varchar(255) COLLATE utf8_bin DEFAULT NULL,
  `TYPE_` varchar(255) COLLATE utf8_bin DEFAULT NULL,
  `USER_ID_` varchar(255) COLLATE utf8_bin DEFAULT NULL,
  `TASK_ID_` varchar(64) COLLATE utf8_bin DEFAULT NULL,
  `PROC_INST_ID_` varchar(64) COLLATE utf8_bin DEFAULT NULL,
  PRIMARY KEY (`ID_`),
  KEY `ACT_IDX_HI_IDENT_LNK_USER` (`USER_ID_`),
  KEY `ACT_IDX_HI_IDENT_LNK_TASK` (`TASK_ID_`),
  KEY `ACT_IDX_HI_IDENT_LNK_PROCINST` (`PROC_INST_ID_`)
) ENGINE=InnoDB DEFAULT CHARSET=utf8 COLLATE=utf8_bin;

-- ----------------------------
-- Records of act_hi_identitylink
-- ----------------------------
INSERT INTO `act_hi_identitylink` VALUES ('100008', null, 'participant', 'admin', null, '100001');
INSERT INTO `act_hi_identitylink` VALUES ('10004', null, 'participant', ',', null, '2501');
INSERT INTO `act_hi_identitylink` VALUES ('10013', null, 'participant', ',', null, '5001');
INSERT INTO `act_hi_identitylink` VALUES ('102508', null, 'participant', 'admin', null, '102501');
INSERT INTO `act_hi_identitylink` VALUES ('102518', null, 'participant', 'admin', null, '102511');
INSERT INTO `act_hi_identitylink` VALUES ('107508', null, 'participant', 'admin', null, '107501');
INSERT INTO `act_hi_identitylink` VALUES ('110008', null, 'participant', 'admin', null, '110001');
INSERT INTO `act_hi_identitylink` VALUES ('12525', null, 'participant', ',', null, '7501');
INSERT INTO `act_hi_identitylink` VALUES ('15001', null, 'participant', 'asdasd', null, '2501');
INSERT INTO `act_hi_identitylink` VALUES ('15002', null, 'participant', 'undefined', null, '2501');
INSERT INTO `act_hi_identitylink` VALUES ('15003', null, 'participant', 'undefined', null, '5001');
INSERT INTO `act_hi_identitylink` VALUES ('15005', null, 'participant', 'undefined', null, '7501');
INSERT INTO `act_hi_identitylink` VALUES ('17501', null, 'participant', '[object HTMLInputElement]', null, '2501');
INSERT INTO `act_hi_identitylink` VALUES ('20001', null, 'participant', '[object HTMLInputElement]', null, '5001');
INSERT INTO `act_hi_identitylink` VALUES ('20002', null, 'participant', '5001', null, '7501');
INSERT INTO `act_hi_identitylink` VALUES ('20003', null, 'participant', 'ggg', null, '7501');
INSERT INTO `act_hi_identitylink` VALUES ('20005', null, 'participant', '2501', null, '5001');
INSERT INTO `act_hi_identitylink` VALUES ('22511', null, 'participant', 'admin', null, '22501');
INSERT INTO `act_hi_identitylink` VALUES ('22524', null, 'participant', 'admin', null, '22514');
INSERT INTO `act_hi_identitylink` VALUES ('22537', null, 'participant', 'admin', null, '22527');
INSERT INTO `act_hi_identitylink` VALUES ('25011', null, 'participant', 'admin', null, '25001');
INSERT INTO `act_hi_identitylink` VALUES ('2511', null, 'participant', 'admin', null, '2501');
INSERT INTO `act_hi_identitylink` VALUES ('30011', null, 'participant', 'admin', null, '30001');
INSERT INTO `act_hi_identitylink` VALUES ('30024', null, 'participant', 'admin', null, '30014');
INSERT INTO `act_hi_identitylink` VALUES ('30037', null, 'participant', 'admin', null, '30027');
INSERT INTO `act_hi_identitylink` VALUES ('30050', null, 'participant', 'admin', null, '30040');
INSERT INTO `act_hi_identitylink` VALUES ('30063', null, 'participant', 'admin', null, '30053');
INSERT INTO `act_hi_identitylink` VALUES ('30076', null, 'participant', 'admin', null, '30066');
INSERT INTO `act_hi_identitylink` VALUES ('30089', null, 'participant', 'admin', null, '30079');
INSERT INTO `act_hi_identitylink` VALUES ('30102', null, 'participant', 'admin', null, '30092');
INSERT INTO `act_hi_identitylink` VALUES ('30115', null, 'participant', 'admin', null, '30105');
INSERT INTO `act_hi_identitylink` VALUES ('32511', null, 'participant', 'admin', null, '32501');
INSERT INTO `act_hi_identitylink` VALUES ('32524', null, 'participant', 'admin', null, '32514');
INSERT INTO `act_hi_identitylink` VALUES ('32537', null, 'participant', 'admin', null, '32527');
INSERT INTO `act_hi_identitylink` VALUES ('40011', null, 'participant', 'admin', null, '40001');
INSERT INTO `act_hi_identitylink` VALUES ('40024', null, 'participant', 'admin', null, '40014');
INSERT INTO `act_hi_identitylink` VALUES ('42511', null, 'participant', 'admin', null, '42501');
INSERT INTO `act_hi_identitylink` VALUES ('45011', null, 'participant', 'admin', null, '45001');
INSERT INTO `act_hi_identitylink` VALUES ('47511', null, 'participant', 'admin', null, '47501');
INSERT INTO `act_hi_identitylink` VALUES ('47524', null, 'participant', 'admin', null, '47514');
INSERT INTO `act_hi_identitylink` VALUES ('50011', null, 'participant', 'admin', null, '50001');
INSERT INTO `act_hi_identitylink` VALUES ('5011', null, 'participant', 'admin', null, '5001');
INSERT INTO `act_hi_identitylink` VALUES ('52511', null, 'participant', 'admin', null, '52501');
INSERT INTO `act_hi_identitylink` VALUES ('60011', null, 'participant', 'admin', null, '60001');
INSERT INTO `act_hi_identitylink` VALUES ('62501', null, 'participant', 'ltz', null, '22501');
INSERT INTO `act_hi_identitylink` VALUES ('62502', null, 'participant', 'ltz', null, '22514');
INSERT INTO `act_hi_identitylink` VALUES ('70011', null, 'participant', 'admin', null, '70001');
INSERT INTO `act_hi_identitylink` VALUES ('72511', null, 'participant', 'admin', null, '72501');
INSERT INTO `act_hi_identitylink` VALUES ('75001', null, 'participant', 'ltz', null, '60001');
INSERT INTO `act_hi_identitylink` VALUES ('75002', null, 'participant', 'ltz', null, '7501');
INSERT INTO `act_hi_identitylink` VALUES ('7511', null, 'participant', 'admin', null, '7501');
INSERT INTO `act_hi_identitylink` VALUES ('7514', null, 'participant', 'houentai', null, '7501');
INSERT INTO `act_hi_identitylink` VALUES ('90020', null, 'participant', 'admin', null, '90013');
INSERT INTO `act_hi_identitylink` VALUES ('97510', null, 'participant', 'admin', null, '97503');

-- ----------------------------
-- Table structure for act_hi_procinst
-- ----------------------------
DROP TABLE IF EXISTS `act_hi_procinst`;
CREATE TABLE `act_hi_procinst` (
  `ID_` varchar(64) COLLATE utf8_bin NOT NULL,
  `PROC_INST_ID_` varchar(64) COLLATE utf8_bin NOT NULL,
  `BUSINESS_KEY_` varchar(255) COLLATE utf8_bin DEFAULT NULL,
  `PROC_DEF_ID_` varchar(64) COLLATE utf8_bin NOT NULL,
  `START_TIME_` datetime(3) NOT NULL,
  `END_TIME_` datetime(3) DEFAULT NULL,
  `DURATION_` bigint(20) DEFAULT NULL,
  `START_USER_ID_` varchar(255) COLLATE utf8_bin DEFAULT NULL,
  `START_ACT_ID_` varchar(255) COLLATE utf8_bin DEFAULT NULL,
  `END_ACT_ID_` varchar(255) COLLATE utf8_bin DEFAULT NULL,
  `SUPER_PROCESS_INSTANCE_ID_` varchar(64) COLLATE utf8_bin DEFAULT NULL,
  `DELETE_REASON_` varchar(4000) COLLATE utf8_bin DEFAULT NULL,
  `TENANT_ID_` varchar(255) COLLATE utf8_bin DEFAULT '',
  `NAME_` varchar(255) COLLATE utf8_bin DEFAULT NULL,
  PRIMARY KEY (`ID_`),
  UNIQUE KEY `PROC_INST_ID_` (`PROC_INST_ID_`),
  KEY `ACT_IDX_HI_PRO_INST_END` (`END_TIME_`),
  KEY `ACT_IDX_HI_PRO_I_BUSKEY` (`BUSINESS_KEY_`)
) ENGINE=InnoDB DEFAULT CHARSET=utf8 COLLATE=utf8_bin;

-- ----------------------------
-- Records of act_hi_procinst
-- ----------------------------
INSERT INTO `act_hi_procinst` VALUES ('100001', '100001', null, 'helloword3:1:90012', '2018-01-20 17:38:58.561', null, null, null, 'startevent1', null, null, null, '', null);
INSERT INTO `act_hi_procinst` VALUES ('102501', '102501', null, 'helloword3:1:90012', '2018-01-20 17:45:51.010', null, null, null, 'startevent1', null, null, null, '', null);
INSERT INTO `act_hi_procinst` VALUES ('102511', '102511', null, 'helloword3:1:90012', '2018-01-20 17:48:48.866', '2018-01-20 20:11:56.079', '8587213', null, 'startevent1', 'endevent1', null, null, '', null);
INSERT INTO `act_hi_procinst` VALUES ('107501', '107501', null, 'helloword3:1:90012', '2018-01-21 22:25:07.125', null, null, null, 'startevent1', null, null, null, '', null);
INSERT INTO `act_hi_procinst` VALUES ('110001', '110001', null, 'helloword3:1:90012', '2018-01-22 10:50:49.648', null, null, null, 'startevent1', null, null, null, '', null);
INSERT INTO `act_hi_procinst` VALUES ('22501', '22501', null, 'helloword:1:4', '2017-12-24 20:11:06.840', null, null, null, 'startevent1', null, null, null, '', null);
INSERT INTO `act_hi_procinst` VALUES ('22514', '22514', null, 'helloword:1:4', '2017-12-24 20:21:33.362', null, null, null, 'startevent1', null, null, null, '', null);
INSERT INTO `act_hi_procinst` VALUES ('22527', '22527', null, 'helloword:1:4', '2017-12-24 20:22:30.415', null, null, null, 'startevent1', null, null, null, '', null);
INSERT INTO `act_hi_procinst` VALUES ('25001', '25001', null, 'helloword:1:4', '2017-12-24 20:41:36.012', null, null, null, 'startevent1', null, null, null, '', null);
INSERT INTO `act_hi_procinst` VALUES ('2501', '2501', null, 'helloword:1:4', '2017-12-17 18:31:16.284', '2017-12-27 11:32:05.122', '838848838', null, 'startevent1', 'endevent1', null, null, '', null);
INSERT INTO `act_hi_procinst` VALUES ('30001', '30001', null, 'helloword:1:4', '2017-12-26 15:47:43.317', null, null, null, 'startevent1', null, null, null, '', null);
INSERT INTO `act_hi_procinst` VALUES ('30014', '30014', null, 'helloword:1:4', '2017-12-26 15:50:59.615', null, null, null, 'startevent1', null, null, null, '', null);
INSERT INTO `act_hi_procinst` VALUES ('30027', '30027', null, 'helloword:1:4', '2017-12-26 15:52:15.715', null, null, null, 'startevent1', null, null, null, '', null);
INSERT INTO `act_hi_procinst` VALUES ('30040', '30040', null, 'helloword:1:4', '2017-12-26 15:58:40.483', null, null, null, 'startevent1', null, null, null, '', null);
INSERT INTO `act_hi_procinst` VALUES ('30053', '30053', null, 'helloword:1:4', '2017-12-26 16:03:05.024', null, null, null, 'startevent1', null, null, null, '', null);
INSERT INTO `act_hi_procinst` VALUES ('30066', '30066', null, 'helloword:1:4', '2017-12-26 16:03:39.096', null, null, null, 'startevent1', null, null, null, '', null);
INSERT INTO `act_hi_procinst` VALUES ('30079', '30079', null, 'helloword:1:4', '2017-12-26 16:08:27.147', null, null, null, 'startevent1', null, null, null, '', null);
INSERT INTO `act_hi_procinst` VALUES ('30092', '30092', null, 'helloword:1:4', '2017-12-26 16:15:34.784', null, null, null, 'startevent1', null, null, null, '', null);
INSERT INTO `act_hi_procinst` VALUES ('30105', '30105', null, 'helloword:1:4', '2017-12-26 16:17:42.768', null, null, null, 'startevent1', null, null, null, '', null);
INSERT INTO `act_hi_procinst` VALUES ('32501', '32501', null, 'helloword:1:4', '2017-12-27 10:53:37.382', null, null, null, 'startevent1', null, null, null, '', null);
INSERT INTO `act_hi_procinst` VALUES ('32514', '32514', null, 'helloword:1:4', '2017-12-27 10:54:32.298', null, null, null, 'startevent1', null, null, null, '', null);
INSERT INTO `act_hi_procinst` VALUES ('32527', '32527', null, 'helloword:1:4', '2017-12-27 10:55:55.420', null, null, null, 'startevent1', null, null, null, '', null);
INSERT INTO `act_hi_procinst` VALUES ('40001', '40001', null, 'helloword:1:4', '2017-12-28 07:31:04.454', null, null, null, 'startevent1', null, null, null, '', null);
INSERT INTO `act_hi_procinst` VALUES ('40014', '40014', null, 'helloword:1:4', '2017-12-28 07:32:43.358', null, null, null, 'startevent1', null, null, null, '', null);
INSERT INTO `act_hi_procinst` VALUES ('42501', '42501', null, 'helloword:1:4', '2018-01-15 13:33:47.670', null, null, null, 'startevent1', null, null, null, '', null);
INSERT INTO `act_hi_procinst` VALUES ('45001', '45001', null, 'helloword:1:4', '2018-01-15 14:38:57.936', null, null, null, 'startevent1', null, null, null, '', null);
INSERT INTO `act_hi_procinst` VALUES ('47501', '47501', null, 'helloword:1:4', '2018-01-15 15:06:41.777', null, null, null, 'startevent1', null, null, null, '', null);
INSERT INTO `act_hi_procinst` VALUES ('47514', '47514', null, 'helloword:1:4', '2018-01-15 15:10:39.285', null, null, null, 'startevent1', null, null, null, '', null);
INSERT INTO `act_hi_procinst` VALUES ('50001', '50001', null, 'helloword:1:4', '2018-01-15 15:17:19.449', null, null, null, 'startevent1', null, null, null, '', null);
INSERT INTO `act_hi_procinst` VALUES ('5001', '5001', null, 'helloword:1:4', '2017-12-17 18:36:35.430', null, null, null, 'startevent1', null, null, null, '', null);
INSERT INTO `act_hi_procinst` VALUES ('52501', '52501', null, 'helloword:1:4', '2018-01-15 20:00:54.266', null, null, null, 'startevent1', null, null, null, '', null);
INSERT INTO `act_hi_procinst` VALUES ('60001', '60001', null, 'helloword:1:4', '2018-01-17 14:09:24.228', '2018-01-20 16:22:56.629', '267212401', null, 'startevent1', 'endevent1', null, null, '', null);
INSERT INTO `act_hi_procinst` VALUES ('70001', '70001', null, 'helloword:1:4', '2018-01-18 10:04:49.446', null, null, null, 'startevent1', null, null, null, '', null);
INSERT INTO `act_hi_procinst` VALUES ('72501', '72501', null, 'helloword:1:4', '2018-01-18 10:40:05.564', null, null, null, 'startevent1', null, null, null, '', null);
INSERT INTO `act_hi_procinst` VALUES ('7501', '7501', null, 'helloword:1:4', '2017-12-17 21:52:26.138', null, null, null, 'startevent1', null, null, null, '', null);
INSERT INTO `act_hi_procinst` VALUES ('90013', '90013', null, 'helloword3:1:90012', '2018-01-20 12:14:56.011', '2018-01-20 12:21:00.695', '364684', null, 'startevent1', 'endevent1', null, null, '', null);
INSERT INTO `act_hi_procinst` VALUES ('97503', '97503', null, 'helloword3:1:90012', '2018-01-20 16:24:27.025', '2018-01-20 16:24:49.614', '22589', null, 'startevent1', 'endevent1', null, null, '', null);

-- ----------------------------
-- Table structure for act_hi_taskinst
-- ----------------------------
DROP TABLE IF EXISTS `act_hi_taskinst`;
CREATE TABLE `act_hi_taskinst` (
  `ID_` varchar(64) COLLATE utf8_bin NOT NULL,
  `PROC_DEF_ID_` varchar(64) COLLATE utf8_bin DEFAULT NULL,
  `TASK_DEF_KEY_` varchar(255) COLLATE utf8_bin DEFAULT NULL,
  `PROC_INST_ID_` varchar(64) COLLATE utf8_bin DEFAULT NULL,
  `EXECUTION_ID_` varchar(64) COLLATE utf8_bin DEFAULT NULL,
  `NAME_` varchar(255) COLLATE utf8_bin DEFAULT NULL,
  `PARENT_TASK_ID_` varchar(64) COLLATE utf8_bin DEFAULT NULL,
  `DESCRIPTION_` varchar(4000) COLLATE utf8_bin DEFAULT NULL,
  `OWNER_` varchar(255) COLLATE utf8_bin DEFAULT NULL,
  `ASSIGNEE_` varchar(255) COLLATE utf8_bin DEFAULT NULL,
  `START_TIME_` datetime(3) NOT NULL,
  `CLAIM_TIME_` datetime(3) DEFAULT NULL,
  `END_TIME_` datetime(3) DEFAULT NULL,
  `DURATION_` bigint(20) DEFAULT NULL,
  `DELETE_REASON_` varchar(4000) COLLATE utf8_bin DEFAULT NULL,
  `PRIORITY_` int(11) DEFAULT NULL,
  `DUE_DATE_` datetime(3) DEFAULT NULL,
  `FORM_KEY_` varchar(255) COLLATE utf8_bin DEFAULT NULL,
  `CATEGORY_` varchar(255) COLLATE utf8_bin DEFAULT NULL,
  `TENANT_ID_` varchar(255) COLLATE utf8_bin DEFAULT '',
  PRIMARY KEY (`ID_`),
  KEY `ACT_IDX_HI_TASK_INST_PROCINST` (`PROC_INST_ID_`)
) ENGINE=InnoDB DEFAULT CHARSET=utf8 COLLATE=utf8_bin;

-- ----------------------------
-- Records of act_hi_taskinst
-- ----------------------------
INSERT INTO `act_hi_taskinst` VALUES ('100007', 'helloword3:1:90012', 'usertask1', '100001', '100001', 'User Task', null, null, null, 'admin', '2018-01-20 17:38:58.714', null, '2018-01-20 17:38:59.610', '896', 'completed', '50', null, null, null, '');
INSERT INTO `act_hi_taskinst` VALUES ('100010', 'helloword3:1:90012', 'usertask2', '100001', '100001', 'User Task', null, null, null, 'admin', '2018-01-20 17:38:59.629', null, null, null, null, '50', null, null, null, '');
INSERT INTO `act_hi_taskinst` VALUES ('10006', 'helloword:1:4', 'usertask3', '2501', '2501', '3', null, null, null, 'admin', '2017-12-20 20:34:23.390', null, '2017-12-20 20:37:17.981', '174591', 'completed', '50', null, null, null, '');
INSERT INTO `act_hi_taskinst` VALUES ('10009', 'helloword:1:4', 'usertask4', '2501', '2501', '4', null, null, null, 'asdasd', '2017-12-20 20:37:18.085', null, '2017-12-27 11:31:29.224', '572051139', 'completed', '50', null, null, null, '');
INSERT INTO `act_hi_taskinst` VALUES ('10015', 'helloword:1:4', 'usertask3', '5001', '5001', '3', null, null, null, '2501', '2017-12-20 20:40:31.782', null, null, null, null, '50', null, null, null, '');
INSERT INTO `act_hi_taskinst` VALUES ('102507', 'helloword3:1:90012', 'usertask1', '102501', '102501', 'User Task', null, null, null, 'admin', '2018-01-20 17:45:51.121', null, '2018-01-20 17:45:51.989', '868', 'completed', '50', null, null, null, '');
INSERT INTO `act_hi_taskinst` VALUES ('102510', 'helloword3:1:90012', 'usertask2', '102501', '102501', 'User Task', null, null, null, 'admin', '2018-01-20 17:45:52.035', null, null, null, null, '50', null, null, null, '');
INSERT INTO `act_hi_taskinst` VALUES ('102517', 'helloword3:1:90012', 'usertask1', '102511', '102511', 'User Task', null, null, null, 'admin', '2018-01-20 17:48:48.969', null, '2018-01-20 17:48:49.966', '997', 'completed', '50', null, null, null, '');
INSERT INTO `act_hi_taskinst` VALUES ('102520', 'helloword3:1:90012', 'usertask2', '102511', '102511', 'User Task', null, null, null, 'admin', '2018-01-20 17:48:49.971', null, '2018-01-20 20:11:55.713', '8585742', 'completed', '50', null, null, null, '');
INSERT INTO `act_hi_taskinst` VALUES ('107507', 'helloword3:1:90012', 'usertask1', '107501', '107501', 'User Task', null, null, null, 'admin', '2018-01-21 22:25:08.145', null, '2018-01-21 22:25:11.111', '2966', 'completed', '50', null, null, null, '');
INSERT INTO `act_hi_taskinst` VALUES ('107510', 'helloword3:1:90012', 'usertask2', '107501', '107501', 'User Task', null, null, null, 'admin', '2018-01-21 22:25:11.163', null, null, null, null, '50', null, null, null, '');
INSERT INTO `act_hi_taskinst` VALUES ('110007', 'helloword3:1:90012', 'usertask1', '110001', '110001', 'User Task', null, null, null, 'admin', '2018-01-22 10:50:49.863', null, '2018-01-22 10:50:51.520', '1657', 'completed', '50', null, null, null, '');
INSERT INTO `act_hi_taskinst` VALUES ('110010', 'helloword3:1:90012', 'usertask2', '110001', '110001', 'User Task', null, null, null, 'admin', '2018-01-22 10:50:51.562', null, null, null, null, '50', null, null, null, '');
INSERT INTO `act_hi_taskinst` VALUES ('12527', 'helloword:1:4', 'usertask3', '7501', '7501', '3', null, null, null, 'houentai', '2017-12-20 20:59:38.727', null, '2017-12-20 21:00:25.553', '46826', 'completed', '50', null, null, null, '');
INSERT INTO `act_hi_taskinst` VALUES ('12530', 'helloword:1:4', 'usertask4', '7501', '7501', '4', null, null, null, 'admin', '2017-12-20 21:00:25.558', null, '2018-01-17 16:36:33.986', '2403368428', 'completed', '50', null, null, null, '');
INSERT INTO `act_hi_taskinst` VALUES ('22510', 'helloword:1:4', 'usertask1', '22501', '22501', '1', null, null, null, 'admin', '2017-12-24 20:11:07.417', null, '2017-12-24 20:11:11.165', '3748', 'completed', '50', null, null, null, '');
INSERT INTO `act_hi_taskinst` VALUES ('22513', 'helloword:1:4', 'usertask2', '22501', '22501', '2', null, null, null, 'admin', '2017-12-24 20:11:11.186', null, '2018-01-17 16:34:42.636', '2060611450', 'completed', '50', null, null, null, '');
INSERT INTO `act_hi_taskinst` VALUES ('22523', 'helloword:1:4', 'usertask1', '22514', '22514', '1', null, null, null, 'admin', '2017-12-24 20:21:33.367', null, '2017-12-24 20:21:33.611', '244', 'completed', '50', null, null, null, '');
INSERT INTO `act_hi_taskinst` VALUES ('22526', 'helloword:1:4', 'usertask2', '22514', '22514', '2', null, null, null, 'admin', '2017-12-24 20:21:33.618', null, null, null, null, '50', null, null, null, '');
INSERT INTO `act_hi_taskinst` VALUES ('22536', 'helloword:1:4', 'usertask1', '22527', '22527', '1', null, null, null, 'admin', '2017-12-24 20:22:30.419', null, '2017-12-24 20:22:30.718', '299', 'completed', '50', null, null, null, '');
INSERT INTO `act_hi_taskinst` VALUES ('22539', 'helloword:1:4', 'usertask2', '22527', '22527', '2', null, null, null, 'admin', '2017-12-24 20:22:30.724', null, null, null, null, '50', null, null, null, '');
INSERT INTO `act_hi_taskinst` VALUES ('25010', 'helloword:1:4', 'usertask1', '25001', '25001', '1', null, null, null, 'admin', '2017-12-24 20:41:36.257', null, '2017-12-24 20:41:37.442', '1185', 'completed', '50', null, null, null, '');
INSERT INTO `act_hi_taskinst` VALUES ('25013', 'helloword:1:4', 'usertask2', '25001', '25001', '2', null, null, null, 'admin', '2017-12-24 20:41:37.494', null, null, null, null, '50', null, null, null, '');
INSERT INTO `act_hi_taskinst` VALUES ('2510', 'helloword:1:4', 'usertask1', '2501', '2501', '1', null, null, null, 'admin', '2017-12-17 18:31:16.335', null, '2017-12-17 18:31:16.837', '502', 'completed', '50', null, null, null, '');
INSERT INTO `act_hi_taskinst` VALUES ('2513', 'helloword:1:4', 'usertask2', '2501', '2501', '2', null, null, null, 'admin', '2017-12-17 18:31:16.852', null, '2017-12-20 20:34:23.093', '266586241', 'completed', '50', null, null, null, '');
INSERT INTO `act_hi_taskinst` VALUES ('30010', 'helloword:1:4', 'usertask1', '30001', '30001', '1', null, null, null, 'admin', '2017-12-26 15:47:44.242', null, '2017-12-26 15:47:52.585', '8343', 'completed', '50', null, null, null, '');
INSERT INTO `act_hi_taskinst` VALUES ('30013', 'helloword:1:4', 'usertask2', '30001', '30001', '2', null, null, null, 'admin', '2017-12-26 15:47:52.781', null, '2018-01-17 16:43:33.921', '1904141140', 'completed', '50', null, null, null, '');
INSERT INTO `act_hi_taskinst` VALUES ('30023', 'helloword:1:4', 'usertask1', '30014', '30014', '1', null, null, null, 'admin', '2017-12-26 15:50:59.939', null, '2017-12-26 15:51:03.636', '3697', 'completed', '50', null, null, null, '');
INSERT INTO `act_hi_taskinst` VALUES ('30026', 'helloword:1:4', 'usertask2', '30014', '30014', '2', null, null, null, 'admin', '2017-12-26 15:51:03.844', null, null, null, null, '50', null, null, null, '');
INSERT INTO `act_hi_taskinst` VALUES ('30036', 'helloword:1:4', 'usertask1', '30027', '30027', '1', null, null, null, 'admin', '2017-12-26 15:52:15.720', null, '2017-12-26 15:52:15.910', '190', 'completed', '50', null, null, null, '');
INSERT INTO `act_hi_taskinst` VALUES ('30039', 'helloword:1:4', 'usertask2', '30027', '30027', '2', null, null, null, 'admin', '2017-12-26 15:52:15.917', null, null, null, null, '50', null, null, null, '');
INSERT INTO `act_hi_taskinst` VALUES ('30049', 'helloword:1:4', 'usertask1', '30040', '30040', '1', null, null, null, 'admin', '2017-12-26 15:58:40.483', null, '2017-12-26 15:58:40.952', '469', 'completed', '50', null, null, null, '');
INSERT INTO `act_hi_taskinst` VALUES ('30052', 'helloword:1:4', 'usertask2', '30040', '30040', '2', null, null, null, 'admin', '2017-12-26 15:58:40.952', null, null, null, null, '50', null, null, null, '');
INSERT INTO `act_hi_taskinst` VALUES ('30062', 'helloword:1:4', 'usertask1', '30053', '30053', '1', null, null, null, 'admin', '2017-12-26 16:03:05.039', null, '2017-12-26 16:03:05.133', '94', 'completed', '50', null, null, null, '');
INSERT INTO `act_hi_taskinst` VALUES ('30065', 'helloword:1:4', 'usertask2', '30053', '30053', '2', null, null, null, 'admin', '2017-12-26 16:03:05.148', null, null, null, null, '50', null, null, null, '');
INSERT INTO `act_hi_taskinst` VALUES ('30075', 'helloword:1:4', 'usertask1', '30066', '30066', '1', null, null, null, 'admin', '2017-12-26 16:03:39.096', null, '2017-12-26 16:03:39.283', '187', 'completed', '50', null, null, null, '');
INSERT INTO `act_hi_taskinst` VALUES ('30078', 'helloword:1:4', 'usertask2', '30066', '30066', '2', null, null, null, 'admin', '2017-12-26 16:03:39.283', null, null, null, null, '50', null, null, null, '');
INSERT INTO `act_hi_taskinst` VALUES ('30088', 'helloword:1:4', 'usertask1', '30079', '30079', '1', null, null, null, 'admin', '2017-12-26 16:08:27.163', null, '2017-12-26 16:08:27.303', '140', 'completed', '50', null, null, null, '');
INSERT INTO `act_hi_taskinst` VALUES ('30091', 'helloword:1:4', 'usertask2', '30079', '30079', '2', null, null, null, 'admin', '2017-12-26 16:08:27.319', null, null, null, null, '50', null, null, null, '');
INSERT INTO `act_hi_taskinst` VALUES ('30101', 'helloword:1:4', 'usertask1', '30092', '30092', '1', null, null, null, 'admin', '2017-12-26 16:15:34.800', null, '2017-12-26 16:15:35.018', '218', 'completed', '50', null, null, null, '');
INSERT INTO `act_hi_taskinst` VALUES ('30104', 'helloword:1:4', 'usertask2', '30092', '30092', '2', null, null, null, 'admin', '2017-12-26 16:15:35.065', null, null, null, null, '50', null, null, null, '');
INSERT INTO `act_hi_taskinst` VALUES ('30114', 'helloword:1:4', 'usertask1', '30105', '30105', '1', null, null, null, 'admin', '2017-12-26 16:17:42.768', null, '2017-12-26 16:17:42.909', '141', 'completed', '50', null, null, null, '');
INSERT INTO `act_hi_taskinst` VALUES ('30117', 'helloword:1:4', 'usertask2', '30105', '30105', '2', null, null, null, 'admin', '2017-12-26 16:17:42.924', null, null, null, null, '50', null, null, null, '');
INSERT INTO `act_hi_taskinst` VALUES ('32510', 'helloword:1:4', 'usertask1', '32501', '32501', '1', null, null, null, 'admin', '2017-12-27 10:53:38.073', null, '2017-12-27 10:53:39.613', '1540', 'completed', '50', null, null, null, '');
INSERT INTO `act_hi_taskinst` VALUES ('32513', 'helloword:1:4', 'usertask2', '32501', '32501', '2', null, null, null, 'admin', '2017-12-27 10:53:39.676', null, null, null, null, '50', null, null, null, '');
INSERT INTO `act_hi_taskinst` VALUES ('32523', 'helloword:1:4', 'usertask1', '32514', '32514', '1', null, null, null, 'admin', '2017-12-27 10:54:32.303', null, '2017-12-27 10:54:32.569', '266', 'completed', '50', null, null, null, '');
INSERT INTO `act_hi_taskinst` VALUES ('32526', 'helloword:1:4', 'usertask2', '32514', '32514', '2', null, null, null, 'admin', '2017-12-27 10:54:32.578', null, null, null, null, '50', null, null, null, '');
INSERT INTO `act_hi_taskinst` VALUES ('32536', 'helloword:1:4', 'usertask1', '32527', '32527', '1', null, null, null, 'admin', '2017-12-27 10:55:55.460', null, '2017-12-27 10:55:56.209', '749', 'completed', '50', null, null, null, '');
INSERT INTO `act_hi_taskinst` VALUES ('32539', 'helloword:1:4', 'usertask2', '32527', '32527', '2', null, null, null, 'admin', '2017-12-27 10:55:56.217', null, null, null, null, '50', null, null, null, '');
INSERT INTO `act_hi_taskinst` VALUES ('35004', 'helloword:1:4', 'usertask5', '2501', '2501', '5', null, null, null, 'admin', '2017-12-27 11:31:29.282', null, '2017-12-27 11:32:04.584', '35302', 'completed', '50', null, null, null, '');
INSERT INTO `act_hi_taskinst` VALUES ('40010', 'helloword:1:4', 'usertask1', '40001', '40001', '1', null, null, null, 'admin', '2017-12-28 07:31:04.525', null, '2017-12-28 07:31:05.832', '1307', 'completed', '50', null, null, null, '');
INSERT INTO `act_hi_taskinst` VALUES ('40013', 'helloword:1:4', 'usertask2', '40001', '40001', '2', null, null, null, 'admin', '2017-12-28 07:31:05.846', null, null, null, null, '50', null, null, null, '');
INSERT INTO `act_hi_taskinst` VALUES ('40023', 'helloword:1:4', 'usertask1', '40014', '40014', '1', null, null, null, 'admin', '2017-12-28 07:32:43.376', null, '2017-12-28 07:32:43.630', '254', 'completed', '50', null, null, null, '');
INSERT INTO `act_hi_taskinst` VALUES ('40026', 'helloword:1:4', 'usertask2', '40014', '40014', '2', null, null, null, 'admin', '2017-12-28 07:32:43.639', null, null, null, null, '50', null, null, null, '');
INSERT INTO `act_hi_taskinst` VALUES ('42510', 'helloword:1:4', 'usertask1', '42501', '42501', '1', null, null, null, 'admin', '2018-01-15 13:33:47.776', null, '2018-01-15 13:33:48.558', '782', 'completed', '50', null, null, null, '');
INSERT INTO `act_hi_taskinst` VALUES ('42513', 'helloword:1:4', 'usertask2', '42501', '42501', '2', null, null, null, 'admin', '2018-01-15 13:33:48.605', null, null, null, null, '50', null, null, null, '');
INSERT INTO `act_hi_taskinst` VALUES ('45010', 'helloword:1:4', 'usertask1', '45001', '45001', '1', null, null, null, 'admin', '2018-01-15 14:38:58.092', null, '2018-01-15 14:38:59.171', '1079', 'completed', '50', null, null, null, '');
INSERT INTO `act_hi_taskinst` VALUES ('45013', 'helloword:1:4', 'usertask2', '45001', '45001', '2', null, null, null, 'admin', '2018-01-15 14:38:59.211', null, null, null, null, '50', null, null, null, '');
INSERT INTO `act_hi_taskinst` VALUES ('47510', 'helloword:1:4', 'usertask1', '47501', '47501', '1', null, null, null, 'admin', '2018-01-15 15:06:42.080', null, '2018-01-15 15:06:44.074', '1994', 'completed', '50', null, null, null, '');
INSERT INTO `act_hi_taskinst` VALUES ('47513', 'helloword:1:4', 'usertask2', '47501', '47501', '2', null, null, null, 'admin', '2018-01-15 15:06:44.184', null, null, null, null, '50', null, null, null, '');
INSERT INTO `act_hi_taskinst` VALUES ('47523', 'helloword:1:4', 'usertask1', '47514', '47514', '1', null, null, null, 'admin', '2018-01-15 15:10:39.308', null, '2018-01-15 15:10:41.972', '2664', 'completed', '50', null, null, null, '');
INSERT INTO `act_hi_taskinst` VALUES ('47526', 'helloword:1:4', 'usertask2', '47514', '47514', '2', null, null, null, 'admin', '2018-01-15 15:10:41.977', null, null, null, null, '50', null, null, null, '');
INSERT INTO `act_hi_taskinst` VALUES ('50010', 'helloword:1:4', 'usertask1', '50001', '50001', '1', null, null, null, 'admin', '2018-01-15 15:17:19.533', null, '2018-01-15 15:17:20.030', '497', 'completed', '50', null, null, null, '');
INSERT INTO `act_hi_taskinst` VALUES ('50013', 'helloword:1:4', 'usertask2', '50001', '50001', '2', null, null, null, 'admin', '2018-01-15 15:17:20.061', null, null, null, null, '50', null, null, null, '');
INSERT INTO `act_hi_taskinst` VALUES ('5010', 'helloword:1:4', 'usertask1', '5001', '5001', '1', null, null, null, 'admin', '2017-12-17 18:36:35.455', null, '2017-12-17 18:36:35.854', '399', 'completed', '50', null, null, null, '');
INSERT INTO `act_hi_taskinst` VALUES ('5013', 'helloword:1:4', 'usertask2', '5001', '5001', '2', null, null, null, 'admin', '2017-12-17 18:36:35.870', null, '2017-12-20 20:40:31.774', '266635904', 'completed', '50', null, null, null, '');
INSERT INTO `act_hi_taskinst` VALUES ('52510', 'helloword:1:4', 'usertask1', '52501', '52501', '1', null, null, null, 'admin', '2018-01-15 20:00:55.252', null, '2018-01-15 20:00:59.668', '4416', 'completed', '50', null, null, null, '');
INSERT INTO `act_hi_taskinst` VALUES ('52513', 'helloword:1:4', 'usertask2', '52501', '52501', '2', null, null, null, 'admin', '2018-01-15 20:00:59.689', null, '2018-01-20 15:57:01.152', '417361463', 'completed', '50', null, null, null, '');
INSERT INTO `act_hi_taskinst` VALUES ('60010', 'helloword:1:4', 'usertask1', '60001', '60001', '1', null, null, null, 'admin', '2018-01-17 14:09:24.372', null, '2018-01-17 14:09:25.234', '862', 'completed', '50', null, null, null, '');
INSERT INTO `act_hi_taskinst` VALUES ('60013', 'helloword:1:4', 'usertask2', '60001', '60001', '2', null, null, null, 'ltz', '2018-01-17 14:09:25.266', null, '2018-01-20 15:45:31.063', '264965797', 'completed', '50', null, null, null, '');
INSERT INTO `act_hi_taskinst` VALUES ('65007', 'helloword:1:4', 'usertask3', '22501', '22501', '3', null, null, null, 'admin', '2018-01-17 16:34:42.660', null, null, null, null, '50', null, null, null, '');
INSERT INTO `act_hi_taskinst` VALUES ('65013', 'helloword:1:4', 'usertask5', '7501', '7501', '5', null, null, null, 'admin', '2018-01-17 16:36:34.013', null, null, null, null, '50', null, null, null, '');
INSERT INTO `act_hi_taskinst` VALUES ('67506', 'helloword:1:4', 'usertask3', '30001', '30001', '3', null, null, null, 'admin', '2018-01-17 16:43:34.007', null, null, null, null, '50', null, null, null, '');
INSERT INTO `act_hi_taskinst` VALUES ('70010', 'helloword:1:4', 'usertask1', '70001', '70001', '1', null, null, null, 'admin', '2018-01-18 10:04:49.618', null, '2018-01-18 10:04:50.475', '857', 'completed', '50', null, null, null, '');
INSERT INTO `act_hi_taskinst` VALUES ('70013', 'helloword:1:4', 'usertask2', '70001', '70001', '2', null, null, null, 'admin', '2018-01-18 10:04:50.506', null, null, null, null, '50', null, null, null, '');
INSERT INTO `act_hi_taskinst` VALUES ('72510', 'helloword:1:4', 'usertask1', '72501', '72501', '1', null, null, null, 'admin', '2018-01-18 10:40:05.692', null, '2018-01-18 10:40:07.248', '1556', 'completed', '50', null, null, null, '');
INSERT INTO `act_hi_taskinst` VALUES ('72513', 'helloword:1:4', 'usertask2', '72501', '72501', '2', null, null, null, 'admin', '2018-01-18 10:40:07.265', null, '2018-01-20 11:39:09.534', '176342269', 'completed', '50', null, null, null, '');
INSERT INTO `act_hi_taskinst` VALUES ('7510', 'helloword:1:4', 'usertask1', '7501', '7501', '1', null, null, null, 'admin', '2017-12-17 21:52:26.415', null, '2017-12-17 21:52:27.342', '927', 'completed', '50', null, null, null, '');
INSERT INTO `act_hi_taskinst` VALUES ('7513', 'helloword:1:4', 'usertask2', '7501', '7501', '2', null, null, null, 'houentai', '2017-12-17 21:52:27.520', null, '2017-12-20 20:59:38.722', '256031202', 'completed', '50', null, null, null, '');
INSERT INTO `act_hi_taskinst` VALUES ('87505', 'helloword:1:4', 'usertask3', '72501', '72501', '3', null, null, null, 'admin', '2018-01-20 11:39:09.626', null, '2018-01-20 11:39:29.978', '20352', 'completed', '50', null, null, null, '');
INSERT INTO `act_hi_taskinst` VALUES ('87508', 'helloword:1:4', 'usertask4', '72501', '72501', '4', null, null, null, 'admin', '2018-01-20 11:39:29.986', null, '2018-01-20 11:39:37.921', '7935', 'completed', '50', null, null, null, '');
INSERT INTO `act_hi_taskinst` VALUES ('87511', 'helloword:1:4', 'usertask5', '72501', '72501', '5', null, null, null, 'admin', '2018-01-20 11:39:37.924', null, null, null, null, '50', null, null, null, '');
INSERT INTO `act_hi_taskinst` VALUES ('90019', 'helloword3:1:90012', 'usertask1', '90013', '90013', 'User Task', null, null, null, 'admin', '2018-01-20 12:14:56.017', null, '2018-01-20 12:14:56.159', '142', 'completed', '50', null, null, null, '');
INSERT INTO `act_hi_taskinst` VALUES ('90022', 'helloword3:1:90012', 'usertask2', '90013', '90013', 'User Task', null, null, null, 'admin', '2018-01-20 12:14:56.170', null, '2018-01-20 12:21:00.621', '364451', 'completed', '50', null, null, null, '');
INSERT INTO `act_hi_taskinst` VALUES ('95005', 'helloword:1:4', 'usertask3', '60001', '60001', '3', null, null, null, 'admin', '2018-01-20 15:45:31.198', null, '2018-01-20 15:46:49.118', '77920', 'completed', '50', null, null, null, '');
INSERT INTO `act_hi_taskinst` VALUES ('95008', 'helloword:1:4', 'usertask4', '60001', '60001', '4', null, null, null, 'admin', '2018-01-20 15:46:49.122', null, '2018-01-20 15:54:17.785', '448663', 'completed', '50', null, null, null, '');
INSERT INTO `act_hi_taskinst` VALUES ('95011', 'helloword:1:4', 'usertask5', '60001', '60001', '5', null, null, null, 'admin', '2018-01-20 15:54:17.791', null, '2018-01-20 16:22:56.518', '1718727', 'completed', '50', null, null, null, '');
INSERT INTO `act_hi_taskinst` VALUES ('95016', 'helloword:1:4', 'usertask3', '52501', '52501', '3', null, null, null, 'admin', '2018-01-20 15:57:01.155', null, null, null, null, '50', null, null, null, '');
INSERT INTO `act_hi_taskinst` VALUES ('97509', 'helloword3:1:90012', 'usertask1', '97503', '97503', 'User Task', null, null, null, 'admin', '2018-01-20 16:24:27.126', null, '2018-01-20 16:24:27.724', '598', 'completed', '50', null, null, null, '');
INSERT INTO `act_hi_taskinst` VALUES ('97512', 'helloword3:1:90012', 'usertask2', '97503', '97503', 'User Task', null, null, null, 'admin', '2018-01-20 16:24:27.731', null, '2018-01-20 16:24:48.823', '21092', 'completed', '50', null, null, null, '');

-- ----------------------------
-- Table structure for act_hi_varinst
-- ----------------------------
DROP TABLE IF EXISTS `act_hi_varinst`;
CREATE TABLE `act_hi_varinst` (
  `ID_` varchar(64) COLLATE utf8_bin NOT NULL,
  `PROC_INST_ID_` varchar(64) COLLATE utf8_bin DEFAULT NULL,
  `EXECUTION_ID_` varchar(64) COLLATE utf8_bin DEFAULT NULL,
  `TASK_ID_` varchar(64) COLLATE utf8_bin DEFAULT NULL,
  `NAME_` varchar(255) COLLATE utf8_bin NOT NULL,
  `VAR_TYPE_` varchar(100) COLLATE utf8_bin DEFAULT NULL,
  `REV_` int(11) DEFAULT NULL,
  `BYTEARRAY_ID_` varchar(64) COLLATE utf8_bin DEFAULT NULL,
  `DOUBLE_` double DEFAULT NULL,
  `LONG_` bigint(20) DEFAULT NULL,
  `TEXT_` varchar(4000) COLLATE utf8_bin DEFAULT NULL,
  `TEXT2_` varchar(4000) COLLATE utf8_bin DEFAULT NULL,
  `CREATE_TIME_` datetime(3) DEFAULT NULL,
  `LAST_UPDATED_TIME_` datetime(3) DEFAULT NULL,
  PRIMARY KEY (`ID_`),
  KEY `ACT_IDX_HI_PROCVAR_PROC_INST` (`PROC_INST_ID_`),
  KEY `ACT_IDX_HI_PROCVAR_NAME_TYPE` (`NAME_`,`VAR_TYPE_`),
  KEY `ACT_IDX_HI_PROCVAR_TASK_ID` (`TASK_ID_`)
) ENGINE=InnoDB DEFAULT CHARSET=utf8 COLLATE=utf8_bin;

-- ----------------------------
-- Records of act_hi_varinst
-- ----------------------------
INSERT INTO `act_hi_varinst` VALUES ('100003', '100001', '100001', null, 'thingsId', 'integer', '0', null, null, '4', '4', null, '2018-01-20 17:38:58.562', '2018-01-20 17:38:58.562');
INSERT INTO `act_hi_varinst` VALUES ('100004', '100001', '100001', null, 'Ass2', 'string', '0', null, null, null, 'admin', null, '2018-01-20 17:38:58.565', '2018-01-20 17:38:58.565');
INSERT INTO `act_hi_varinst` VALUES ('100005', '100001', '100001', null, 'Ass1', 'string', '0', null, null, null, 'admin', null, '2018-01-20 17:38:58.565', '2018-01-20 17:38:58.565');
INSERT INTO `act_hi_varinst` VALUES ('10002', '2501', '2501', null, 'msg', 'string', '3', null, null, null, '', null, '2017-12-20 20:34:21.728', '2017-12-27 11:32:05.130');
INSERT INTO `act_hi_varinst` VALUES ('10003', '2501', '2501', null, 'getHolidaydays', 'null', '3', null, null, null, null, null, '2017-12-20 20:34:21.729', '2017-12-27 11:32:05.130');
INSERT INTO `act_hi_varinst` VALUES ('10011', '5001', '5001', null, 'msg', 'string', '0', null, null, null, '', null, '2017-12-20 20:40:31.760', '2017-12-20 20:40:31.760');
INSERT INTO `act_hi_varinst` VALUES ('10012', '5001', '5001', null, 'getHolidaydays', 'integer', '0', null, null, '16', '16', null, '2017-12-20 20:40:31.760', '2017-12-20 20:40:31.760');
INSERT INTO `act_hi_varinst` VALUES ('102503', '102501', '102501', null, 'thingsId', 'integer', '0', null, null, '5', '5', null, '2018-01-20 17:45:51.011', '2018-01-20 17:45:51.011');
INSERT INTO `act_hi_varinst` VALUES ('102504', '102501', '102501', null, 'Ass2', 'string', '0', null, null, null, 'admin', null, '2018-01-20 17:45:51.013', '2018-01-20 17:45:51.013');
INSERT INTO `act_hi_varinst` VALUES ('102505', '102501', '102501', null, 'Ass1', 'string', '0', null, null, null, 'admin', null, '2018-01-20 17:45:51.013', '2018-01-20 17:45:51.013');
INSERT INTO `act_hi_varinst` VALUES ('102513', '102511', '102511', null, 'thingsId', 'integer', '1', null, null, '6', '6', null, '2018-01-20 17:48:48.866', '2018-01-20 20:11:56.093');
INSERT INTO `act_hi_varinst` VALUES ('102514', '102511', '102511', null, 'Ass2', 'string', '1', null, null, null, 'admin', null, '2018-01-20 17:48:48.867', '2018-01-20 20:11:56.094');
INSERT INTO `act_hi_varinst` VALUES ('102515', '102511', '102511', null, 'Ass1', 'string', '1', null, null, null, 'admin', null, '2018-01-20 17:48:48.867', '2018-01-20 20:11:56.094');
INSERT INTO `act_hi_varinst` VALUES ('105002', '102511', '102511', null, 'msg', 'string', '0', null, null, null, '', null, '2018-01-20 20:11:55.529', '2018-01-20 20:11:56.093');
INSERT INTO `act_hi_varinst` VALUES ('105003', '102511', '102511', null, 'completePeople', 'string', '0', null, null, null, 'admin', null, '2018-01-20 20:11:55.551', '2018-01-20 20:11:56.094');
INSERT INTO `act_hi_varinst` VALUES ('107503', '107501', '107501', null, 'thingsId', 'integer', '0', null, null, '7', '7', null, '2018-01-21 22:25:07.126', '2018-01-21 22:25:07.126');
INSERT INTO `act_hi_varinst` VALUES ('107504', '107501', '107501', null, 'Ass2', 'string', '0', null, null, null, 'admin', null, '2018-01-21 22:25:07.158', '2018-01-21 22:25:07.158');
INSERT INTO `act_hi_varinst` VALUES ('107505', '107501', '107501', null, 'Ass1', 'string', '0', null, null, null, 'admin', null, '2018-01-21 22:25:07.158', '2018-01-21 22:25:07.158');
INSERT INTO `act_hi_varinst` VALUES ('110003', '110001', '110001', null, 'Ass2', 'string', '0', null, null, null, 'admin', null, '2018-01-22 10:50:49.648', '2018-01-22 10:50:49.648');
INSERT INTO `act_hi_varinst` VALUES ('110004', '110001', '110001', null, 'Ass1', 'string', '0', null, null, null, 'admin', null, '2018-01-22 10:50:49.650', '2018-01-22 10:50:49.650');
INSERT INTO `act_hi_varinst` VALUES ('110005', '110001', '110001', null, 'holidayId', 'integer', '0', null, null, '37', '37', null, '2018-01-22 10:50:49.650', '2018-01-22 10:50:49.650');
INSERT INTO `act_hi_varinst` VALUES ('12523', '7501', '7501', null, 'msg', 'string', '1', null, null, null, '', null, '2017-12-20 20:59:38.709', '2017-12-20 21:00:25.536');
INSERT INTO `act_hi_varinst` VALUES ('12524', '7501', '7501', null, 'getHolidaydays', 'null', '2', null, null, null, null, null, '2017-12-20 20:59:38.709', '2018-01-17 16:36:33.886');
INSERT INTO `act_hi_varinst` VALUES ('22503', '22501', '22501', null, 'Ass5', 'string', '0', null, null, null, 'admin', null, '2017-12-24 20:11:06.841', '2017-12-24 20:11:06.841');
INSERT INTO `act_hi_varinst` VALUES ('22504', '22501', '22501', null, 'Ass4', 'string', '0', null, null, null, 'admin', null, '2017-12-24 20:11:06.854', '2017-12-24 20:11:06.854');
INSERT INTO `act_hi_varinst` VALUES ('22505', '22501', '22501', null, 'Ass3', 'string', '0', null, null, null, 'admin', null, '2017-12-24 20:11:06.854', '2017-12-24 20:11:06.854');
INSERT INTO `act_hi_varinst` VALUES ('22506', '22501', '22501', null, 'Ass2', 'string', '0', null, null, null, 'admin', null, '2017-12-24 20:11:06.854', '2017-12-24 20:11:06.854');
INSERT INTO `act_hi_varinst` VALUES ('22507', '22501', '22501', null, 'reimbursementId', 'null', '0', null, null, null, null, null, '2017-12-24 20:11:06.855', '2017-12-24 20:11:06.855');
INSERT INTO `act_hi_varinst` VALUES ('22508', '22501', '22501', null, 'Ass1', 'string', '0', null, null, null, 'admin', null, '2017-12-24 20:11:06.855', '2017-12-24 20:11:06.855');
INSERT INTO `act_hi_varinst` VALUES ('22516', '22514', '22514', null, 'Ass5', 'string', '0', null, null, null, 'admin', null, '2017-12-24 20:21:33.362', '2017-12-24 20:21:33.362');
INSERT INTO `act_hi_varinst` VALUES ('22517', '22514', '22514', null, 'Ass4', 'string', '0', null, null, null, 'admin', null, '2017-12-24 20:21:33.362', '2017-12-24 20:21:33.362');
INSERT INTO `act_hi_varinst` VALUES ('22518', '22514', '22514', null, 'Ass3', 'string', '0', null, null, null, 'admin', null, '2017-12-24 20:21:33.362', '2017-12-24 20:21:33.362');
INSERT INTO `act_hi_varinst` VALUES ('22519', '22514', '22514', null, 'Ass2', 'string', '0', null, null, null, 'admin', null, '2017-12-24 20:21:33.362', '2017-12-24 20:21:33.362');
INSERT INTO `act_hi_varinst` VALUES ('22520', '22514', '22514', null, 'reimbursementId', 'null', '0', null, null, null, null, null, '2017-12-24 20:21:33.362', '2017-12-24 20:21:33.362');
INSERT INTO `act_hi_varinst` VALUES ('22521', '22514', '22514', null, 'Ass1', 'string', '0', null, null, null, 'admin', null, '2017-12-24 20:21:33.363', '2017-12-24 20:21:33.363');
INSERT INTO `act_hi_varinst` VALUES ('22529', '22527', '22527', null, 'Ass5', 'string', '0', null, null, null, 'admin', null, '2017-12-24 20:22:30.415', '2017-12-24 20:22:30.415');
INSERT INTO `act_hi_varinst` VALUES ('22530', '22527', '22527', null, 'Ass4', 'string', '0', null, null, null, 'admin', null, '2017-12-24 20:22:30.415', '2017-12-24 20:22:30.415');
INSERT INTO `act_hi_varinst` VALUES ('22531', '22527', '22527', null, 'Ass3', 'string', '0', null, null, null, 'admin', null, '2017-12-24 20:22:30.415', '2017-12-24 20:22:30.415');
INSERT INTO `act_hi_varinst` VALUES ('22532', '22527', '22527', null, 'Ass2', 'string', '0', null, null, null, 'admin', null, '2017-12-24 20:22:30.415', '2017-12-24 20:22:30.415');
INSERT INTO `act_hi_varinst` VALUES ('22533', '22527', '22527', null, 'reimbursementId', 'null', '0', null, null, null, null, null, '2017-12-24 20:22:30.415', '2017-12-24 20:22:30.415');
INSERT INTO `act_hi_varinst` VALUES ('22534', '22527', '22527', null, 'Ass1', 'string', '0', null, null, null, 'admin', null, '2017-12-24 20:22:30.415', '2017-12-24 20:22:30.415');
INSERT INTO `act_hi_varinst` VALUES ('25003', '25001', '25001', null, 'Ass5', 'string', '0', null, null, null, 'admin', null, '2017-12-24 20:41:36.013', '2017-12-24 20:41:36.013');
INSERT INTO `act_hi_varinst` VALUES ('25004', '25001', '25001', null, 'Ass4', 'string', '0', null, null, null, 'admin', null, '2017-12-24 20:41:36.014', '2017-12-24 20:41:36.014');
INSERT INTO `act_hi_varinst` VALUES ('25005', '25001', '25001', null, 'Ass3', 'string', '0', null, null, null, 'admin', null, '2017-12-24 20:41:36.014', '2017-12-24 20:41:36.014');
INSERT INTO `act_hi_varinst` VALUES ('25006', '25001', '25001', null, 'Ass2', 'string', '0', null, null, null, 'admin', null, '2017-12-24 20:41:36.014', '2017-12-24 20:41:36.014');
INSERT INTO `act_hi_varinst` VALUES ('25007', '25001', '25001', null, 'reimbursementId', 'integer', '0', null, null, '4', '4', null, '2017-12-24 20:41:36.014', '2017-12-24 20:41:36.014');
INSERT INTO `act_hi_varinst` VALUES ('25008', '25001', '25001', null, 'Ass1', 'string', '0', null, null, null, 'admin', null, '2017-12-24 20:41:36.014', '2017-12-24 20:41:36.014');
INSERT INTO `act_hi_varinst` VALUES ('2503', '2501', '2501', null, 'Ass5', 'string', '1', null, null, null, 'admin', null, '2017-12-17 18:31:16.285', '2017-12-27 11:32:05.130');
INSERT INTO `act_hi_varinst` VALUES ('2504', '2501', '2501', null, 'Ass4', 'string', '1', null, null, null, 'admin', null, '2017-12-17 18:31:16.286', '2017-12-27 11:32:05.130');
INSERT INTO `act_hi_varinst` VALUES ('2505', '2501', '2501', null, 'Ass3', 'string', '1', null, null, null, 'admin', null, '2017-12-17 18:31:16.287', '2017-12-27 11:32:05.130');
INSERT INTO `act_hi_varinst` VALUES ('2506', '2501', '2501', null, 'Ass2', 'string', '1', null, null, null, 'admin', null, '2017-12-17 18:31:16.287', '2017-12-27 11:32:05.130');
INSERT INTO `act_hi_varinst` VALUES ('2507', '2501', '2501', null, 'Ass1', 'string', '1', null, null, null, 'admin', null, '2017-12-17 18:31:16.287', '2017-12-27 11:32:05.131');
INSERT INTO `act_hi_varinst` VALUES ('2508', '2501', '2501', null, 'holidayId', 'integer', '1', null, null, '1', '1', null, '2017-12-17 18:31:16.287', '2017-12-27 11:32:05.131');
INSERT INTO `act_hi_varinst` VALUES ('30003', '30001', '30001', null, 'Ass5', 'string', '0', null, null, null, 'admin', null, '2017-12-26 15:47:43.317', '2017-12-26 15:47:43.317');
INSERT INTO `act_hi_varinst` VALUES ('30004', '30001', '30001', null, 'Ass4', 'string', '0', null, null, null, 'admin', null, '2017-12-26 15:47:43.319', '2017-12-26 15:47:43.319');
INSERT INTO `act_hi_varinst` VALUES ('30005', '30001', '30001', null, 'Ass3', 'string', '0', null, null, null, 'admin', null, '2017-12-26 15:47:43.319', '2017-12-26 15:47:43.319');
INSERT INTO `act_hi_varinst` VALUES ('30006', '30001', '30001', null, 'Ass2', 'string', '0', null, null, null, 'admin', null, '2017-12-26 15:47:43.319', '2017-12-26 15:47:43.319');
INSERT INTO `act_hi_varinst` VALUES ('30007', '30001', '30001', null, 'Ass1', 'string', '0', null, null, null, 'admin', null, '2017-12-26 15:47:43.319', '2017-12-26 15:47:43.319');
INSERT INTO `act_hi_varinst` VALUES ('30008', '30001', '30001', null, 'holidayId', 'integer', '0', null, null, '20', '20', null, '2017-12-26 15:47:43.319', '2017-12-26 15:47:43.319');
INSERT INTO `act_hi_varinst` VALUES ('30016', '30014', '30014', null, 'Ass5', 'string', '0', null, null, null, 'admin', null, '2017-12-26 15:50:59.615', '2017-12-26 15:50:59.615');
INSERT INTO `act_hi_varinst` VALUES ('30017', '30014', '30014', null, 'Ass4', 'string', '0', null, null, null, 'admin', null, '2017-12-26 15:50:59.615', '2017-12-26 15:50:59.615');
INSERT INTO `act_hi_varinst` VALUES ('30018', '30014', '30014', null, 'Ass3', 'string', '0', null, null, null, 'admin', null, '2017-12-26 15:50:59.615', '2017-12-26 15:50:59.615');
INSERT INTO `act_hi_varinst` VALUES ('30019', '30014', '30014', null, 'Ass2', 'string', '0', null, null, null, 'admin', null, '2017-12-26 15:50:59.616', '2017-12-26 15:50:59.616');
INSERT INTO `act_hi_varinst` VALUES ('30020', '30014', '30014', null, 'Ass1', 'string', '0', null, null, null, 'admin', null, '2017-12-26 15:50:59.616', '2017-12-26 15:50:59.616');
INSERT INTO `act_hi_varinst` VALUES ('30021', '30014', '30014', null, 'holidayId', 'integer', '0', null, null, '21', '21', null, '2017-12-26 15:50:59.616', '2017-12-26 15:50:59.616');
INSERT INTO `act_hi_varinst` VALUES ('30029', '30027', '30027', null, 'Ass5', 'string', '0', null, null, null, 'admin', null, '2017-12-26 15:52:15.715', '2017-12-26 15:52:15.715');
INSERT INTO `act_hi_varinst` VALUES ('30030', '30027', '30027', null, 'Ass4', 'string', '0', null, null, null, 'admin', null, '2017-12-26 15:52:15.715', '2017-12-26 15:52:15.715');
INSERT INTO `act_hi_varinst` VALUES ('30031', '30027', '30027', null, 'Ass3', 'string', '0', null, null, null, 'admin', null, '2017-12-26 15:52:15.715', '2017-12-26 15:52:15.715');
INSERT INTO `act_hi_varinst` VALUES ('30032', '30027', '30027', null, 'Ass2', 'string', '0', null, null, null, 'admin', null, '2017-12-26 15:52:15.715', '2017-12-26 15:52:15.715');
INSERT INTO `act_hi_varinst` VALUES ('30033', '30027', '30027', null, 'Ass1', 'string', '0', null, null, null, 'admin', null, '2017-12-26 15:52:15.715', '2017-12-26 15:52:15.715');
INSERT INTO `act_hi_varinst` VALUES ('30034', '30027', '30027', null, 'holidayId', 'integer', '0', null, null, '22', '22', null, '2017-12-26 15:52:15.716', '2017-12-26 15:52:15.716');
INSERT INTO `act_hi_varinst` VALUES ('30042', '30040', '30040', null, 'Ass5', 'string', '0', null, null, null, 'admin', null, '2017-12-26 15:58:40.483', '2017-12-26 15:58:40.483');
INSERT INTO `act_hi_varinst` VALUES ('30043', '30040', '30040', null, 'Ass4', 'string', '0', null, null, null, 'admin', null, '2017-12-26 15:58:40.483', '2017-12-26 15:58:40.483');
INSERT INTO `act_hi_varinst` VALUES ('30044', '30040', '30040', null, 'Ass3', 'string', '0', null, null, null, 'admin', null, '2017-12-26 15:58:40.483', '2017-12-26 15:58:40.483');
INSERT INTO `act_hi_varinst` VALUES ('30045', '30040', '30040', null, 'Ass2', 'string', '0', null, null, null, 'admin', null, '2017-12-26 15:58:40.483', '2017-12-26 15:58:40.483');
INSERT INTO `act_hi_varinst` VALUES ('30046', '30040', '30040', null, 'Ass1', 'string', '0', null, null, null, 'admin', null, '2017-12-26 15:58:40.483', '2017-12-26 15:58:40.483');
INSERT INTO `act_hi_varinst` VALUES ('30047', '30040', '30040', null, 'holidayId', 'integer', '0', null, null, '23', '23', null, '2017-12-26 15:58:40.483', '2017-12-26 15:58:40.483');
INSERT INTO `act_hi_varinst` VALUES ('30055', '30053', '30053', null, 'Ass5', 'string', '0', null, null, null, 'admin', null, '2017-12-26 16:03:05.024', '2017-12-26 16:03:05.024');
INSERT INTO `act_hi_varinst` VALUES ('30056', '30053', '30053', null, 'Ass4', 'string', '0', null, null, null, 'admin', null, '2017-12-26 16:03:05.024', '2017-12-26 16:03:05.024');
INSERT INTO `act_hi_varinst` VALUES ('30057', '30053', '30053', null, 'Ass3', 'string', '0', null, null, null, 'admin', null, '2017-12-26 16:03:05.024', '2017-12-26 16:03:05.024');
INSERT INTO `act_hi_varinst` VALUES ('30058', '30053', '30053', null, 'Ass2', 'string', '0', null, null, null, 'admin', null, '2017-12-26 16:03:05.039', '2017-12-26 16:03:05.039');
INSERT INTO `act_hi_varinst` VALUES ('30059', '30053', '30053', null, 'Ass1', 'string', '0', null, null, null, 'admin', null, '2017-12-26 16:03:05.039', '2017-12-26 16:03:05.039');
INSERT INTO `act_hi_varinst` VALUES ('30060', '30053', '30053', null, 'holidayId', 'integer', '0', null, null, '24', '24', null, '2017-12-26 16:03:05.039', '2017-12-26 16:03:05.039');
INSERT INTO `act_hi_varinst` VALUES ('30068', '30066', '30066', null, 'Ass5', 'string', '0', null, null, null, 'admin', null, '2017-12-26 16:03:39.096', '2017-12-26 16:03:39.096');
INSERT INTO `act_hi_varinst` VALUES ('30069', '30066', '30066', null, 'Ass4', 'string', '0', null, null, null, 'admin', null, '2017-12-26 16:03:39.096', '2017-12-26 16:03:39.096');
INSERT INTO `act_hi_varinst` VALUES ('30070', '30066', '30066', null, 'Ass3', 'string', '0', null, null, null, 'admin', null, '2017-12-26 16:03:39.096', '2017-12-26 16:03:39.096');
INSERT INTO `act_hi_varinst` VALUES ('30071', '30066', '30066', null, 'Ass2', 'string', '0', null, null, null, 'admin', null, '2017-12-26 16:03:39.096', '2017-12-26 16:03:39.096');
INSERT INTO `act_hi_varinst` VALUES ('30072', '30066', '30066', null, 'Ass1', 'string', '0', null, null, null, 'admin', null, '2017-12-26 16:03:39.096', '2017-12-26 16:03:39.096');
INSERT INTO `act_hi_varinst` VALUES ('30073', '30066', '30066', null, 'holidayId', 'integer', '0', null, null, '25', '25', null, '2017-12-26 16:03:39.096', '2017-12-26 16:03:39.096');
INSERT INTO `act_hi_varinst` VALUES ('30081', '30079', '30079', null, 'Ass5', 'string', '0', null, null, null, 'admin', null, '2017-12-26 16:08:27.147', '2017-12-26 16:08:27.147');
INSERT INTO `act_hi_varinst` VALUES ('30082', '30079', '30079', null, 'Ass4', 'string', '0', null, null, null, 'admin', null, '2017-12-26 16:08:27.147', '2017-12-26 16:08:27.147');
INSERT INTO `act_hi_varinst` VALUES ('30083', '30079', '30079', null, 'Ass3', 'string', '0', null, null, null, 'admin', null, '2017-12-26 16:08:27.163', '2017-12-26 16:08:27.163');
INSERT INTO `act_hi_varinst` VALUES ('30084', '30079', '30079', null, 'Ass2', 'string', '0', null, null, null, 'admin', null, '2017-12-26 16:08:27.163', '2017-12-26 16:08:27.163');
INSERT INTO `act_hi_varinst` VALUES ('30085', '30079', '30079', null, 'Ass1', 'string', '0', null, null, null, 'admin', null, '2017-12-26 16:08:27.163', '2017-12-26 16:08:27.163');
INSERT INTO `act_hi_varinst` VALUES ('30086', '30079', '30079', null, 'holidayId', 'integer', '0', null, null, '26', '26', null, '2017-12-26 16:08:27.163', '2017-12-26 16:08:27.163');
INSERT INTO `act_hi_varinst` VALUES ('30094', '30092', '30092', null, 'Ass5', 'string', '0', null, null, null, 'admin', null, '2017-12-26 16:15:34.784', '2017-12-26 16:15:34.784');
INSERT INTO `act_hi_varinst` VALUES ('30095', '30092', '30092', null, 'Ass4', 'string', '0', null, null, null, 'admin', null, '2017-12-26 16:15:34.784', '2017-12-26 16:15:34.784');
INSERT INTO `act_hi_varinst` VALUES ('30096', '30092', '30092', null, 'Ass3', 'string', '0', null, null, null, 'admin', null, '2017-12-26 16:15:34.784', '2017-12-26 16:15:34.784');
INSERT INTO `act_hi_varinst` VALUES ('30097', '30092', '30092', null, 'Ass2', 'string', '0', null, null, null, 'admin', null, '2017-12-26 16:15:34.784', '2017-12-26 16:15:34.784');
INSERT INTO `act_hi_varinst` VALUES ('30098', '30092', '30092', null, 'reimbursementId', 'integer', '0', null, null, '5', '5', null, '2017-12-26 16:15:34.784', '2017-12-26 16:15:34.784');
INSERT INTO `act_hi_varinst` VALUES ('30099', '30092', '30092', null, 'Ass1', 'string', '0', null, null, null, 'admin', null, '2017-12-26 16:15:34.784', '2017-12-26 16:15:34.784');
INSERT INTO `act_hi_varinst` VALUES ('30107', '30105', '30105', null, 'Ass5', 'string', '0', null, null, null, 'admin', null, '2017-12-26 16:17:42.768', '2017-12-26 16:17:42.768');
INSERT INTO `act_hi_varinst` VALUES ('30108', '30105', '30105', null, 'Ass4', 'string', '0', null, null, null, 'admin', null, '2017-12-26 16:17:42.768', '2017-12-26 16:17:42.768');
INSERT INTO `act_hi_varinst` VALUES ('30109', '30105', '30105', null, 'Ass3', 'string', '0', null, null, null, 'admin', null, '2017-12-26 16:17:42.768', '2017-12-26 16:17:42.768');
INSERT INTO `act_hi_varinst` VALUES ('30110', '30105', '30105', null, 'Ass2', 'string', '0', null, null, null, 'admin', null, '2017-12-26 16:17:42.768', '2017-12-26 16:17:42.768');
INSERT INTO `act_hi_varinst` VALUES ('30111', '30105', '30105', null, 'reimbursementId', 'integer', '0', null, null, '6', '6', null, '2017-12-26 16:17:42.768', '2017-12-26 16:17:42.768');
INSERT INTO `act_hi_varinst` VALUES ('30112', '30105', '30105', null, 'Ass1', 'string', '0', null, null, null, 'admin', null, '2017-12-26 16:17:42.768', '2017-12-26 16:17:42.768');
INSERT INTO `act_hi_varinst` VALUES ('32503', '32501', '32501', null, 'Ass5', 'string', '0', null, null, null, 'admin', null, '2017-12-27 10:53:37.382', '2017-12-27 10:53:37.382');
INSERT INTO `act_hi_varinst` VALUES ('32504', '32501', '32501', null, 'Ass4', 'string', '0', null, null, null, 'admin', null, '2017-12-27 10:53:37.384', '2017-12-27 10:53:37.384');
INSERT INTO `act_hi_varinst` VALUES ('32505', '32501', '32501', null, 'Ass3', 'string', '0', null, null, null, 'admin', null, '2017-12-27 10:53:37.384', '2017-12-27 10:53:37.384');
INSERT INTO `act_hi_varinst` VALUES ('32506', '32501', '32501', null, 'Ass2', 'string', '0', null, null, null, 'admin', null, '2017-12-27 10:53:37.384', '2017-12-27 10:53:37.384');
INSERT INTO `act_hi_varinst` VALUES ('32507', '32501', '32501', null, 'reimbursementId', 'integer', '0', null, null, '7', '7', null, '2017-12-27 10:53:37.384', '2017-12-27 10:53:37.384');
INSERT INTO `act_hi_varinst` VALUES ('32508', '32501', '32501', null, 'Ass1', 'string', '0', null, null, null, 'admin', null, '2017-12-27 10:53:37.384', '2017-12-27 10:53:37.384');
INSERT INTO `act_hi_varinst` VALUES ('32516', '32514', '32514', null, 'Ass5', 'string', '0', null, null, null, 'admin', null, '2017-12-27 10:54:32.299', '2017-12-27 10:54:32.299');
INSERT INTO `act_hi_varinst` VALUES ('32517', '32514', '32514', null, 'Ass4', 'string', '0', null, null, null, 'admin', null, '2017-12-27 10:54:32.299', '2017-12-27 10:54:32.299');
INSERT INTO `act_hi_varinst` VALUES ('32518', '32514', '32514', null, 'Ass3', 'string', '0', null, null, null, 'admin', null, '2017-12-27 10:54:32.299', '2017-12-27 10:54:32.299');
INSERT INTO `act_hi_varinst` VALUES ('32519', '32514', '32514', null, 'Ass2', 'string', '0', null, null, null, 'admin', null, '2017-12-27 10:54:32.299', '2017-12-27 10:54:32.299');
INSERT INTO `act_hi_varinst` VALUES ('32520', '32514', '32514', null, 'reimbursementId', 'integer', '0', null, null, '8', '8', null, '2017-12-27 10:54:32.299', '2017-12-27 10:54:32.299');
INSERT INTO `act_hi_varinst` VALUES ('32521', '32514', '32514', null, 'Ass1', 'string', '0', null, null, null, 'admin', null, '2017-12-27 10:54:32.299', '2017-12-27 10:54:32.299');
INSERT INTO `act_hi_varinst` VALUES ('32529', '32527', '32527', null, 'Ass5', 'string', '0', null, null, null, 'admin', null, '2017-12-27 10:55:55.420', '2017-12-27 10:55:55.420');
INSERT INTO `act_hi_varinst` VALUES ('32530', '32527', '32527', null, 'Ass4', 'string', '0', null, null, null, 'admin', null, '2017-12-27 10:55:55.420', '2017-12-27 10:55:55.420');
INSERT INTO `act_hi_varinst` VALUES ('32531', '32527', '32527', null, 'Ass3', 'string', '0', null, null, null, 'admin', null, '2017-12-27 10:55:55.420', '2017-12-27 10:55:55.420');
INSERT INTO `act_hi_varinst` VALUES ('32532', '32527', '32527', null, 'Ass2', 'string', '0', null, null, null, 'admin', null, '2017-12-27 10:55:55.420', '2017-12-27 10:55:55.420');
INSERT INTO `act_hi_varinst` VALUES ('32533', '32527', '32527', null, 'reimbursementId', 'integer', '0', null, null, '9', '9', null, '2017-12-27 10:55:55.420', '2017-12-27 10:55:55.420');
INSERT INTO `act_hi_varinst` VALUES ('32534', '32527', '32527', null, 'Ass1', 'string', '0', null, null, null, 'admin', null, '2017-12-27 10:55:55.420', '2017-12-27 10:55:55.420');
INSERT INTO `act_hi_varinst` VALUES ('35002', '2501', '2501', null, 'completePeople', 'string', '1', null, null, null, 'admin', null, '2017-12-27 11:31:29.173', '2017-12-27 11:32:05.131');
INSERT INTO `act_hi_varinst` VALUES ('40003', '40001', '40001', null, 'Ass5', 'string', '0', null, null, null, 'admin', null, '2017-12-28 07:31:04.454', '2017-12-28 07:31:04.454');
INSERT INTO `act_hi_varinst` VALUES ('40004', '40001', '40001', null, 'Ass4', 'string', '0', null, null, null, 'admin', null, '2017-12-28 07:31:04.455', '2017-12-28 07:31:04.455');
INSERT INTO `act_hi_varinst` VALUES ('40005', '40001', '40001', null, 'Ass3', 'string', '0', null, null, null, 'admin', null, '2017-12-28 07:31:04.455', '2017-12-28 07:31:04.455');
INSERT INTO `act_hi_varinst` VALUES ('40006', '40001', '40001', null, 'Ass2', 'string', '0', null, null, null, 'admin', null, '2017-12-28 07:31:04.455', '2017-12-28 07:31:04.455');
INSERT INTO `act_hi_varinst` VALUES ('40007', '40001', '40001', null, 'reimbursementId', 'integer', '0', null, null, '10', '10', null, '2017-12-28 07:31:04.456', '2017-12-28 07:31:04.456');
INSERT INTO `act_hi_varinst` VALUES ('40008', '40001', '40001', null, 'Ass1', 'string', '0', null, null, null, 'admin', null, '2017-12-28 07:31:04.456', '2017-12-28 07:31:04.456');
INSERT INTO `act_hi_varinst` VALUES ('40016', '40014', '40014', null, 'Ass5', 'string', '0', null, null, null, 'admin', null, '2017-12-28 07:32:43.358', '2017-12-28 07:32:43.358');
INSERT INTO `act_hi_varinst` VALUES ('40017', '40014', '40014', null, 'Ass4', 'string', '0', null, null, null, 'admin', null, '2017-12-28 07:32:43.358', '2017-12-28 07:32:43.358');
INSERT INTO `act_hi_varinst` VALUES ('40018', '40014', '40014', null, 'Ass3', 'string', '0', null, null, null, 'admin', null, '2017-12-28 07:32:43.358', '2017-12-28 07:32:43.358');
INSERT INTO `act_hi_varinst` VALUES ('40019', '40014', '40014', null, 'Ass2', 'string', '0', null, null, null, 'admin', null, '2017-12-28 07:32:43.358', '2017-12-28 07:32:43.358');
INSERT INTO `act_hi_varinst` VALUES ('40020', '40014', '40014', null, 'reimbursementId', 'integer', '0', null, null, '11', '11', null, '2017-12-28 07:32:43.358', '2017-12-28 07:32:43.358');
INSERT INTO `act_hi_varinst` VALUES ('40021', '40014', '40014', null, 'Ass1', 'string', '0', null, null, null, 'admin', null, '2017-12-28 07:32:43.371', '2017-12-28 07:32:43.371');
INSERT INTO `act_hi_varinst` VALUES ('42503', '42501', '42501', null, 'Ass5', 'string', '0', null, null, null, 'admin', null, '2018-01-15 13:33:47.670', '2018-01-15 13:33:47.670');
INSERT INTO `act_hi_varinst` VALUES ('42504', '42501', '42501', null, 'Ass4', 'string', '0', null, null, null, 'admin', null, '2018-01-15 13:33:47.671', '2018-01-15 13:33:47.671');
INSERT INTO `act_hi_varinst` VALUES ('42505', '42501', '42501', null, 'Ass3', 'string', '0', null, null, null, 'admin', null, '2018-01-15 13:33:47.671', '2018-01-15 13:33:47.671');
INSERT INTO `act_hi_varinst` VALUES ('42506', '42501', '42501', null, 'Ass2', 'string', '0', null, null, null, 'admin', null, '2018-01-15 13:33:47.671', '2018-01-15 13:33:47.671');
INSERT INTO `act_hi_varinst` VALUES ('42507', '42501', '42501', null, 'Ass1', 'string', '0', null, null, null, 'admin', null, '2018-01-15 13:33:47.671', '2018-01-15 13:33:47.671');
INSERT INTO `act_hi_varinst` VALUES ('42508', '42501', '42501', null, 'holidayId', 'integer', '0', null, null, '27', '27', null, '2018-01-15 13:33:47.671', '2018-01-15 13:33:47.671');
INSERT INTO `act_hi_varinst` VALUES ('45003', '45001', '45001', null, 'Ass5', 'string', '0', null, null, null, 'admin', null, '2018-01-15 14:38:57.936', '2018-01-15 14:38:57.936');
INSERT INTO `act_hi_varinst` VALUES ('45004', '45001', '45001', null, 'Ass4', 'string', '0', null, null, null, 'admin', null, '2018-01-15 14:38:57.943', '2018-01-15 14:38:57.943');
INSERT INTO `act_hi_varinst` VALUES ('45005', '45001', '45001', null, 'Ass3', 'string', '0', null, null, null, 'admin', null, '2018-01-15 14:38:57.943', '2018-01-15 14:38:57.943');
INSERT INTO `act_hi_varinst` VALUES ('45006', '45001', '45001', null, 'Ass2', 'string', '0', null, null, null, 'admin', null, '2018-01-15 14:38:57.943', '2018-01-15 14:38:57.943');
INSERT INTO `act_hi_varinst` VALUES ('45007', '45001', '45001', null, 'Ass1', 'string', '0', null, null, null, 'admin', null, '2018-01-15 14:38:57.943', '2018-01-15 14:38:57.943');
INSERT INTO `act_hi_varinst` VALUES ('45008', '45001', '45001', null, 'holidayId', 'integer', '0', null, null, '28', '28', null, '2018-01-15 14:38:57.943', '2018-01-15 14:38:57.943');
INSERT INTO `act_hi_varinst` VALUES ('47503', '47501', '47501', null, 'Ass5', 'string', '0', null, null, null, 'admin', null, '2018-01-15 15:06:41.778', '2018-01-15 15:06:41.778');
INSERT INTO `act_hi_varinst` VALUES ('47504', '47501', '47501', null, 'Ass4', 'string', '0', null, null, null, 'admin', null, '2018-01-15 15:06:41.795', '2018-01-15 15:06:41.795');
INSERT INTO `act_hi_varinst` VALUES ('47505', '47501', '47501', null, 'Ass3', 'string', '0', null, null, null, 'admin', null, '2018-01-15 15:06:41.795', '2018-01-15 15:06:41.795');
INSERT INTO `act_hi_varinst` VALUES ('47506', '47501', '47501', null, 'Ass2', 'string', '0', null, null, null, 'admin', null, '2018-01-15 15:06:41.795', '2018-01-15 15:06:41.795');
INSERT INTO `act_hi_varinst` VALUES ('47507', '47501', '47501', null, 'Ass1', 'string', '0', null, null, null, 'admin', null, '2018-01-15 15:06:41.795', '2018-01-15 15:06:41.795');
INSERT INTO `act_hi_varinst` VALUES ('47508', '47501', '47501', null, 'holidayId', 'integer', '0', null, null, '29', '29', null, '2018-01-15 15:06:41.796', '2018-01-15 15:06:41.796');
INSERT INTO `act_hi_varinst` VALUES ('47516', '47514', '47514', null, 'Ass5', 'string', '0', null, null, null, 'admin', null, '2018-01-15 15:10:39.286', '2018-01-15 15:10:39.286');
INSERT INTO `act_hi_varinst` VALUES ('47517', '47514', '47514', null, 'Ass4', 'string', '0', null, null, null, 'admin', null, '2018-01-15 15:10:39.286', '2018-01-15 15:10:39.286');
INSERT INTO `act_hi_varinst` VALUES ('47518', '47514', '47514', null, 'Ass3', 'string', '0', null, null, null, 'admin', null, '2018-01-15 15:10:39.286', '2018-01-15 15:10:39.286');
INSERT INTO `act_hi_varinst` VALUES ('47519', '47514', '47514', null, 'Ass2', 'string', '0', null, null, null, 'admin', null, '2018-01-15 15:10:39.286', '2018-01-15 15:10:39.286');
INSERT INTO `act_hi_varinst` VALUES ('47520', '47514', '47514', null, 'Ass1', 'string', '0', null, null, null, 'admin', null, '2018-01-15 15:10:39.286', '2018-01-15 15:10:39.286');
INSERT INTO `act_hi_varinst` VALUES ('47521', '47514', '47514', null, 'holidayId', 'integer', '0', null, null, '30', '30', null, '2018-01-15 15:10:39.286', '2018-01-15 15:10:39.286');
INSERT INTO `act_hi_varinst` VALUES ('50003', '50001', '50001', null, 'Ass5', 'string', '0', null, null, null, 'admin', null, '2018-01-15 15:17:19.449', '2018-01-15 15:17:19.449');
INSERT INTO `act_hi_varinst` VALUES ('50004', '50001', '50001', null, 'Ass4', 'string', '0', null, null, null, 'admin', null, '2018-01-15 15:17:19.451', '2018-01-15 15:17:19.451');
INSERT INTO `act_hi_varinst` VALUES ('50005', '50001', '50001', null, 'Ass3', 'string', '0', null, null, null, 'admin', null, '2018-01-15 15:17:19.453', '2018-01-15 15:17:19.453');
INSERT INTO `act_hi_varinst` VALUES ('50006', '50001', '50001', null, 'Ass2', 'string', '0', null, null, null, 'admin', null, '2018-01-15 15:17:19.453', '2018-01-15 15:17:19.453');
INSERT INTO `act_hi_varinst` VALUES ('50007', '50001', '50001', null, 'Ass1', 'string', '0', null, null, null, 'admin', null, '2018-01-15 15:17:19.453', '2018-01-15 15:17:19.453');
INSERT INTO `act_hi_varinst` VALUES ('50008', '50001', '50001', null, 'holidayId', 'integer', '0', null, null, '31', '31', null, '2018-01-15 15:17:19.454', '2018-01-15 15:17:19.454');
INSERT INTO `act_hi_varinst` VALUES ('5003', '5001', '5001', null, 'Ass5', 'string', '0', null, null, null, 'admin', null, '2017-12-17 18:36:35.431', '2017-12-17 18:36:35.431');
INSERT INTO `act_hi_varinst` VALUES ('5004', '5001', '5001', null, 'Ass4', 'string', '0', null, null, null, 'admin', null, '2017-12-17 18:36:35.432', '2017-12-17 18:36:35.432');
INSERT INTO `act_hi_varinst` VALUES ('5005', '5001', '5001', null, 'Ass3', 'string', '0', null, null, null, 'admin', null, '2017-12-17 18:36:35.432', '2017-12-17 18:36:35.432');
INSERT INTO `act_hi_varinst` VALUES ('5006', '5001', '5001', null, 'Ass2', 'string', '0', null, null, null, 'admin', null, '2017-12-17 18:36:35.432', '2017-12-17 18:36:35.432');
INSERT INTO `act_hi_varinst` VALUES ('5007', '5001', '5001', null, 'Ass1', 'string', '0', null, null, null, 'admin', null, '2017-12-17 18:36:35.432', '2017-12-17 18:36:35.432');
INSERT INTO `act_hi_varinst` VALUES ('5008', '5001', '5001', null, 'holidayId', 'integer', '0', null, null, '18', '18', null, '2017-12-17 18:36:35.433', '2017-12-17 18:36:35.433');
INSERT INTO `act_hi_varinst` VALUES ('52503', '52501', '52501', null, 'Ass5', 'string', '0', null, null, null, 'admin', null, '2018-01-15 20:00:54.267', '2018-01-15 20:00:54.267');
INSERT INTO `act_hi_varinst` VALUES ('52504', '52501', '52501', null, 'Ass4', 'string', '0', null, null, null, 'admin', null, '2018-01-15 20:00:54.340', '2018-01-15 20:00:54.340');
INSERT INTO `act_hi_varinst` VALUES ('52505', '52501', '52501', null, 'Ass3', 'string', '0', null, null, null, 'admin', null, '2018-01-15 20:00:54.340', '2018-01-15 20:00:54.340');
INSERT INTO `act_hi_varinst` VALUES ('52506', '52501', '52501', null, 'Ass2', 'string', '0', null, null, null, 'admin', null, '2018-01-15 20:00:54.340', '2018-01-15 20:00:54.340');
INSERT INTO `act_hi_varinst` VALUES ('52507', '52501', '52501', null, 'reimbursementId', 'integer', '0', null, null, '13', '13', null, '2018-01-15 20:00:54.341', '2018-01-15 20:00:54.341');
INSERT INTO `act_hi_varinst` VALUES ('52508', '52501', '52501', null, 'Ass1', 'string', '0', null, null, null, 'admin', null, '2018-01-15 20:00:54.341', '2018-01-15 20:00:54.341');
INSERT INTO `act_hi_varinst` VALUES ('60003', '60001', '60001', null, 'Ass5', 'string', '1', null, null, null, 'admin', null, '2018-01-17 14:09:24.229', '2018-01-20 16:22:56.644');
INSERT INTO `act_hi_varinst` VALUES ('60004', '60001', '60001', null, 'thingsId', 'integer', '1', null, null, '2', '2', null, '2018-01-17 14:09:24.231', '2018-01-20 16:22:56.644');
INSERT INTO `act_hi_varinst` VALUES ('60005', '60001', '60001', null, 'Ass4', 'string', '1', null, null, null, 'admin', null, '2018-01-17 14:09:24.231', '2018-01-20 16:22:56.645');
INSERT INTO `act_hi_varinst` VALUES ('60006', '60001', '60001', null, 'Ass3', 'string', '1', null, null, null, 'admin', null, '2018-01-17 14:09:24.231', '2018-01-20 16:22:56.645');
INSERT INTO `act_hi_varinst` VALUES ('60007', '60001', '60001', null, 'Ass2', 'string', '1', null, null, null, 'admin', null, '2018-01-17 14:09:24.232', '2018-01-20 16:22:56.645');
INSERT INTO `act_hi_varinst` VALUES ('60008', '60001', '60001', null, 'Ass1', 'string', '1', null, null, null, 'admin', null, '2018-01-17 14:09:24.232', '2018-01-20 16:22:56.645');
INSERT INTO `act_hi_varinst` VALUES ('65005', '22501', '22501', null, 'completePeople', 'string', '0', null, null, null, 'admin', null, '2018-01-17 16:34:42.625', '2018-01-17 16:34:42.625');
INSERT INTO `act_hi_varinst` VALUES ('65011', '7501', '7501', null, 'completePeople', 'string', '0', null, null, null, 'admin', null, '2018-01-17 16:36:33.887', '2018-01-17 16:36:33.887');
INSERT INTO `act_hi_varinst` VALUES ('67502', '30001', '30001', null, 'msg', 'string', '0', null, null, null, '', null, '2018-01-17 16:43:33.909', '2018-01-17 16:43:33.909');
INSERT INTO `act_hi_varinst` VALUES ('67503', '30001', '30001', null, 'getHolidaydays', 'null', '0', null, null, null, null, null, '2018-01-17 16:43:33.910', '2018-01-17 16:43:33.910');
INSERT INTO `act_hi_varinst` VALUES ('67504', '30001', '30001', null, 'completePeople', 'string', '0', null, null, null, 'admin', null, '2018-01-17 16:43:33.910', '2018-01-17 16:43:33.910');
INSERT INTO `act_hi_varinst` VALUES ('70003', '70001', '70001', null, 'Ass5', 'string', '0', null, null, null, 'admin', null, '2018-01-18 10:04:49.447', '2018-01-18 10:04:49.447');
INSERT INTO `act_hi_varinst` VALUES ('70004', '70001', '70001', null, 'Ass4', 'string', '0', null, null, null, 'admin', null, '2018-01-18 10:04:49.448', '2018-01-18 10:04:49.448');
INSERT INTO `act_hi_varinst` VALUES ('70005', '70001', '70001', null, 'Ass3', 'string', '0', null, null, null, 'admin', null, '2018-01-18 10:04:49.448', '2018-01-18 10:04:49.448');
INSERT INTO `act_hi_varinst` VALUES ('70006', '70001', '70001', null, 'Ass2', 'string', '0', null, null, null, 'admin', null, '2018-01-18 10:04:49.448', '2018-01-18 10:04:49.448');
INSERT INTO `act_hi_varinst` VALUES ('70007', '70001', '70001', null, 'Ass1', 'string', '0', null, null, null, 'admin', null, '2018-01-18 10:04:49.448', '2018-01-18 10:04:49.448');
INSERT INTO `act_hi_varinst` VALUES ('70008', '70001', '70001', null, 'holidayId', 'integer', '0', null, null, '32', '32', null, '2018-01-18 10:04:49.448', '2018-01-18 10:04:49.448');
INSERT INTO `act_hi_varinst` VALUES ('72503', '72501', '72501', null, 'Ass5', 'string', '0', null, null, null, 'admin', null, '2018-01-18 10:40:05.565', '2018-01-18 10:40:05.565');
INSERT INTO `act_hi_varinst` VALUES ('72504', '72501', '72501', null, 'Ass4', 'string', '0', null, null, null, 'admin', null, '2018-01-18 10:40:05.566', '2018-01-18 10:40:05.566');
INSERT INTO `act_hi_varinst` VALUES ('72505', '72501', '72501', null, 'Ass3', 'string', '0', null, null, null, 'admin', null, '2018-01-18 10:40:05.567', '2018-01-18 10:40:05.567');
INSERT INTO `act_hi_varinst` VALUES ('72506', '72501', '72501', null, 'Ass2', 'string', '0', null, null, null, 'admin', null, '2018-01-18 10:40:05.567', '2018-01-18 10:40:05.567');
INSERT INTO `act_hi_varinst` VALUES ('72507', '72501', '72501', null, 'Ass1', 'string', '0', null, null, null, 'admin', null, '2018-01-18 10:40:05.567', '2018-01-18 10:40:05.567');
INSERT INTO `act_hi_varinst` VALUES ('72508', '72501', '72501', null, 'holidayId', 'integer', '0', null, null, '34', '34', null, '2018-01-18 10:40:05.567', '2018-01-18 10:40:05.567');
INSERT INTO `act_hi_varinst` VALUES ('7503', '7501', '7501', null, 'Ass5', 'string', '0', null, null, null, 'admin', null, '2017-12-17 21:52:26.139', '2017-12-17 21:52:26.139');
INSERT INTO `act_hi_varinst` VALUES ('7504', '7501', '7501', null, 'Ass4', 'string', '0', null, null, null, 'admin', null, '2017-12-17 21:52:26.158', '2017-12-17 21:52:26.158');
INSERT INTO `act_hi_varinst` VALUES ('7505', '7501', '7501', null, 'Ass3', 'string', '0', null, null, null, 'houentai', null, '2017-12-17 21:52:26.158', '2017-12-17 21:52:26.158');
INSERT INTO `act_hi_varinst` VALUES ('7506', '7501', '7501', null, 'Ass2', 'string', '0', null, null, null, 'houentai', null, '2017-12-17 21:52:26.158', '2017-12-17 21:52:26.158');
INSERT INTO `act_hi_varinst` VALUES ('7507', '7501', '7501', null, 'Ass1', 'string', '0', null, null, null, 'admin', null, '2017-12-17 21:52:26.158', '2017-12-17 21:52:26.158');
INSERT INTO `act_hi_varinst` VALUES ('7508', '7501', '7501', null, 'holidayId', 'integer', '0', null, null, '19', '19', null, '2017-12-17 21:52:26.159', '2017-12-17 21:52:26.159');
INSERT INTO `act_hi_varinst` VALUES ('87502', '72501', '72501', null, 'msg', 'string', '2', null, null, null, '', null, '2018-01-20 11:39:09.518', '2018-01-20 11:39:37.914');
INSERT INTO `act_hi_varinst` VALUES ('87503', '72501', '72501', null, 'getHolidaydays', 'null', '2', null, null, null, null, null, '2018-01-20 11:39:09.520', '2018-01-20 11:39:37.915');
INSERT INTO `act_hi_varinst` VALUES ('90015', '90013', '90013', null, 'Ass2', 'string', '1', null, null, null, 'admin', null, '2018-01-20 12:14:56.012', '2018-01-20 12:21:00.712');
INSERT INTO `act_hi_varinst` VALUES ('90016', '90013', '90013', null, 'Ass1', 'string', '1', null, null, null, 'admin', null, '2018-01-20 12:14:56.012', '2018-01-20 12:21:00.712');
INSERT INTO `act_hi_varinst` VALUES ('90017', '90013', '90013', null, 'holidayId', 'integer', '1', null, null, '36', '36', null, '2018-01-20 12:14:56.012', '2018-01-20 12:21:00.712');
INSERT INTO `act_hi_varinst` VALUES ('92502', '90013', '90013', null, 'msg', 'string', '0', null, null, null, '', null, '2018-01-20 12:21:00.409', '2018-01-20 12:21:00.710');
INSERT INTO `act_hi_varinst` VALUES ('92503', '90013', '90013', null, 'getHolidaydays', 'null', '0', null, null, null, null, null, '2018-01-20 12:21:00.411', '2018-01-20 12:21:00.711');
INSERT INTO `act_hi_varinst` VALUES ('92504', '90013', '90013', null, 'completePeople', 'string', '0', null, null, null, 'admin', null, '2018-01-20 12:21:00.411', '2018-01-20 12:21:00.712');
INSERT INTO `act_hi_varinst` VALUES ('95002', '60001', '60001', null, 'msg', 'string', '3', null, null, null, '', null, '2018-01-20 15:45:31.001', '2018-01-20 16:22:56.644');
INSERT INTO `act_hi_varinst` VALUES ('95003', '60001', '60001', null, 'completePeople', 'string', '3', null, null, null, 'admin', null, '2018-01-20 15:45:31.004', '2018-01-20 16:22:56.645');
INSERT INTO `act_hi_varinst` VALUES ('95013', '52501', '52501', null, 'msg', 'string', '0', null, null, null, '', null, '2018-01-20 15:57:01.144', '2018-01-20 15:57:01.144');
INSERT INTO `act_hi_varinst` VALUES ('95014', '52501', '52501', null, 'completePeople', 'string', '0', null, null, null, 'admin', null, '2018-01-20 15:57:01.144', '2018-01-20 15:57:01.144');
INSERT INTO `act_hi_varinst` VALUES ('97505', '97503', '97503', null, 'thingsId', 'integer', '1', null, null, '3', '3', null, '2018-01-20 16:24:27.025', '2018-01-20 16:24:49.624');
INSERT INTO `act_hi_varinst` VALUES ('97506', '97503', '97503', null, 'Ass2', 'string', '1', null, null, null, 'admin', null, '2018-01-20 16:24:27.025', '2018-01-20 16:24:49.624');
INSERT INTO `act_hi_varinst` VALUES ('97507', '97503', '97503', null, 'Ass1', 'string', '1', null, null, null, 'admin', null, '2018-01-20 16:24:27.026', '2018-01-20 16:24:49.624');
INSERT INTO `act_hi_varinst` VALUES ('97514', '97503', '97503', null, 'msg', 'string', '0', null, null, null, '', null, '2018-01-20 16:24:48.807', '2018-01-20 16:24:49.624');
INSERT INTO `act_hi_varinst` VALUES ('97515', '97503', '97503', null, 'completePeople', 'string', '0', null, null, null, 'admin', null, '2018-01-20 16:24:48.807', '2018-01-20 16:24:49.624');

-- ----------------------------
-- Table structure for act_id_group
-- ----------------------------
DROP TABLE IF EXISTS `act_id_group`;
CREATE TABLE `act_id_group` (
  `ID_` varchar(64) COLLATE utf8_bin NOT NULL,
  `REV_` int(11) DEFAULT NULL,
  `NAME_` varchar(255) COLLATE utf8_bin DEFAULT NULL,
  `TYPE_` varchar(255) COLLATE utf8_bin DEFAULT NULL,
  PRIMARY KEY (`ID_`)
) ENGINE=InnoDB DEFAULT CHARSET=utf8 COLLATE=utf8_bin;

-- ----------------------------
-- Records of act_id_group
-- ----------------------------

-- ----------------------------
-- Table structure for act_id_info
-- ----------------------------
DROP TABLE IF EXISTS `act_id_info`;
CREATE TABLE `act_id_info` (
  `ID_` varchar(64) COLLATE utf8_bin NOT NULL,
  `REV_` int(11) DEFAULT NULL,
  `USER_ID_` varchar(64) COLLATE utf8_bin DEFAULT NULL,
  `TYPE_` varchar(64) COLLATE utf8_bin DEFAULT NULL,
  `KEY_` varchar(255) COLLATE utf8_bin DEFAULT NULL,
  `VALUE_` varchar(255) COLLATE utf8_bin DEFAULT NULL,
  `PASSWORD_` longblob,
  `PARENT_ID_` varchar(255) COLLATE utf8_bin DEFAULT NULL,
  PRIMARY KEY (`ID_`)
) ENGINE=InnoDB DEFAULT CHARSET=utf8 COLLATE=utf8_bin;

-- ----------------------------
-- Records of act_id_info
-- ----------------------------

-- ----------------------------
-- Table structure for act_id_membership
-- ----------------------------
DROP TABLE IF EXISTS `act_id_membership`;
CREATE TABLE `act_id_membership` (
  `USER_ID_` varchar(64) COLLATE utf8_bin NOT NULL,
  `GROUP_ID_` varchar(64) COLLATE utf8_bin NOT NULL,
  PRIMARY KEY (`USER_ID_`,`GROUP_ID_`),
  KEY `ACT_FK_MEMB_GROUP` (`GROUP_ID_`),
  CONSTRAINT `ACT_FK_MEMB_GROUP` FOREIGN KEY (`GROUP_ID_`) REFERENCES `act_id_group` (`ID_`),
  CONSTRAINT `ACT_FK_MEMB_USER` FOREIGN KEY (`USER_ID_`) REFERENCES `act_id_user` (`ID_`)
) ENGINE=InnoDB DEFAULT CHARSET=utf8 COLLATE=utf8_bin;

-- ----------------------------
-- Records of act_id_membership
-- ----------------------------

-- ----------------------------
-- Table structure for act_id_user
-- ----------------------------
DROP TABLE IF EXISTS `act_id_user`;
CREATE TABLE `act_id_user` (
  `ID_` varchar(64) COLLATE utf8_bin NOT NULL,
  `REV_` int(11) DEFAULT NULL,
  `FIRST_` varchar(255) COLLATE utf8_bin DEFAULT NULL,
  `LAST_` varchar(255) COLLATE utf8_bin DEFAULT NULL,
  `EMAIL_` varchar(255) COLLATE utf8_bin DEFAULT NULL,
  `PWD_` varchar(255) COLLATE utf8_bin DEFAULT NULL,
  `PICTURE_ID_` varchar(64) COLLATE utf8_bin DEFAULT NULL,
  PRIMARY KEY (`ID_`)
) ENGINE=InnoDB DEFAULT CHARSET=utf8 COLLATE=utf8_bin;

-- ----------------------------
-- Records of act_id_user
-- ----------------------------

-- ----------------------------
-- Table structure for act_procdef_info
-- ----------------------------
DROP TABLE IF EXISTS `act_procdef_info`;
CREATE TABLE `act_procdef_info` (
  `ID_` varchar(64) COLLATE utf8_bin NOT NULL,
  `PROC_DEF_ID_` varchar(64) COLLATE utf8_bin NOT NULL,
  `REV_` int(11) DEFAULT NULL,
  `INFO_JSON_ID_` varchar(64) COLLATE utf8_bin DEFAULT NULL,
  PRIMARY KEY (`ID_`),
  UNIQUE KEY `ACT_UNIQ_INFO_PROCDEF` (`PROC_DEF_ID_`),
  KEY `ACT_IDX_INFO_PROCDEF` (`PROC_DEF_ID_`),
  KEY `ACT_FK_INFO_JSON_BA` (`INFO_JSON_ID_`),
  CONSTRAINT `ACT_FK_INFO_JSON_BA` FOREIGN KEY (`INFO_JSON_ID_`) REFERENCES `act_ge_bytearray` (`ID_`),
  CONSTRAINT `ACT_FK_INFO_PROCDEF` FOREIGN KEY (`PROC_DEF_ID_`) REFERENCES `act_re_procdef` (`ID_`)
) ENGINE=InnoDB DEFAULT CHARSET=utf8 COLLATE=utf8_bin;

-- ----------------------------
-- Records of act_procdef_info
-- ----------------------------

-- ----------------------------
-- Table structure for act_re_deployment
-- ----------------------------
DROP TABLE IF EXISTS `act_re_deployment`;
CREATE TABLE `act_re_deployment` (
  `ID_` varchar(64) COLLATE utf8_bin NOT NULL,
  `NAME_` varchar(255) COLLATE utf8_bin DEFAULT NULL,
  `CATEGORY_` varchar(255) COLLATE utf8_bin DEFAULT NULL,
  `TENANT_ID_` varchar(255) COLLATE utf8_bin DEFAULT '',
  `DEPLOY_TIME_` timestamp(3) NULL DEFAULT NULL,
  PRIMARY KEY (`ID_`)
) ENGINE=InnoDB DEFAULT CHARSET=utf8 COLLATE=utf8_bin;

-- ----------------------------
-- Records of act_re_deployment
-- ----------------------------
INSERT INTO `act_re_deployment` VALUES ('1', 'desktop.zip', null, '', '2017-12-17 18:10:17.810');
INSERT INTO `act_re_deployment` VALUES ('85001', 'helloword2.zip', null, '', '2018-01-20 10:35:10.012');
INSERT INTO `act_re_deployment` VALUES ('90009', 'helloword3.zip', null, '', '2018-01-20 12:14:11.152');

-- ----------------------------
-- Table structure for act_re_model
-- ----------------------------
DROP TABLE IF EXISTS `act_re_model`;
CREATE TABLE `act_re_model` (
  `ID_` varchar(64) COLLATE utf8_bin NOT NULL,
  `REV_` int(11) DEFAULT NULL,
  `NAME_` varchar(255) COLLATE utf8_bin DEFAULT NULL,
  `KEY_` varchar(255) COLLATE utf8_bin DEFAULT NULL,
  `CATEGORY_` varchar(255) COLLATE utf8_bin DEFAULT NULL,
  `CREATE_TIME_` timestamp(3) NULL DEFAULT NULL,
  `LAST_UPDATE_TIME_` timestamp(3) NULL DEFAULT NULL,
  `VERSION_` int(11) DEFAULT NULL,
  `META_INFO_` varchar(4000) COLLATE utf8_bin DEFAULT NULL,
  `DEPLOYMENT_ID_` varchar(64) COLLATE utf8_bin DEFAULT NULL,
  `EDITOR_SOURCE_VALUE_ID_` varchar(64) COLLATE utf8_bin DEFAULT NULL,
  `EDITOR_SOURCE_EXTRA_VALUE_ID_` varchar(64) COLLATE utf8_bin DEFAULT NULL,
  `TENANT_ID_` varchar(255) COLLATE utf8_bin DEFAULT '',
  PRIMARY KEY (`ID_`),
  KEY `ACT_FK_MODEL_SOURCE` (`EDITOR_SOURCE_VALUE_ID_`),
  KEY `ACT_FK_MODEL_SOURCE_EXTRA` (`EDITOR_SOURCE_EXTRA_VALUE_ID_`),
  KEY `ACT_FK_MODEL_DEPLOYMENT` (`DEPLOYMENT_ID_`),
  CONSTRAINT `ACT_FK_MODEL_DEPLOYMENT` FOREIGN KEY (`DEPLOYMENT_ID_`) REFERENCES `act_re_deployment` (`ID_`),
  CONSTRAINT `ACT_FK_MODEL_SOURCE` FOREIGN KEY (`EDITOR_SOURCE_VALUE_ID_`) REFERENCES `act_ge_bytearray` (`ID_`),
  CONSTRAINT `ACT_FK_MODEL_SOURCE_EXTRA` FOREIGN KEY (`EDITOR_SOURCE_EXTRA_VALUE_ID_`) REFERENCES `act_ge_bytearray` (`ID_`)
) ENGINE=InnoDB DEFAULT CHARSET=utf8 COLLATE=utf8_bin;

-- ----------------------------
-- Records of act_re_model
-- ----------------------------

-- ----------------------------
-- Table structure for act_re_procdef
-- ----------------------------
DROP TABLE IF EXISTS `act_re_procdef`;
CREATE TABLE `act_re_procdef` (
  `ID_` varchar(64) COLLATE utf8_bin NOT NULL,
  `REV_` int(11) DEFAULT NULL,
  `CATEGORY_` varchar(255) COLLATE utf8_bin DEFAULT NULL,
  `NAME_` varchar(255) COLLATE utf8_bin DEFAULT NULL,
  `KEY_` varchar(255) COLLATE utf8_bin NOT NULL,
  `VERSION_` int(11) NOT NULL,
  `DEPLOYMENT_ID_` varchar(64) COLLATE utf8_bin DEFAULT NULL,
  `RESOURCE_NAME_` varchar(4000) COLLATE utf8_bin DEFAULT NULL,
  `DGRM_RESOURCE_NAME_` varchar(4000) COLLATE utf8_bin DEFAULT NULL,
  `DESCRIPTION_` varchar(4000) COLLATE utf8_bin DEFAULT NULL,
  `HAS_START_FORM_KEY_` tinyint(4) DEFAULT NULL,
  `HAS_GRAPHICAL_NOTATION_` tinyint(4) DEFAULT NULL,
  `SUSPENSION_STATE_` int(11) DEFAULT NULL,
  `TENANT_ID_` varchar(255) COLLATE utf8_bin DEFAULT '',
  `peopleNumber` int(11) DEFAULT NULL,
  PRIMARY KEY (`ID_`),
  UNIQUE KEY `ACT_UNIQ_PROCDEF` (`KEY_`,`VERSION_`,`TENANT_ID_`)
) ENGINE=InnoDB DEFAULT CHARSET=utf8 COLLATE=utf8_bin;

-- ----------------------------
-- Records of act_re_procdef
-- ----------------------------
INSERT INTO `act_re_procdef` VALUES ('helloword2:1:85004', '1', 'http://www.activiti.org/test', 'My process', 'helloword2', '1', '85001', 'MyProcess2.bpmn', 'MyProcess2.png', null, '0', '1', '1', '', '1');
INSERT INTO `act_re_procdef` VALUES ('helloword3:1:90012', '1', 'http://www.activiti.org/test', 'My process', 'helloword3', '1', '90009', 'MyProcess2.bpmn', 'MyProcess2.png', null, '0', '1', '1', '', '1');
INSERT INTO `act_re_procdef` VALUES ('helloword:1:4', '1', 'http://www.activiti.org/test', 'hellowordprocess', 'helloword', '1', '1', 'MyProcess.bpmn', 'MyProcess.png', null, '0', '1', '1', '', '4');

-- ----------------------------
-- Table structure for act_ru_event_subscr
-- ----------------------------
DROP TABLE IF EXISTS `act_ru_event_subscr`;
CREATE TABLE `act_ru_event_subscr` (
  `ID_` varchar(64) COLLATE utf8_bin NOT NULL,
  `REV_` int(11) DEFAULT NULL,
  `EVENT_TYPE_` varchar(255) COLLATE utf8_bin NOT NULL,
  `EVENT_NAME_` varchar(255) COLLATE utf8_bin DEFAULT NULL,
  `EXECUTION_ID_` varchar(64) COLLATE utf8_bin DEFAULT NULL,
  `PROC_INST_ID_` varchar(64) COLLATE utf8_bin DEFAULT NULL,
  `ACTIVITY_ID_` varchar(64) COLLATE utf8_bin DEFAULT NULL,
  `CONFIGURATION_` varchar(255) COLLATE utf8_bin DEFAULT NULL,
  `CREATED_` timestamp(3) NOT NULL DEFAULT CURRENT_TIMESTAMP(3),
  `PROC_DEF_ID_` varchar(64) COLLATE utf8_bin DEFAULT NULL,
  `TENANT_ID_` varchar(255) COLLATE utf8_bin DEFAULT '',
  PRIMARY KEY (`ID_`),
  KEY `ACT_IDX_EVENT_SUBSCR_CONFIG_` (`CONFIGURATION_`),
  KEY `ACT_FK_EVENT_EXEC` (`EXECUTION_ID_`),
  CONSTRAINT `ACT_FK_EVENT_EXEC` FOREIGN KEY (`EXECUTION_ID_`) REFERENCES `act_ru_execution` (`ID_`)
) ENGINE=InnoDB DEFAULT CHARSET=utf8 COLLATE=utf8_bin;

-- ----------------------------
-- Records of act_ru_event_subscr
-- ----------------------------

-- ----------------------------
-- Table structure for act_ru_execution
-- ----------------------------
DROP TABLE IF EXISTS `act_ru_execution`;
CREATE TABLE `act_ru_execution` (
  `ID_` varchar(64) COLLATE utf8_bin NOT NULL,
  `REV_` int(11) DEFAULT NULL,
  `PROC_INST_ID_` varchar(64) COLLATE utf8_bin DEFAULT NULL,
  `BUSINESS_KEY_` varchar(255) COLLATE utf8_bin DEFAULT NULL,
  `PARENT_ID_` varchar(64) COLLATE utf8_bin DEFAULT NULL,
  `PROC_DEF_ID_` varchar(64) COLLATE utf8_bin DEFAULT NULL,
  `SUPER_EXEC_` varchar(64) COLLATE utf8_bin DEFAULT NULL,
  `ACT_ID_` varchar(255) COLLATE utf8_bin DEFAULT NULL,
  `IS_ACTIVE_` tinyint(4) DEFAULT NULL,
  `IS_CONCURRENT_` tinyint(4) DEFAULT NULL,
  `IS_SCOPE_` tinyint(4) DEFAULT NULL,
  `IS_EVENT_SCOPE_` tinyint(4) DEFAULT NULL,
  `SUSPENSION_STATE_` int(11) DEFAULT NULL,
  `CACHED_ENT_STATE_` int(11) DEFAULT NULL,
  `TENANT_ID_` varchar(255) COLLATE utf8_bin DEFAULT '',
  `NAME_` varchar(255) COLLATE utf8_bin DEFAULT NULL,
  `LOCK_TIME_` timestamp(3) NULL DEFAULT NULL,
  PRIMARY KEY (`ID_`),
  KEY `ACT_IDX_EXEC_BUSKEY` (`BUSINESS_KEY_`),
  KEY `ACT_FK_EXE_PROCINST` (`PROC_INST_ID_`),
  KEY `ACT_FK_EXE_PARENT` (`PARENT_ID_`),
  KEY `ACT_FK_EXE_SUPER` (`SUPER_EXEC_`),
  KEY `ACT_FK_EXE_PROCDEF` (`PROC_DEF_ID_`),
  CONSTRAINT `ACT_FK_EXE_PARENT` FOREIGN KEY (`PARENT_ID_`) REFERENCES `act_ru_execution` (`ID_`),
  CONSTRAINT `ACT_FK_EXE_PROCDEF` FOREIGN KEY (`PROC_DEF_ID_`) REFERENCES `act_re_procdef` (`ID_`),
  CONSTRAINT `ACT_FK_EXE_PROCINST` FOREIGN KEY (`PROC_INST_ID_`) REFERENCES `act_ru_execution` (`ID_`) ON DELETE CASCADE ON UPDATE CASCADE,
  CONSTRAINT `ACT_FK_EXE_SUPER` FOREIGN KEY (`SUPER_EXEC_`) REFERENCES `act_ru_execution` (`ID_`)
) ENGINE=InnoDB DEFAULT CHARSET=utf8 COLLATE=utf8_bin;

-- ----------------------------
-- Records of act_ru_execution
-- ----------------------------
INSERT INTO `act_ru_execution` VALUES ('100001', '2', '100001', null, null, 'helloword3:1:90012', null, 'usertask2', '1', '0', '1', '0', '1', '2', '', null, null);
INSERT INTO `act_ru_execution` VALUES ('102501', '2', '102501', null, null, 'helloword3:1:90012', null, 'usertask2', '1', '0', '1', '0', '1', '2', '', null, null);
INSERT INTO `act_ru_execution` VALUES ('107501', '2', '107501', null, null, 'helloword3:1:90012', null, 'usertask2', '1', '0', '1', '0', '1', '2', '', null, null);
INSERT INTO `act_ru_execution` VALUES ('110001', '2', '110001', null, null, 'helloword3:1:90012', null, 'usertask2', '1', '0', '1', '0', '1', '2', '', null, null);
INSERT INTO `act_ru_execution` VALUES ('22501', '3', '22501', null, null, 'helloword:1:4', null, 'usertask3', '1', '0', '1', '0', '1', '2', '', null, null);
INSERT INTO `act_ru_execution` VALUES ('22514', '2', '22514', null, null, 'helloword:1:4', null, 'usertask2', '1', '0', '1', '0', '1', '2', '', null, null);
INSERT INTO `act_ru_execution` VALUES ('22527', '2', '22527', null, null, 'helloword:1:4', null, 'usertask2', '1', '0', '1', '0', '1', '2', '', null, null);
INSERT INTO `act_ru_execution` VALUES ('25001', '2', '25001', null, null, 'helloword:1:4', null, 'usertask2', '1', '0', '1', '0', '1', '2', '', null, null);
INSERT INTO `act_ru_execution` VALUES ('30001', '3', '30001', null, null, 'helloword:1:4', null, 'usertask3', '1', '0', '1', '0', '1', '2', '', null, null);
INSERT INTO `act_ru_execution` VALUES ('30014', '2', '30014', null, null, 'helloword:1:4', null, 'usertask2', '1', '0', '1', '0', '1', '2', '', null, null);
INSERT INTO `act_ru_execution` VALUES ('30027', '2', '30027', null, null, 'helloword:1:4', null, 'usertask2', '1', '0', '1', '0', '1', '2', '', null, null);
INSERT INTO `act_ru_execution` VALUES ('30040', '2', '30040', null, null, 'helloword:1:4', null, 'usertask2', '1', '0', '1', '0', '1', '2', '', null, null);
INSERT INTO `act_ru_execution` VALUES ('30053', '2', '30053', null, null, 'helloword:1:4', null, 'usertask2', '1', '0', '1', '0', '1', '2', '', null, null);
INSERT INTO `act_ru_execution` VALUES ('30066', '2', '30066', null, null, 'helloword:1:4', null, 'usertask2', '1', '0', '1', '0', '1', '2', '', null, null);
INSERT INTO `act_ru_execution` VALUES ('30079', '2', '30079', null, null, 'helloword:1:4', null, 'usertask2', '1', '0', '1', '0', '1', '2', '', null, null);
INSERT INTO `act_ru_execution` VALUES ('30092', '2', '30092', null, null, 'helloword:1:4', null, 'usertask2', '1', '0', '1', '0', '1', '2', '', null, null);
INSERT INTO `act_ru_execution` VALUES ('30105', '2', '30105', null, null, 'helloword:1:4', null, 'usertask2', '1', '0', '1', '0', '1', '2', '', null, null);
INSERT INTO `act_ru_execution` VALUES ('32501', '2', '32501', null, null, 'helloword:1:4', null, 'usertask2', '1', '0', '1', '0', '1', '2', '', null, null);
INSERT INTO `act_ru_execution` VALUES ('32514', '2', '32514', null, null, 'helloword:1:4', null, 'usertask2', '1', '0', '1', '0', '1', '2', '', null, null);
INSERT INTO `act_ru_execution` VALUES ('32527', '2', '32527', null, null, 'helloword:1:4', null, 'usertask2', '1', '0', '1', '0', '1', '2', '', null, null);
INSERT INTO `act_ru_execution` VALUES ('40001', '2', '40001', null, null, 'helloword:1:4', null, 'usertask2', '1', '0', '1', '0', '1', '2', '', null, null);
INSERT INTO `act_ru_execution` VALUES ('40014', '2', '40014', null, null, 'helloword:1:4', null, 'usertask2', '1', '0', '1', '0', '1', '2', '', null, null);
INSERT INTO `act_ru_execution` VALUES ('42501', '2', '42501', null, null, 'helloword:1:4', null, 'usertask2', '1', '0', '1', '0', '1', '2', '', null, null);
INSERT INTO `act_ru_execution` VALUES ('45001', '2', '45001', null, null, 'helloword:1:4', null, 'usertask2', '1', '0', '1', '0', '1', '2', '', null, null);
INSERT INTO `act_ru_execution` VALUES ('47501', '2', '47501', null, null, 'helloword:1:4', null, 'usertask2', '1', '0', '1', '0', '1', '2', '', null, null);
INSERT INTO `act_ru_execution` VALUES ('47514', '2', '47514', null, null, 'helloword:1:4', null, 'usertask2', '1', '0', '1', '0', '1', '2', '', null, null);
INSERT INTO `act_ru_execution` VALUES ('50001', '2', '50001', null, null, 'helloword:1:4', null, 'usertask2', '1', '0', '1', '0', '1', '2', '', null, null);
INSERT INTO `act_ru_execution` VALUES ('5001', '3', '5001', null, null, 'helloword:1:4', null, 'usertask3', '1', '0', '1', '0', '1', '2', '', null, null);
INSERT INTO `act_ru_execution` VALUES ('52501', '3', '52501', null, null, 'helloword:1:4', null, 'usertask3', '1', '0', '1', '0', '1', '2', '', null, null);
INSERT INTO `act_ru_execution` VALUES ('70001', '2', '70001', null, null, 'helloword:1:4', null, 'usertask2', '1', '0', '1', '0', '1', '2', '', null, null);
INSERT INTO `act_ru_execution` VALUES ('72501', '5', '72501', null, null, 'helloword:1:4', null, 'usertask5', '1', '0', '1', '0', '1', '2', '', null, null);
INSERT INTO `act_ru_execution` VALUES ('7501', '5', '7501', null, null, 'helloword:1:4', null, 'usertask5', '1', '0', '1', '0', '1', '2', '', null, null);

-- ----------------------------
-- Table structure for act_ru_identitylink
-- ----------------------------
DROP TABLE IF EXISTS `act_ru_identitylink`;
CREATE TABLE `act_ru_identitylink` (
  `ID_` varchar(64) COLLATE utf8_bin NOT NULL,
  `REV_` int(11) DEFAULT NULL,
  `GROUP_ID_` varchar(255) COLLATE utf8_bin DEFAULT NULL,
  `TYPE_` varchar(255) COLLATE utf8_bin DEFAULT NULL,
  `USER_ID_` varchar(255) COLLATE utf8_bin DEFAULT NULL,
  `TASK_ID_` varchar(64) COLLATE utf8_bin DEFAULT NULL,
  `PROC_INST_ID_` varchar(64) COLLATE utf8_bin DEFAULT NULL,
  `PROC_DEF_ID_` varchar(64) COLLATE utf8_bin DEFAULT NULL,
  PRIMARY KEY (`ID_`),
  KEY `ACT_IDX_IDENT_LNK_USER` (`USER_ID_`),
  KEY `ACT_IDX_IDENT_LNK_GROUP` (`GROUP_ID_`),
  KEY `ACT_IDX_ATHRZ_PROCEDEF` (`PROC_DEF_ID_`),
  KEY `ACT_FK_TSKASS_TASK` (`TASK_ID_`),
  KEY `ACT_FK_IDL_PROCINST` (`PROC_INST_ID_`),
  CONSTRAINT `ACT_FK_ATHRZ_PROCEDEF` FOREIGN KEY (`PROC_DEF_ID_`) REFERENCES `act_re_procdef` (`ID_`),
  CONSTRAINT `ACT_FK_IDL_PROCINST` FOREIGN KEY (`PROC_INST_ID_`) REFERENCES `act_ru_execution` (`ID_`),
  CONSTRAINT `ACT_FK_TSKASS_TASK` FOREIGN KEY (`TASK_ID_`) REFERENCES `act_ru_task` (`ID_`)
) ENGINE=InnoDB DEFAULT CHARSET=utf8 COLLATE=utf8_bin;

-- ----------------------------
-- Records of act_ru_identitylink
-- ----------------------------
INSERT INTO `act_ru_identitylink` VALUES ('100008', '1', null, 'participant', 'admin', null, '100001', null);
INSERT INTO `act_ru_identitylink` VALUES ('10013', '1', null, 'participant', ',', null, '5001', null);
INSERT INTO `act_ru_identitylink` VALUES ('102508', '1', null, 'participant', 'admin', null, '102501', null);
INSERT INTO `act_ru_identitylink` VALUES ('107508', '1', null, 'participant', 'admin', null, '107501', null);
INSERT INTO `act_ru_identitylink` VALUES ('110008', '1', null, 'participant', 'admin', null, '110001', null);
INSERT INTO `act_ru_identitylink` VALUES ('12525', '1', null, 'participant', ',', null, '7501', null);
INSERT INTO `act_ru_identitylink` VALUES ('15003', '1', null, 'participant', 'undefined', null, '5001', null);
INSERT INTO `act_ru_identitylink` VALUES ('15005', '1', null, 'participant', 'undefined', null, '7501', null);
INSERT INTO `act_ru_identitylink` VALUES ('20001', '1', null, 'participant', '[object HTMLInputElement]', null, '5001', null);
INSERT INTO `act_ru_identitylink` VALUES ('20002', '1', null, 'participant', '5001', null, '7501', null);
INSERT INTO `act_ru_identitylink` VALUES ('20003', '1', null, 'participant', 'ggg', null, '7501', null);
INSERT INTO `act_ru_identitylink` VALUES ('20005', '1', null, 'participant', '2501', null, '5001', null);
INSERT INTO `act_ru_identitylink` VALUES ('22511', '1', null, 'participant', 'admin', null, '22501', null);
INSERT INTO `act_ru_identitylink` VALUES ('22524', '1', null, 'participant', 'admin', null, '22514', null);
INSERT INTO `act_ru_identitylink` VALUES ('22537', '1', null, 'participant', 'admin', null, '22527', null);
INSERT INTO `act_ru_identitylink` VALUES ('25011', '1', null, 'participant', 'admin', null, '25001', null);
INSERT INTO `act_ru_identitylink` VALUES ('30011', '1', null, 'participant', 'admin', null, '30001', null);
INSERT INTO `act_ru_identitylink` VALUES ('30024', '1', null, 'participant', 'admin', null, '30014', null);
INSERT INTO `act_ru_identitylink` VALUES ('30037', '1', null, 'participant', 'admin', null, '30027', null);
INSERT INTO `act_ru_identitylink` VALUES ('30050', '1', null, 'participant', 'admin', null, '30040', null);
INSERT INTO `act_ru_identitylink` VALUES ('30063', '1', null, 'participant', 'admin', null, '30053', null);
INSERT INTO `act_ru_identitylink` VALUES ('30076', '1', null, 'participant', 'admin', null, '30066', null);
INSERT INTO `act_ru_identitylink` VALUES ('30089', '1', null, 'participant', 'admin', null, '30079', null);
INSERT INTO `act_ru_identitylink` VALUES ('30102', '1', null, 'participant', 'admin', null, '30092', null);
INSERT INTO `act_ru_identitylink` VALUES ('30115', '1', null, 'participant', 'admin', null, '30105', null);
INSERT INTO `act_ru_identitylink` VALUES ('32511', '1', null, 'participant', 'admin', null, '32501', null);
INSERT INTO `act_ru_identitylink` VALUES ('32524', '1', null, 'participant', 'admin', null, '32514', null);
INSERT INTO `act_ru_identitylink` VALUES ('32537', '1', null, 'participant', 'admin', null, '32527', null);
INSERT INTO `act_ru_identitylink` VALUES ('40011', '1', null, 'participant', 'admin', null, '40001', null);
INSERT INTO `act_ru_identitylink` VALUES ('40024', '1', null, 'participant', 'admin', null, '40014', null);
INSERT INTO `act_ru_identitylink` VALUES ('42511', '1', null, 'participant', 'admin', null, '42501', null);
INSERT INTO `act_ru_identitylink` VALUES ('45011', '1', null, 'participant', 'admin', null, '45001', null);
INSERT INTO `act_ru_identitylink` VALUES ('47511', '1', null, 'participant', 'admin', null, '47501', null);
INSERT INTO `act_ru_identitylink` VALUES ('47524', '1', null, 'participant', 'admin', null, '47514', null);
INSERT INTO `act_ru_identitylink` VALUES ('50011', '1', null, 'participant', 'admin', null, '50001', null);
INSERT INTO `act_ru_identitylink` VALUES ('5011', '1', null, 'participant', 'admin', null, '5001', null);
INSERT INTO `act_ru_identitylink` VALUES ('52511', '1', null, 'participant', 'admin', null, '52501', null);
INSERT INTO `act_ru_identitylink` VALUES ('62501', '1', null, 'participant', 'ltz', null, '22501', null);
INSERT INTO `act_ru_identitylink` VALUES ('62502', '1', null, 'participant', 'ltz', null, '22514', null);
INSERT INTO `act_ru_identitylink` VALUES ('70011', '1', null, 'participant', 'admin', null, '70001', null);
INSERT INTO `act_ru_identitylink` VALUES ('72511', '1', null, 'participant', 'admin', null, '72501', null);
INSERT INTO `act_ru_identitylink` VALUES ('75002', '1', null, 'participant', 'ltz', null, '7501', null);
INSERT INTO `act_ru_identitylink` VALUES ('7511', '1', null, 'participant', 'admin', null, '7501', null);
INSERT INTO `act_ru_identitylink` VALUES ('7514', '1', null, 'participant', 'houentai', null, '7501', null);

-- ----------------------------
-- Table structure for act_ru_job
-- ----------------------------
DROP TABLE IF EXISTS `act_ru_job`;
CREATE TABLE `act_ru_job` (
  `ID_` varchar(64) COLLATE utf8_bin NOT NULL,
  `REV_` int(11) DEFAULT NULL,
  `TYPE_` varchar(255) COLLATE utf8_bin NOT NULL,
  `LOCK_EXP_TIME_` timestamp(3) NULL DEFAULT NULL,
  `LOCK_OWNER_` varchar(255) COLLATE utf8_bin DEFAULT NULL,
  `EXCLUSIVE_` tinyint(1) DEFAULT NULL,
  `EXECUTION_ID_` varchar(64) COLLATE utf8_bin DEFAULT NULL,
  `PROCESS_INSTANCE_ID_` varchar(64) COLLATE utf8_bin DEFAULT NULL,
  `PROC_DEF_ID_` varchar(64) COLLATE utf8_bin DEFAULT NULL,
  `RETRIES_` int(11) DEFAULT NULL,
  `EXCEPTION_STACK_ID_` varchar(64) COLLATE utf8_bin DEFAULT NULL,
  `EXCEPTION_MSG_` varchar(4000) COLLATE utf8_bin DEFAULT NULL,
  `DUEDATE_` timestamp(3) NULL DEFAULT NULL,
  `REPEAT_` varchar(255) COLLATE utf8_bin DEFAULT NULL,
  `HANDLER_TYPE_` varchar(255) COLLATE utf8_bin DEFAULT NULL,
  `HANDLER_CFG_` varchar(4000) COLLATE utf8_bin DEFAULT NULL,
  `TENANT_ID_` varchar(255) COLLATE utf8_bin DEFAULT '',
  PRIMARY KEY (`ID_`),
  KEY `ACT_FK_JOB_EXCEPTION` (`EXCEPTION_STACK_ID_`),
  CONSTRAINT `ACT_FK_JOB_EXCEPTION` FOREIGN KEY (`EXCEPTION_STACK_ID_`) REFERENCES `act_ge_bytearray` (`ID_`)
) ENGINE=InnoDB DEFAULT CHARSET=utf8 COLLATE=utf8_bin;

-- ----------------------------
-- Records of act_ru_job
-- ----------------------------

-- ----------------------------
-- Table structure for act_ru_task
-- ----------------------------
DROP TABLE IF EXISTS `act_ru_task`;
CREATE TABLE `act_ru_task` (
  `ID_` varchar(64) COLLATE utf8_bin NOT NULL,
  `REV_` int(11) DEFAULT NULL,
  `EXECUTION_ID_` varchar(64) COLLATE utf8_bin DEFAULT NULL,
  `PROC_INST_ID_` varchar(64) COLLATE utf8_bin DEFAULT NULL,
  `PROC_DEF_ID_` varchar(64) COLLATE utf8_bin DEFAULT NULL,
  `NAME_` varchar(255) COLLATE utf8_bin DEFAULT NULL,
  `PARENT_TASK_ID_` varchar(64) COLLATE utf8_bin DEFAULT NULL,
  `DESCRIPTION_` varchar(4000) COLLATE utf8_bin DEFAULT NULL,
  `TASK_DEF_KEY_` varchar(255) COLLATE utf8_bin DEFAULT NULL,
  `OWNER_` varchar(255) COLLATE utf8_bin DEFAULT NULL,
  `ASSIGNEE_` varchar(255) COLLATE utf8_bin DEFAULT NULL,
  `DELEGATION_` varchar(64) COLLATE utf8_bin DEFAULT NULL,
  `PRIORITY_` int(11) DEFAULT NULL,
  `CREATE_TIME_` timestamp(3) NULL DEFAULT NULL,
  `DUE_DATE_` datetime(3) DEFAULT NULL,
  `CATEGORY_` varchar(255) COLLATE utf8_bin DEFAULT NULL,
  `SUSPENSION_STATE_` int(11) DEFAULT NULL,
  `TENANT_ID_` varchar(255) COLLATE utf8_bin DEFAULT '',
  `FORM_KEY_` varchar(255) COLLATE utf8_bin DEFAULT NULL,
  PRIMARY KEY (`ID_`),
  KEY `ACT_IDX_TASK_CREATE` (`CREATE_TIME_`),
  KEY `ACT_FK_TASK_EXE` (`EXECUTION_ID_`),
  KEY `ACT_FK_TASK_PROCINST` (`PROC_INST_ID_`),
  KEY `ACT_FK_TASK_PROCDEF` (`PROC_DEF_ID_`),
  CONSTRAINT `ACT_FK_TASK_EXE` FOREIGN KEY (`EXECUTION_ID_`) REFERENCES `act_ru_execution` (`ID_`),
  CONSTRAINT `ACT_FK_TASK_PROCDEF` FOREIGN KEY (`PROC_DEF_ID_`) REFERENCES `act_re_procdef` (`ID_`),
  CONSTRAINT `ACT_FK_TASK_PROCINST` FOREIGN KEY (`PROC_INST_ID_`) REFERENCES `act_ru_execution` (`ID_`)
) ENGINE=InnoDB DEFAULT CHARSET=utf8 COLLATE=utf8_bin;

-- ----------------------------
-- Records of act_ru_task
-- ----------------------------
INSERT INTO `act_ru_task` VALUES ('100010', '1', '100001', '100001', 'helloword3:1:90012', 'User Task', null, null, 'usertask2', null, 'admin', null, '50', '2018-01-20 17:38:59.629', null, null, '1', '', null);
INSERT INTO `act_ru_task` VALUES ('10015', '5', '5001', '5001', 'helloword:1:4', '3', null, null, 'usertask3', null, '2501', null, '50', '2017-12-20 20:40:31.782', null, null, '1', '', null);
INSERT INTO `act_ru_task` VALUES ('102510', '1', '102501', '102501', 'helloword3:1:90012', 'User Task', null, null, 'usertask2', null, 'admin', null, '50', '2018-01-20 17:45:52.035', null, null, '1', '', null);
INSERT INTO `act_ru_task` VALUES ('107510', '1', '107501', '107501', 'helloword3:1:90012', 'User Task', null, null, 'usertask2', null, 'admin', null, '50', '2018-01-21 22:25:11.163', null, null, '1', '', null);
INSERT INTO `act_ru_task` VALUES ('110010', '1', '110001', '110001', 'helloword3:1:90012', 'User Task', null, null, 'usertask2', null, 'admin', null, '50', '2018-01-22 10:50:51.562', null, null, '1', '', null);
INSERT INTO `act_ru_task` VALUES ('22526', '3', '22514', '22514', 'helloword:1:4', '2', null, null, 'usertask2', null, 'admin', null, '50', '2017-12-24 20:21:33.618', null, null, '1', '', null);
INSERT INTO `act_ru_task` VALUES ('22539', '1', '22527', '22527', 'helloword:1:4', '2', null, null, 'usertask2', null, 'admin', null, '50', '2017-12-24 20:22:30.724', null, null, '1', '', null);
INSERT INTO `act_ru_task` VALUES ('25013', '1', '25001', '25001', 'helloword:1:4', '2', null, null, 'usertask2', null, 'admin', null, '50', '2017-12-24 20:41:37.494', null, null, '1', '', null);
INSERT INTO `act_ru_task` VALUES ('30026', '1', '30014', '30014', 'helloword:1:4', '2', null, null, 'usertask2', null, 'admin', null, '50', '2017-12-26 15:51:03.844', null, null, '1', '', null);
INSERT INTO `act_ru_task` VALUES ('30039', '1', '30027', '30027', 'helloword:1:4', '2', null, null, 'usertask2', null, 'admin', null, '50', '2017-12-26 15:52:15.917', null, null, '1', '', null);
INSERT INTO `act_ru_task` VALUES ('30052', '1', '30040', '30040', 'helloword:1:4', '2', null, null, 'usertask2', null, 'admin', null, '50', '2017-12-26 15:58:40.952', null, null, '1', '', null);
INSERT INTO `act_ru_task` VALUES ('30065', '1', '30053', '30053', 'helloword:1:4', '2', null, null, 'usertask2', null, 'admin', null, '50', '2017-12-26 16:03:05.148', null, null, '1', '', null);
INSERT INTO `act_ru_task` VALUES ('30078', '1', '30066', '30066', 'helloword:1:4', '2', null, null, 'usertask2', null, 'admin', null, '50', '2017-12-26 16:03:39.283', null, null, '1', '', null);
INSERT INTO `act_ru_task` VALUES ('30091', '1', '30079', '30079', 'helloword:1:4', '2', null, null, 'usertask2', null, 'admin', null, '50', '2017-12-26 16:08:27.319', null, null, '1', '', null);
INSERT INTO `act_ru_task` VALUES ('30104', '1', '30092', '30092', 'helloword:1:4', '2', null, null, 'usertask2', null, 'admin', null, '50', '2017-12-26 16:15:35.065', null, null, '1', '', null);
INSERT INTO `act_ru_task` VALUES ('30117', '1', '30105', '30105', 'helloword:1:4', '2', null, null, 'usertask2', null, 'admin', null, '50', '2017-12-26 16:17:42.924', null, null, '1', '', null);
INSERT INTO `act_ru_task` VALUES ('32513', '1', '32501', '32501', 'helloword:1:4', '2', null, null, 'usertask2', null, 'admin', null, '50', '2017-12-27 10:53:39.676', null, null, '1', '', null);
INSERT INTO `act_ru_task` VALUES ('32526', '1', '32514', '32514', 'helloword:1:4', '2', null, null, 'usertask2', null, 'admin', null, '50', '2017-12-27 10:54:32.578', null, null, '1', '', null);
INSERT INTO `act_ru_task` VALUES ('32539', '1', '32527', '32527', 'helloword:1:4', '2', null, null, 'usertask2', null, 'admin', null, '50', '2017-12-27 10:55:56.216', null, null, '1', '', null);
INSERT INTO `act_ru_task` VALUES ('40013', '1', '40001', '40001', 'helloword:1:4', '2', null, null, 'usertask2', null, 'admin', null, '50', '2017-12-28 07:31:05.845', null, null, '1', '', null);
INSERT INTO `act_ru_task` VALUES ('40026', '1', '40014', '40014', 'helloword:1:4', '2', null, null, 'usertask2', null, 'admin', null, '50', '2017-12-28 07:32:43.638', null, null, '1', '', null);
INSERT INTO `act_ru_task` VALUES ('42513', '1', '42501', '42501', 'helloword:1:4', '2', null, null, 'usertask2', null, 'admin', null, '50', '2018-01-15 13:33:48.605', null, null, '1', '', null);
INSERT INTO `act_ru_task` VALUES ('45013', '1', '45001', '45001', 'helloword:1:4', '2', null, null, 'usertask2', null, 'admin', null, '50', '2018-01-15 14:38:59.211', null, null, '1', '', null);
INSERT INTO `act_ru_task` VALUES ('47513', '1', '47501', '47501', 'helloword:1:4', '2', null, null, 'usertask2', null, 'admin', null, '50', '2018-01-15 15:06:44.184', null, null, '1', '', null);
INSERT INTO `act_ru_task` VALUES ('47526', '1', '47514', '47514', 'helloword:1:4', '2', null, null, 'usertask2', null, 'admin', null, '50', '2018-01-15 15:10:41.977', null, null, '1', '', null);
INSERT INTO `act_ru_task` VALUES ('50013', '1', '50001', '50001', 'helloword:1:4', '2', null, null, 'usertask2', null, 'admin', null, '50', '2018-01-15 15:17:20.061', null, null, '1', '', null);
INSERT INTO `act_ru_task` VALUES ('65007', '4', '22501', '22501', 'helloword:1:4', '3', null, null, 'usertask3', null, 'admin', null, '50', '2018-01-17 16:34:42.660', null, null, '1', '', null);
INSERT INTO `act_ru_task` VALUES ('65013', '3', '7501', '7501', 'helloword:1:4', '5', null, null, 'usertask5', null, 'admin', null, '50', '2018-01-17 16:36:34.012', null, null, '1', '', null);
INSERT INTO `act_ru_task` VALUES ('67506', '1', '30001', '30001', 'helloword:1:4', '3', null, null, 'usertask3', null, 'admin', null, '50', '2018-01-17 16:43:34.006', null, null, '1', '', null);
INSERT INTO `act_ru_task` VALUES ('70013', '1', '70001', '70001', 'helloword:1:4', '2', null, null, 'usertask2', null, 'admin', null, '50', '2018-01-18 10:04:50.506', null, null, '1', '', null);
INSERT INTO `act_ru_task` VALUES ('87511', '1', '72501', '72501', 'helloword:1:4', '5', null, null, 'usertask5', null, 'admin', null, '50', '2018-01-20 11:39:37.924', null, null, '1', '', null);
INSERT INTO `act_ru_task` VALUES ('95016', '1', '52501', '52501', 'helloword:1:4', '3', null, null, 'usertask3', null, 'admin', null, '50', '2018-01-20 15:57:01.155', null, null, '1', '', null);

-- ----------------------------
-- Table structure for act_ru_variable
-- ----------------------------
DROP TABLE IF EXISTS `act_ru_variable`;
CREATE TABLE `act_ru_variable` (
  `ID_` varchar(64) COLLATE utf8_bin NOT NULL,
  `REV_` int(11) DEFAULT NULL,
  `TYPE_` varchar(255) COLLATE utf8_bin NOT NULL,
  `NAME_` varchar(255) COLLATE utf8_bin NOT NULL,
  `EXECUTION_ID_` varchar(64) COLLATE utf8_bin DEFAULT NULL,
  `PROC_INST_ID_` varchar(64) COLLATE utf8_bin DEFAULT NULL,
  `TASK_ID_` varchar(64) COLLATE utf8_bin DEFAULT NULL,
  `BYTEARRAY_ID_` varchar(64) COLLATE utf8_bin DEFAULT NULL,
  `DOUBLE_` double DEFAULT NULL,
  `LONG_` bigint(20) DEFAULT NULL,
  `TEXT_` varchar(4000) COLLATE utf8_bin DEFAULT NULL,
  `TEXT2_` varchar(4000) COLLATE utf8_bin DEFAULT NULL,
  PRIMARY KEY (`ID_`),
  KEY `ACT_IDX_VARIABLE_TASK_ID` (`TASK_ID_`),
  KEY `ACT_FK_VAR_EXE` (`EXECUTION_ID_`),
  KEY `ACT_FK_VAR_PROCINST` (`PROC_INST_ID_`),
  KEY `ACT_FK_VAR_BYTEARRAY` (`BYTEARRAY_ID_`),
  CONSTRAINT `ACT_FK_VAR_BYTEARRAY` FOREIGN KEY (`BYTEARRAY_ID_`) REFERENCES `act_ge_bytearray` (`ID_`),
  CONSTRAINT `ACT_FK_VAR_EXE` FOREIGN KEY (`EXECUTION_ID_`) REFERENCES `act_ru_execution` (`ID_`),
  CONSTRAINT `ACT_FK_VAR_PROCINST` FOREIGN KEY (`PROC_INST_ID_`) REFERENCES `act_ru_execution` (`ID_`)
) ENGINE=InnoDB DEFAULT CHARSET=utf8 COLLATE=utf8_bin;

-- ----------------------------
-- Records of act_ru_variable
-- ----------------------------
INSERT INTO `act_ru_variable` VALUES ('100003', '1', 'integer', 'thingsId', '100001', '100001', null, null, null, '4', '4', null);
INSERT INTO `act_ru_variable` VALUES ('100004', '1', 'string', 'Ass2', '100001', '100001', null, null, null, null, 'admin', null);
INSERT INTO `act_ru_variable` VALUES ('100005', '1', 'string', 'Ass1', '100001', '100001', null, null, null, null, 'admin', null);
INSERT INTO `act_ru_variable` VALUES ('10011', '1', 'string', 'msg', '5001', '5001', null, null, null, null, '', null);
INSERT INTO `act_ru_variable` VALUES ('10012', '1', 'integer', 'getHolidaydays', '5001', '5001', null, null, null, '16', '16', null);
INSERT INTO `act_ru_variable` VALUES ('102503', '1', 'integer', 'thingsId', '102501', '102501', null, null, null, '5', '5', null);
INSERT INTO `act_ru_variable` VALUES ('102504', '1', 'string', 'Ass2', '102501', '102501', null, null, null, null, 'admin', null);
INSERT INTO `act_ru_variable` VALUES ('102505', '1', 'string', 'Ass1', '102501', '102501', null, null, null, null, 'admin', null);
INSERT INTO `act_ru_variable` VALUES ('107503', '1', 'integer', 'thingsId', '107501', '107501', null, null, null, '7', '7', null);
INSERT INTO `act_ru_variable` VALUES ('107504', '1', 'string', 'Ass2', '107501', '107501', null, null, null, null, 'admin', null);
INSERT INTO `act_ru_variable` VALUES ('107505', '1', 'string', 'Ass1', '107501', '107501', null, null, null, null, 'admin', null);
INSERT INTO `act_ru_variable` VALUES ('110003', '1', 'string', 'Ass2', '110001', '110001', null, null, null, null, 'admin', null);
INSERT INTO `act_ru_variable` VALUES ('110004', '1', 'string', 'Ass1', '110001', '110001', null, null, null, null, 'admin', null);
INSERT INTO `act_ru_variable` VALUES ('110005', '1', 'integer', 'holidayId', '110001', '110001', null, null, null, '37', '37', null);
INSERT INTO `act_ru_variable` VALUES ('12523', '1', 'string', 'msg', '7501', '7501', null, null, null, null, '', null);
INSERT INTO `act_ru_variable` VALUES ('12524', '2', 'null', 'getHolidaydays', '7501', '7501', null, null, null, null, null, null);
INSERT INTO `act_ru_variable` VALUES ('22503', '1', 'string', 'Ass5', '22501', '22501', null, null, null, null, 'admin', null);
INSERT INTO `act_ru_variable` VALUES ('22504', '1', 'string', 'Ass4', '22501', '22501', null, null, null, null, 'admin', null);
INSERT INTO `act_ru_variable` VALUES ('22505', '1', 'string', 'Ass3', '22501', '22501', null, null, null, null, 'admin', null);
INSERT INTO `act_ru_variable` VALUES ('22506', '1', 'string', 'Ass2', '22501', '22501', null, null, null, null, 'admin', null);
INSERT INTO `act_ru_variable` VALUES ('22507', '1', 'null', 'reimbursementId', '22501', '22501', null, null, null, null, null, null);
INSERT INTO `act_ru_variable` VALUES ('22508', '1', 'string', 'Ass1', '22501', '22501', null, null, null, null, 'admin', null);
INSERT INTO `act_ru_variable` VALUES ('22516', '1', 'string', 'Ass5', '22514', '22514', null, null, null, null, 'admin', null);
INSERT INTO `act_ru_variable` VALUES ('22517', '1', 'string', 'Ass4', '22514', '22514', null, null, null, null, 'admin', null);
INSERT INTO `act_ru_variable` VALUES ('22518', '1', 'string', 'Ass3', '22514', '22514', null, null, null, null, 'admin', null);
INSERT INTO `act_ru_variable` VALUES ('22519', '1', 'string', 'Ass2', '22514', '22514', null, null, null, null, 'admin', null);
INSERT INTO `act_ru_variable` VALUES ('22520', '1', 'null', 'reimbursementId', '22514', '22514', null, null, null, null, null, null);
INSERT INTO `act_ru_variable` VALUES ('22521', '1', 'string', 'Ass1', '22514', '22514', null, null, null, null, 'admin', null);
INSERT INTO `act_ru_variable` VALUES ('22529', '1', 'string', 'Ass5', '22527', '22527', null, null, null, null, 'admin', null);
INSERT INTO `act_ru_variable` VALUES ('22530', '1', 'string', 'Ass4', '22527', '22527', null, null, null, null, 'admin', null);
INSERT INTO `act_ru_variable` VALUES ('22531', '1', 'string', 'Ass3', '22527', '22527', null, null, null, null, 'admin', null);
INSERT INTO `act_ru_variable` VALUES ('22532', '1', 'string', 'Ass2', '22527', '22527', null, null, null, null, 'admin', null);
INSERT INTO `act_ru_variable` VALUES ('22533', '1', 'null', 'reimbursementId', '22527', '22527', null, null, null, null, null, null);
INSERT INTO `act_ru_variable` VALUES ('22534', '1', 'string', 'Ass1', '22527', '22527', null, null, null, null, 'admin', null);
INSERT INTO `act_ru_variable` VALUES ('25003', '1', 'string', 'Ass5', '25001', '25001', null, null, null, null, 'admin', null);
INSERT INTO `act_ru_variable` VALUES ('25004', '1', 'string', 'Ass4', '25001', '25001', null, null, null, null, 'admin', null);
INSERT INTO `act_ru_variable` VALUES ('25005', '1', 'string', 'Ass3', '25001', '25001', null, null, null, null, 'admin', null);
INSERT INTO `act_ru_variable` VALUES ('25006', '1', 'string', 'Ass2', '25001', '25001', null, null, null, null, 'admin', null);
INSERT INTO `act_ru_variable` VALUES ('25007', '1', 'integer', 'reimbursementId', '25001', '25001', null, null, null, '4', '4', null);
INSERT INTO `act_ru_variable` VALUES ('25008', '1', 'string', 'Ass1', '25001', '25001', null, null, null, null, 'admin', null);
INSERT INTO `act_ru_variable` VALUES ('30003', '1', 'string', 'Ass5', '30001', '30001', null, null, null, null, 'admin', null);
INSERT INTO `act_ru_variable` VALUES ('30004', '1', 'string', 'Ass4', '30001', '30001', null, null, null, null, 'admin', null);
INSERT INTO `act_ru_variable` VALUES ('30005', '1', 'string', 'Ass3', '30001', '30001', null, null, null, null, 'admin', null);
INSERT INTO `act_ru_variable` VALUES ('30006', '1', 'string', 'Ass2', '30001', '30001', null, null, null, null, 'admin', null);
INSERT INTO `act_ru_variable` VALUES ('30007', '1', 'string', 'Ass1', '30001', '30001', null, null, null, null, 'admin', null);
INSERT INTO `act_ru_variable` VALUES ('30008', '1', 'integer', 'holidayId', '30001', '30001', null, null, null, '20', '20', null);
INSERT INTO `act_ru_variable` VALUES ('30016', '1', 'string', 'Ass5', '30014', '30014', null, null, null, null, 'admin', null);
INSERT INTO `act_ru_variable` VALUES ('30017', '1', 'string', 'Ass4', '30014', '30014', null, null, null, null, 'admin', null);
INSERT INTO `act_ru_variable` VALUES ('30018', '1', 'string', 'Ass3', '30014', '30014', null, null, null, null, 'admin', null);
INSERT INTO `act_ru_variable` VALUES ('30019', '1', 'string', 'Ass2', '30014', '30014', null, null, null, null, 'admin', null);
INSERT INTO `act_ru_variable` VALUES ('30020', '1', 'string', 'Ass1', '30014', '30014', null, null, null, null, 'admin', null);
INSERT INTO `act_ru_variable` VALUES ('30021', '1', 'integer', 'holidayId', '30014', '30014', null, null, null, '21', '21', null);
INSERT INTO `act_ru_variable` VALUES ('30029', '1', 'string', 'Ass5', '30027', '30027', null, null, null, null, 'admin', null);
INSERT INTO `act_ru_variable` VALUES ('30030', '1', 'string', 'Ass4', '30027', '30027', null, null, null, null, 'admin', null);
INSERT INTO `act_ru_variable` VALUES ('30031', '1', 'string', 'Ass3', '30027', '30027', null, null, null, null, 'admin', null);
INSERT INTO `act_ru_variable` VALUES ('30032', '1', 'string', 'Ass2', '30027', '30027', null, null, null, null, 'admin', null);
INSERT INTO `act_ru_variable` VALUES ('30033', '1', 'string', 'Ass1', '30027', '30027', null, null, null, null, 'admin', null);
INSERT INTO `act_ru_variable` VALUES ('30034', '1', 'integer', 'holidayId', '30027', '30027', null, null, null, '22', '22', null);
INSERT INTO `act_ru_variable` VALUES ('30042', '1', 'string', 'Ass5', '30040', '30040', null, null, null, null, 'admin', null);
INSERT INTO `act_ru_variable` VALUES ('30043', '1', 'string', 'Ass4', '30040', '30040', null, null, null, null, 'admin', null);
INSERT INTO `act_ru_variable` VALUES ('30044', '1', 'string', 'Ass3', '30040', '30040', null, null, null, null, 'admin', null);
INSERT INTO `act_ru_variable` VALUES ('30045', '1', 'string', 'Ass2', '30040', '30040', null, null, null, null, 'admin', null);
INSERT INTO `act_ru_variable` VALUES ('30046', '1', 'string', 'Ass1', '30040', '30040', null, null, null, null, 'admin', null);
INSERT INTO `act_ru_variable` VALUES ('30047', '1', 'integer', 'holidayId', '30040', '30040', null, null, null, '23', '23', null);
INSERT INTO `act_ru_variable` VALUES ('30055', '1', 'string', 'Ass5', '30053', '30053', null, null, null, null, 'admin', null);
INSERT INTO `act_ru_variable` VALUES ('30056', '1', 'string', 'Ass4', '30053', '30053', null, null, null, null, 'admin', null);
INSERT INTO `act_ru_variable` VALUES ('30057', '1', 'string', 'Ass3', '30053', '30053', null, null, null, null, 'admin', null);
INSERT INTO `act_ru_variable` VALUES ('30058', '1', 'string', 'Ass2', '30053', '30053', null, null, null, null, 'admin', null);
INSERT INTO `act_ru_variable` VALUES ('30059', '1', 'string', 'Ass1', '30053', '30053', null, null, null, null, 'admin', null);
INSERT INTO `act_ru_variable` VALUES ('30060', '1', 'integer', 'holidayId', '30053', '30053', null, null, null, '24', '24', null);
INSERT INTO `act_ru_variable` VALUES ('30068', '1', 'string', 'Ass5', '30066', '30066', null, null, null, null, 'admin', null);
INSERT INTO `act_ru_variable` VALUES ('30069', '1', 'string', 'Ass4', '30066', '30066', null, null, null, null, 'admin', null);
INSERT INTO `act_ru_variable` VALUES ('30070', '1', 'string', 'Ass3', '30066', '30066', null, null, null, null, 'admin', null);
INSERT INTO `act_ru_variable` VALUES ('30071', '1', 'string', 'Ass2', '30066', '30066', null, null, null, null, 'admin', null);
INSERT INTO `act_ru_variable` VALUES ('30072', '1', 'string', 'Ass1', '30066', '30066', null, null, null, null, 'admin', null);
INSERT INTO `act_ru_variable` VALUES ('30073', '1', 'integer', 'holidayId', '30066', '30066', null, null, null, '25', '25', null);
INSERT INTO `act_ru_variable` VALUES ('30081', '1', 'string', 'Ass5', '30079', '30079', null, null, null, null, 'admin', null);
INSERT INTO `act_ru_variable` VALUES ('30082', '1', 'string', 'Ass4', '30079', '30079', null, null, null, null, 'admin', null);
INSERT INTO `act_ru_variable` VALUES ('30083', '1', 'string', 'Ass3', '30079', '30079', null, null, null, null, 'admin', null);
INSERT INTO `act_ru_variable` VALUES ('30084', '1', 'string', 'Ass2', '30079', '30079', null, null, null, null, 'admin', null);
INSERT INTO `act_ru_variable` VALUES ('30085', '1', 'string', 'Ass1', '30079', '30079', null, null, null, null, 'admin', null);
INSERT INTO `act_ru_variable` VALUES ('30086', '1', 'integer', 'holidayId', '30079', '30079', null, null, null, '26', '26', null);
INSERT INTO `act_ru_variable` VALUES ('30094', '1', 'string', 'Ass5', '30092', '30092', null, null, null, null, 'admin', null);
INSERT INTO `act_ru_variable` VALUES ('30095', '1', 'string', 'Ass4', '30092', '30092', null, null, null, null, 'admin', null);
INSERT INTO `act_ru_variable` VALUES ('30096', '1', 'string', 'Ass3', '30092', '30092', null, null, null, null, 'admin', null);
INSERT INTO `act_ru_variable` VALUES ('30097', '1', 'string', 'Ass2', '30092', '30092', null, null, null, null, 'admin', null);
INSERT INTO `act_ru_variable` VALUES ('30098', '1', 'integer', 'reimbursementId', '30092', '30092', null, null, null, '5', '5', null);
INSERT INTO `act_ru_variable` VALUES ('30099', '1', 'string', 'Ass1', '30092', '30092', null, null, null, null, 'admin', null);
INSERT INTO `act_ru_variable` VALUES ('30107', '1', 'string', 'Ass5', '30105', '30105', null, null, null, null, 'admin', null);
INSERT INTO `act_ru_variable` VALUES ('30108', '1', 'string', 'Ass4', '30105', '30105', null, null, null, null, 'admin', null);
INSERT INTO `act_ru_variable` VALUES ('30109', '1', 'string', 'Ass3', '30105', '30105', null, null, null, null, 'admin', null);
INSERT INTO `act_ru_variable` VALUES ('30110', '1', 'string', 'Ass2', '30105', '30105', null, null, null, null, 'admin', null);
INSERT INTO `act_ru_variable` VALUES ('30111', '1', 'integer', 'reimbursementId', '30105', '30105', null, null, null, '6', '6', null);
INSERT INTO `act_ru_variable` VALUES ('30112', '1', 'string', 'Ass1', '30105', '30105', null, null, null, null, 'admin', null);
INSERT INTO `act_ru_variable` VALUES ('32503', '1', 'string', 'Ass5', '32501', '32501', null, null, null, null, 'admin', null);
INSERT INTO `act_ru_variable` VALUES ('32504', '1', 'string', 'Ass4', '32501', '32501', null, null, null, null, 'admin', null);
INSERT INTO `act_ru_variable` VALUES ('32505', '1', 'string', 'Ass3', '32501', '32501', null, null, null, null, 'admin', null);
INSERT INTO `act_ru_variable` VALUES ('32506', '1', 'string', 'Ass2', '32501', '32501', null, null, null, null, 'admin', null);
INSERT INTO `act_ru_variable` VALUES ('32507', '1', 'integer', 'reimbursementId', '32501', '32501', null, null, null, '7', '7', null);
INSERT INTO `act_ru_variable` VALUES ('32508', '1', 'string', 'Ass1', '32501', '32501', null, null, null, null, 'admin', null);
INSERT INTO `act_ru_variable` VALUES ('32516', '1', 'string', 'Ass5', '32514', '32514', null, null, null, null, 'admin', null);
INSERT INTO `act_ru_variable` VALUES ('32517', '1', 'string', 'Ass4', '32514', '32514', null, null, null, null, 'admin', null);
INSERT INTO `act_ru_variable` VALUES ('32518', '1', 'string', 'Ass3', '32514', '32514', null, null, null, null, 'admin', null);
INSERT INTO `act_ru_variable` VALUES ('32519', '1', 'string', 'Ass2', '32514', '32514', null, null, null, null, 'admin', null);
INSERT INTO `act_ru_variable` VALUES ('32520', '1', 'integer', 'reimbursementId', '32514', '32514', null, null, null, '8', '8', null);
INSERT INTO `act_ru_variable` VALUES ('32521', '1', 'string', 'Ass1', '32514', '32514', null, null, null, null, 'admin', null);
INSERT INTO `act_ru_variable` VALUES ('32529', '1', 'string', 'Ass5', '32527', '32527', null, null, null, null, 'admin', null);
INSERT INTO `act_ru_variable` VALUES ('32530', '1', 'string', 'Ass4', '32527', '32527', null, null, null, null, 'admin', null);
INSERT INTO `act_ru_variable` VALUES ('32531', '1', 'string', 'Ass3', '32527', '32527', null, null, null, null, 'admin', null);
INSERT INTO `act_ru_variable` VALUES ('32532', '1', 'string', 'Ass2', '32527', '32527', null, null, null, null, 'admin', null);
INSERT INTO `act_ru_variable` VALUES ('32533', '1', 'integer', 'reimbursementId', '32527', '32527', null, null, null, '9', '9', null);
INSERT INTO `act_ru_variable` VALUES ('32534', '1', 'string', 'Ass1', '32527', '32527', null, null, null, null, 'admin', null);
INSERT INTO `act_ru_variable` VALUES ('40003', '1', 'string', 'Ass5', '40001', '40001', null, null, null, null, 'admin', null);
INSERT INTO `act_ru_variable` VALUES ('40004', '1', 'string', 'Ass4', '40001', '40001', null, null, null, null, 'admin', null);
INSERT INTO `act_ru_variable` VALUES ('40005', '1', 'string', 'Ass3', '40001', '40001', null, null, null, null, 'admin', null);
INSERT INTO `act_ru_variable` VALUES ('40006', '1', 'string', 'Ass2', '40001', '40001', null, null, null, null, 'admin', null);
INSERT INTO `act_ru_variable` VALUES ('40007', '1', 'integer', 'reimbursementId', '40001', '40001', null, null, null, '10', '10', null);
INSERT INTO `act_ru_variable` VALUES ('40008', '1', 'string', 'Ass1', '40001', '40001', null, null, null, null, 'admin', null);
INSERT INTO `act_ru_variable` VALUES ('40016', '1', 'string', 'Ass5', '40014', '40014', null, null, null, null, 'admin', null);
INSERT INTO `act_ru_variable` VALUES ('40017', '1', 'string', 'Ass4', '40014', '40014', null, null, null, null, 'admin', null);
INSERT INTO `act_ru_variable` VALUES ('40018', '1', 'string', 'Ass3', '40014', '40014', null, null, null, null, 'admin', null);
INSERT INTO `act_ru_variable` VALUES ('40019', '1', 'string', 'Ass2', '40014', '40014', null, null, null, null, 'admin', null);
INSERT INTO `act_ru_variable` VALUES ('40020', '1', 'integer', 'reimbursementId', '40014', '40014', null, null, null, '11', '11', null);
INSERT INTO `act_ru_variable` VALUES ('40021', '1', 'string', 'Ass1', '40014', '40014', null, null, null, null, 'admin', null);
INSERT INTO `act_ru_variable` VALUES ('42503', '1', 'string', 'Ass5', '42501', '42501', null, null, null, null, 'admin', null);
INSERT INTO `act_ru_variable` VALUES ('42504', '1', 'string', 'Ass4', '42501', '42501', null, null, null, null, 'admin', null);
INSERT INTO `act_ru_variable` VALUES ('42505', '1', 'string', 'Ass3', '42501', '42501', null, null, null, null, 'admin', null);
INSERT INTO `act_ru_variable` VALUES ('42506', '1', 'string', 'Ass2', '42501', '42501', null, null, null, null, 'admin', null);
INSERT INTO `act_ru_variable` VALUES ('42507', '1', 'string', 'Ass1', '42501', '42501', null, null, null, null, 'admin', null);
INSERT INTO `act_ru_variable` VALUES ('42508', '1', 'integer', 'holidayId', '42501', '42501', null, null, null, '27', '27', null);
INSERT INTO `act_ru_variable` VALUES ('45003', '1', 'string', 'Ass5', '45001', '45001', null, null, null, null, 'admin', null);
INSERT INTO `act_ru_variable` VALUES ('45004', '1', 'string', 'Ass4', '45001', '45001', null, null, null, null, 'admin', null);
INSERT INTO `act_ru_variable` VALUES ('45005', '1', 'string', 'Ass3', '45001', '45001', null, null, null, null, 'admin', null);
INSERT INTO `act_ru_variable` VALUES ('45006', '1', 'string', 'Ass2', '45001', '45001', null, null, null, null, 'admin', null);
INSERT INTO `act_ru_variable` VALUES ('45007', '1', 'string', 'Ass1', '45001', '45001', null, null, null, null, 'admin', null);
INSERT INTO `act_ru_variable` VALUES ('45008', '1', 'integer', 'holidayId', '45001', '45001', null, null, null, '28', '28', null);
INSERT INTO `act_ru_variable` VALUES ('47503', '1', 'string', 'Ass5', '47501', '47501', null, null, null, null, 'admin', null);
INSERT INTO `act_ru_variable` VALUES ('47504', '1', 'string', 'Ass4', '47501', '47501', null, null, null, null, 'admin', null);
INSERT INTO `act_ru_variable` VALUES ('47505', '1', 'string', 'Ass3', '47501', '47501', null, null, null, null, 'admin', null);
INSERT INTO `act_ru_variable` VALUES ('47506', '1', 'string', 'Ass2', '47501', '47501', null, null, null, null, 'admin', null);
INSERT INTO `act_ru_variable` VALUES ('47507', '1', 'string', 'Ass1', '47501', '47501', null, null, null, null, 'admin', null);
INSERT INTO `act_ru_variable` VALUES ('47508', '1', 'integer', 'holidayId', '47501', '47501', null, null, null, '29', '29', null);
INSERT INTO `act_ru_variable` VALUES ('47516', '1', 'string', 'Ass5', '47514', '47514', null, null, null, null, 'admin', null);
INSERT INTO `act_ru_variable` VALUES ('47517', '1', 'string', 'Ass4', '47514', '47514', null, null, null, null, 'admin', null);
INSERT INTO `act_ru_variable` VALUES ('47518', '1', 'string', 'Ass3', '47514', '47514', null, null, null, null, 'admin', null);
INSERT INTO `act_ru_variable` VALUES ('47519', '1', 'string', 'Ass2', '47514', '47514', null, null, null, null, 'admin', null);
INSERT INTO `act_ru_variable` VALUES ('47520', '1', 'string', 'Ass1', '47514', '47514', null, null, null, null, 'admin', null);
INSERT INTO `act_ru_variable` VALUES ('47521', '1', 'integer', 'holidayId', '47514', '47514', null, null, null, '30', '30', null);
INSERT INTO `act_ru_variable` VALUES ('50003', '1', 'string', 'Ass5', '50001', '50001', null, null, null, null, 'admin', null);
INSERT INTO `act_ru_variable` VALUES ('50004', '1', 'string', 'Ass4', '50001', '50001', null, null, null, null, 'admin', null);
INSERT INTO `act_ru_variable` VALUES ('50005', '1', 'string', 'Ass3', '50001', '50001', null, null, null, null, 'admin', null);
INSERT INTO `act_ru_variable` VALUES ('50006', '1', 'string', 'Ass2', '50001', '50001', null, null, null, null, 'admin', null);
INSERT INTO `act_ru_variable` VALUES ('50007', '1', 'string', 'Ass1', '50001', '50001', null, null, null, null, 'admin', null);
INSERT INTO `act_ru_variable` VALUES ('50008', '1', 'integer', 'holidayId', '50001', '50001', null, null, null, '31', '31', null);
INSERT INTO `act_ru_variable` VALUES ('5003', '1', 'string', 'Ass5', '5001', '5001', null, null, null, null, 'admin', null);
INSERT INTO `act_ru_variable` VALUES ('5004', '1', 'string', 'Ass4', '5001', '5001', null, null, null, null, 'admin', null);
INSERT INTO `act_ru_variable` VALUES ('5005', '1', 'string', 'Ass3', '5001', '5001', null, null, null, null, 'admin', null);
INSERT INTO `act_ru_variable` VALUES ('5006', '1', 'string', 'Ass2', '5001', '5001', null, null, null, null, 'admin', null);
INSERT INTO `act_ru_variable` VALUES ('5007', '1', 'string', 'Ass1', '5001', '5001', null, null, null, null, 'admin', null);
INSERT INTO `act_ru_variable` VALUES ('5008', '1', 'integer', 'holidayId', '5001', '5001', null, null, null, '18', '18', null);
INSERT INTO `act_ru_variable` VALUES ('52503', '1', 'string', 'Ass5', '52501', '52501', null, null, null, null, 'admin', null);
INSERT INTO `act_ru_variable` VALUES ('52504', '1', 'string', 'Ass4', '52501', '52501', null, null, null, null, 'admin', null);
INSERT INTO `act_ru_variable` VALUES ('52505', '1', 'string', 'Ass3', '52501', '52501', null, null, null, null, 'admin', null);
INSERT INTO `act_ru_variable` VALUES ('52506', '1', 'string', 'Ass2', '52501', '52501', null, null, null, null, 'admin', null);
INSERT INTO `act_ru_variable` VALUES ('52507', '1', 'integer', 'reimbursementId', '52501', '52501', null, null, null, '13', '13', null);
INSERT INTO `act_ru_variable` VALUES ('52508', '1', 'string', 'Ass1', '52501', '52501', null, null, null, null, 'admin', null);
INSERT INTO `act_ru_variable` VALUES ('65005', '1', 'string', 'completePeople', '22501', '22501', null, null, null, null, 'admin', null);
INSERT INTO `act_ru_variable` VALUES ('65011', '1', 'string', 'completePeople', '7501', '7501', null, null, null, null, 'admin', null);
INSERT INTO `act_ru_variable` VALUES ('67502', '1', 'string', 'msg', '30001', '30001', null, null, null, null, '', null);
INSERT INTO `act_ru_variable` VALUES ('67503', '1', 'null', 'getHolidaydays', '30001', '30001', null, null, null, null, null, null);
INSERT INTO `act_ru_variable` VALUES ('67504', '1', 'string', 'completePeople', '30001', '30001', null, null, null, null, 'admin', null);
INSERT INTO `act_ru_variable` VALUES ('70003', '1', 'string', 'Ass5', '70001', '70001', null, null, null, null, 'admin', null);
INSERT INTO `act_ru_variable` VALUES ('70004', '1', 'string', 'Ass4', '70001', '70001', null, null, null, null, 'admin', null);
INSERT INTO `act_ru_variable` VALUES ('70005', '1', 'string', 'Ass3', '70001', '70001', null, null, null, null, 'admin', null);
INSERT INTO `act_ru_variable` VALUES ('70006', '1', 'string', 'Ass2', '70001', '70001', null, null, null, null, 'admin', null);
INSERT INTO `act_ru_variable` VALUES ('70007', '1', 'string', 'Ass1', '70001', '70001', null, null, null, null, 'admin', null);
INSERT INTO `act_ru_variable` VALUES ('70008', '1', 'integer', 'holidayId', '70001', '70001', null, null, null, '32', '32', null);
INSERT INTO `act_ru_variable` VALUES ('72503', '1', 'string', 'Ass5', '72501', '72501', null, null, null, null, 'admin', null);
INSERT INTO `act_ru_variable` VALUES ('72504', '1', 'string', 'Ass4', '72501', '72501', null, null, null, null, 'admin', null);
INSERT INTO `act_ru_variable` VALUES ('72505', '1', 'string', 'Ass3', '72501', '72501', null, null, null, null, 'admin', null);
INSERT INTO `act_ru_variable` VALUES ('72506', '1', 'string', 'Ass2', '72501', '72501', null, null, null, null, 'admin', null);
INSERT INTO `act_ru_variable` VALUES ('72507', '1', 'string', 'Ass1', '72501', '72501', null, null, null, null, 'admin', null);
INSERT INTO `act_ru_variable` VALUES ('72508', '1', 'integer', 'holidayId', '72501', '72501', null, null, null, '34', '34', null);
INSERT INTO `act_ru_variable` VALUES ('7503', '1', 'string', 'Ass5', '7501', '7501', null, null, null, null, 'admin', null);
INSERT INTO `act_ru_variable` VALUES ('7504', '1', 'string', 'Ass4', '7501', '7501', null, null, null, null, 'admin', null);
INSERT INTO `act_ru_variable` VALUES ('7505', '1', 'string', 'Ass3', '7501', '7501', null, null, null, null, 'houentai', null);
INSERT INTO `act_ru_variable` VALUES ('7506', '1', 'string', 'Ass2', '7501', '7501', null, null, null, null, 'houentai', null);
INSERT INTO `act_ru_variable` VALUES ('7507', '1', 'string', 'Ass1', '7501', '7501', null, null, null, null, 'admin', null);
INSERT INTO `act_ru_variable` VALUES ('7508', '1', 'integer', 'holidayId', '7501', '7501', null, null, null, '19', '19', null);
INSERT INTO `act_ru_variable` VALUES ('87502', '1', 'string', 'msg', '72501', '72501', null, null, null, null, '', null);
INSERT INTO `act_ru_variable` VALUES ('87503', '1', 'null', 'getHolidaydays', '72501', '72501', null, null, null, null, null, null);
INSERT INTO `act_ru_variable` VALUES ('95013', '1', 'string', 'msg', '52501', '52501', null, null, null, null, '', null);
INSERT INTO `act_ru_variable` VALUES ('95014', '1', 'string', 'completePeople', '52501', '52501', null, null, null, null, 'admin', null);

-- ----------------------------
-- Table structure for bbscollection
-- ----------------------------
DROP TABLE IF EXISTS `bbscollection`;
CREATE TABLE `bbscollection` (
  `id` int(11) NOT NULL AUTO_INCREMENT,
  `userId` int(11) DEFAULT NULL,
  `topicId` int(11) DEFAULT NULL,
  PRIMARY KEY (`id`)
) ENGINE=InnoDB AUTO_INCREMENT=2 DEFAULT CHARSET=utf8;

-- ----------------------------
-- Records of bbscollection
-- ----------------------------
INSERT INTO `bbscollection` VALUES ('1', '150', '30');

-- ----------------------------
-- Table structure for bbslabel
-- ----------------------------
DROP TABLE IF EXISTS `bbslabel`;
CREATE TABLE `bbslabel` (
  `id` int(11) NOT NULL AUTO_INCREMENT,
  `name` varchar(255) DEFAULT NULL,
  `userId` int(11) DEFAULT NULL,
  `date` datetime DEFAULT CURRENT_TIMESTAMP,
  PRIMARY KEY (`id`)
) ENGINE=InnoDB AUTO_INCREMENT=8 DEFAULT CHARSET=utf8;

-- ----------------------------
-- Records of bbslabel
-- ----------------------------
INSERT INTO `bbslabel` VALUES ('5', '', '140', '2018-01-31 19:22:53');
INSERT INTO `bbslabel` VALUES ('7', '', '140', '2018-01-30 15:59:16');

-- ----------------------------
-- Table structure for bbslabeltopic
-- ----------------------------
DROP TABLE IF EXISTS `bbslabeltopic`;
CREATE TABLE `bbslabeltopic` (
  `id` int(11) NOT NULL AUTO_INCREMENT,
  `topicId` int(11) DEFAULT NULL,
  `labelId` int(11) DEFAULT '0',
  PRIMARY KEY (`id`)
) ENGINE=InnoDB AUTO_INCREMENT=43 DEFAULT CHARSET=utf8;

-- ----------------------------
-- Records of bbslabeltopic
-- ----------------------------
INSERT INTO `bbslabeltopic` VALUES ('37', '30', '5');
INSERT INTO `bbslabeltopic` VALUES ('38', '30', '7');
INSERT INTO `bbslabeltopic` VALUES ('39', '31', '5');
INSERT INTO `bbslabeltopic` VALUES ('40', '31', '7');
INSERT INTO `bbslabeltopic` VALUES ('42', '33', '5');

-- ----------------------------
-- Table structure for bbslike
-- ----------------------------
DROP TABLE IF EXISTS `bbslike`;
CREATE TABLE `bbslike` (
  `id` int(11) NOT NULL AUTO_INCREMENT,
  `userId` int(11) DEFAULT NULL,
  `topicId` int(11) DEFAULT NULL,
  PRIMARY KEY (`id`)
) ENGINE=InnoDB AUTO_INCREMENT=10 DEFAULT CHARSET=utf8;

-- ----------------------------
-- Records of bbslike
-- ----------------------------
INSERT INTO `bbslike` VALUES ('2', '150', '41');
INSERT INTO `bbslike` VALUES ('6', '150', '30');
INSERT INTO `bbslike` VALUES ('7', '140', '30');
INSERT INTO `bbslike` VALUES ('8', '140', '31');
INSERT INTO `bbslike` VALUES ('9', '150', '31');

-- ----------------------------
-- Table structure for bbsreplies
-- ----------------------------
DROP TABLE IF EXISTS `bbsreplies`;
CREATE TABLE `bbsreplies` (
  `id` int(11) NOT NULL AUTO_INCREMENT,
  `userId` int(11) DEFAULT NULL,
  `repliseUserId` int(11) DEFAULT NULL,
  `TopicId` int(11) DEFAULT NULL,
  `repliesId` int(11) DEFAULT NULL,
  `date` datetime DEFAULT CURRENT_TIMESTAMP,
  `text` longtext,
  PRIMARY KEY (`id`)
) ENGINE=InnoDB AUTO_INCREMENT=46 DEFAULT CHARSET=utf8;

-- ----------------------------
-- Records of bbsreplies
-- ----------------------------
INSERT INTO `bbsreplies` VALUES ('38', '140', '140', '31', '0', '2018-02-02 13:34:21', '000');
INSERT INTO `bbsreplies` VALUES ('39', '140', '140', '31', '38', '2018-02-02 13:34:53', '00');
INSERT INTO `bbsreplies` VALUES ('40', '140', '140', '31', '0', '2018-02-02 13:36:56', '0000000');
INSERT INTO `bbsreplies` VALUES ('41', '140', '140', '31', '38', '2018-02-06 16:56:49', '<img src=\"/OA02/static/emoji-picker/lib/img//blank.gif\" class=\"img\" style=\"display:inline-block;width:25px;height:25px;background:url(\'/OA02/static/emoji-picker/lib/img//emoji_spritesheet_0.png\') -550px 0px no-repeat;background-size:675px 175px;\" alt=\":joy:\">');
INSERT INTO `bbsreplies` VALUES ('42', '140', '150', '30', '0', null, '<img src=\"http://localhost:8080/OA02/static/kindeditor/plugins/emoticons/images/13.gif\" alt=\"\" border=\"0\" />');
INSERT INTO `bbsreplies` VALUES ('43', '140', '150', '30', '0', null, 'aaaa');
INSERT INTO `bbsreplies` VALUES ('44', '150', '150', '30', '42', null, 'aaaa');
INSERT INTO `bbsreplies` VALUES ('45', '150', '150', '30', '42', null, 'zxc');

-- ----------------------------
-- Table structure for bbstopic
-- ----------------------------
DROP TABLE IF EXISTS `bbstopic`;
CREATE TABLE `bbstopic` (
  `id` int(11) NOT NULL AUTO_INCREMENT,
  `title` varchar(255) DEFAULT NULL,
  `sketch` varchar(255) DEFAULT NULL,
  `text` longtext,
  `userId` int(11) DEFAULT NULL,
  `date` datetime DEFAULT CURRENT_TIMESTAMP,
  `like` int(255) DEFAULT '0',
  `collection` int(255) DEFAULT '0',
  `comment` int(255) DEFAULT '0',
  `type` varchar(255) DEFAULT NULL,
  PRIMARY KEY (`id`)
) ENGINE=InnoDB AUTO_INCREMENT=49 DEFAULT CHARSET=utf8;

-- ----------------------------
-- Records of bbstopic
-- ----------------------------
INSERT INTO `bbstopic` VALUES ('30', '', '', '<p style=\"box-sizing:inherit;margin-top:0px;margin-bottom:16px;padding-bottom:15px;font-size:16px;white-space:normal;background-color:#F8F8F8;-webkit-tap-highlight-color:transparent;color:#3D464D;font-family:&quot;\">\n	1<br style=\"box-sizing:inherit;-webkit-tap-highlight-color:transparent;\" />\n2<br style=\"box-sizing:inherit;-webkit-tap-highlight-color:transparent;\" />\n3<br style=\"box-sizing:inherit;-webkit-tap-highlight-color:transparent;\" />\n&nbsp; &nbsp;1<br style=\"box-sizing:inherit;-webkit-tap-highlight-color:transparent;\" />\n&nbsp; &nbsp;2<br style=\"box-sizing:inherit;-webkit-tap-highlight-color:transparent;\" />\n&nbsp; &nbsp;3<br style=\"box-sizing:inherit;-webkit-tap-highlight-color:transparent;\" />\n&nbsp; &nbsp;4<br style=\"box-sizing:inherit;-webkit-tap-highlight-color:transparent;\" />\n4<br style=\"box-sizing:inherit;-webkit-tap-highlight-color:transparent;\" />\n&nbsp; &nbsp;1<br style=\"box-sizing:inherit;-webkit-tap-highlight-color:transparent;\" />\n&nbsp; &nbsp;2<br style=\"box-sizing:inherit;-webkit-tap-highlight-color:transparent;\" />\n&nbsp; &nbsp;3<br style=\"box-sizing:inherit;-webkit-tap-highlight-color:transparent;\" />\n&nbsp; &nbsp;4<br style=\"box-sizing:inherit;-webkit-tap-highlight-color:transparent;\" />\n&nbsp; &nbsp;5\n</p>\n<p style=\"box-sizing:inherit;margin-top:0px;margin-bottom:16px;padding-bottom:15px;font-size:16px;white-space:normal;background-color:#F8F8F8;-webkit-tap-highlight-color:transparent;color:#3D464D;font-family:&quot;\">\n	5<br style=\"box-sizing:inherit;-webkit-tap-highlight-color:transparent;\" />\n6<br style=\"box-sizing:inherit;-webkit-tap-highlight-color:transparent;\" />\n7<br style=\"box-sizing:inherit;-webkit-tap-highlight-color:transparent;\" />\n8\n</p>\n<p style=\"box-sizing:inherit;margin-top:0px;margin-bottom:16px;padding-bottom:15px;font-size:16px;white-space:normal;background-color:#F8F8F8;-webkit-tap-highlight-color:transparent;color:#3D464D;font-family:&quot;\">\n	9<br style=\"box-sizing:inherit;-webkit-tap-highlight-color:transparent;\" />\n10\n</p>', '140', '2018-01-30 20:53:04', '2', '1', '4', 'knowledge');
INSERT INTO `bbstopic` VALUES ('31', '2', '2', '222', '140', '2018-01-30 20:55:31', '2', '0', '4', 'knowledge');
INSERT INTO `bbstopic` VALUES ('33', 'ffffff', 'ffffffffff', '<img src=\"/OA02/attached/image/20180208/20180208170830_969.jpg\" alt=\"\" />', '140', '2018-02-08 17:08:33', '0', '0', '0', 'knowledge');
INSERT INTO `bbstopic` VALUES ('41', '_www.ygdy8.com_..BD.720p._20161025144921.JPG', '', '<img src=\" /OA02/myImage/Thu Feb 08 22-06-46 CST 2018_www.ygdy8.com_..BD.720p._20161025144921.JPG\"  height=\"50%\" width=\"50%\"  alt=\"\" />', '140', '2018-02-08 22:06:46', '0', '0', '0', 'myImage');
INSERT INTO `bbstopic` VALUES ('48', '1111', '', '<img src=\" /OA02/myImage/Thu Feb 08 22-40-34 CST 201812cdfbf2b2119313f4c5159267380cd790238d98.jpg\"  height=\"50%\" width=\"50%\"  alt=\"\" />', '140', '2018-02-08 22:40:34', '0', '0', '0', 'myImage');

-- ----------------------------
-- Table structure for datestandard
-- ----------------------------
DROP TABLE IF EXISTS `datestandard`;
CREATE TABLE `datestandard` (
  `id` int(11) NOT NULL AUTO_INCREMENT,
  `lateTime` varchar(255) DEFAULT NULL,
  `leaveTime` varchar(255) DEFAULT NULL,
  `overTime` varchar(255) DEFAULT NULL,
  PRIMARY KEY (`id`)
) ENGINE=InnoDB AUTO_INCREMENT=2 DEFAULT CHARSET=utf8;

-- ----------------------------
-- Records of datestandard
-- ----------------------------
INSERT INTO `datestandard` VALUES ('1', '08:00:00', '18:00:00', '20:00:00');

-- ----------------------------
-- Table structure for demand
-- ----------------------------
DROP TABLE IF EXISTS `demand`;
CREATE TABLE `demand` (
  `id` int(11) NOT NULL AUTO_INCREMENT,
  `projectId` int(11) DEFAULT NULL,
  `demandName` varchar(255) DEFAULT NULL,
  `createPeopele` int(255) DEFAULT NULL,
  `source` varchar(255) DEFAULT NULL,
  `grade` varchar(255) DEFAULT NULL,
  `stage` varchar(255) DEFAULT NULL,
  `state` varchar(255) DEFAULT NULL,
  `assignor` int(11) DEFAULT NULL,
  `workTime` varchar(255) DEFAULT NULL,
  `descs` longtext,
  `AcceptanceStand` longtext,
  `enclosure` varchar(255) DEFAULT NULL,
  `fileName` varchar(255) DEFAULT NULL,
  `createTime` varchar(255) DEFAULT NULL,
  PRIMARY KEY (`id`)
) ENGINE=InnoDB DEFAULT CHARSET=utf8;

-- ----------------------------
-- Records of demand
-- ----------------------------

-- ----------------------------
-- Table structure for friendhistorytalk
-- ----------------------------
DROP TABLE IF EXISTS `friendhistorytalk`;
CREATE TABLE `friendhistorytalk` (
  `id` int(11) NOT NULL AUTO_INCREMENT,
  `userId` int(11) DEFAULT NULL,
  `fromId` int(11) DEFAULT NULL,
  `toId` int(11) DEFAULT NULL,
  `text` longtext,
  `date` varchar(255) DEFAULT NULL,
  PRIMARY KEY (`id`)
) ENGINE=InnoDB AUTO_INCREMENT=413 DEFAULT CHARSET=utf8;

-- ----------------------------
-- Records of friendhistorytalk
-- ----------------------------
INSERT INTO `friendhistorytalk` VALUES ('37', '150', '140', '150', 'http://localhost:8080/OA02/admin/friends/videoTalk/?oid=140', '2018-02-14 19:44:34');
INSERT INTO `friendhistorytalk` VALUES ('38', '140', '140', '150', 'http://localhost:8080/OA02/admin/friends/videoTalk/?oid=140', '2018-02-14 19:44:34');
INSERT INTO `friendhistorytalk` VALUES ('39', '150', '140', '150', 'http://localhost:8080/OA02/admin/friends/videoTalk/?oid=140', '2018-02-14 19:44:58');
INSERT INTO `friendhistorytalk` VALUES ('40', '140', '140', '150', 'http://localhost:8080/OA02/admin/friends/videoTalk/?oid=140', '2018-02-14 19:44:58');
INSERT INTO `friendhistorytalk` VALUES ('41', '140', '150', '140', 'http://localhost:8080/OA02/admin/friends/videoTalk/?oid=150', '2018-02-14 19:48:17');
INSERT INTO `friendhistorytalk` VALUES ('42', '150', '150', '140', 'http://localhost:8080/OA02/admin/friends/videoTalk/?oid=150', '2018-02-14 19:48:17');
INSERT INTO `friendhistorytalk` VALUES ('43', '140', '150', '140', 'http://localhost:8080/OA02/admin/friends/videoTalk/?oid=150', '2018-02-14 19:52:14');
INSERT INTO `friendhistorytalk` VALUES ('44', '150', '150', '140', 'http://localhost:8080/OA02/admin/friends/videoTalk/?oid=150', '2018-02-14 19:52:14');
INSERT INTO `friendhistorytalk` VALUES ('45', '150', '140', '150', 'http://localhost:8080/OA02/admin/friends/videoTalk/?oid=140', '2018-02-14 19:53:52');
INSERT INTO `friendhistorytalk` VALUES ('46', '140', '140', '150', 'http://localhost:8080/OA02/admin/friends/videoTalk/?oid=140', '2018-02-14 19:53:52');
INSERT INTO `friendhistorytalk` VALUES ('47', '140', '150', '140', 'http://localhost:8080/OA02/admin/friends/videoTalk/?oid=150', '2018-02-14 19:58:45');
INSERT INTO `friendhistorytalk` VALUES ('48', '150', '150', '140', 'http://localhost:8080/OA02/admin/friends/videoTalk/?oid=150', '2018-02-14 19:58:45');
INSERT INTO `friendhistorytalk` VALUES ('49', '140', '150', '140', 'http://localhost:8080/OA02/admin/friends/videoTalk/?oid=150', '2018-02-14 20:00:16');
INSERT INTO `friendhistorytalk` VALUES ('50', '150', '150', '140', 'http://localhost:8080/OA02/admin/friends/videoTalk/?oid=150', '2018-02-14 20:00:16');
INSERT INTO `friendhistorytalk` VALUES ('51', '140', '150', '140', 'http://localhost:8080/OA02/admin/friends/videoTalk/?oid=150', '2018-02-14 20:01:58');
INSERT INTO `friendhistorytalk` VALUES ('52', '150', '150', '140', 'http://localhost:8080/OA02/admin/friends/videoTalk/?oid=150', '2018-02-14 20:01:58');
INSERT INTO `friendhistorytalk` VALUES ('53', '150', '140', '150', 'http://localhost:8080/OA02/admin/friends/videoTalk/?oid=140', '2018-02-14 20:03:35');
INSERT INTO `friendhistorytalk` VALUES ('54', '140', '140', '150', 'http://localhost:8080/OA02/admin/friends/videoTalk/?oid=140', '2018-02-14 20:03:35');
INSERT INTO `friendhistorytalk` VALUES ('55', '140', '150', '140', '0', '2018-02-14 20:03:59');
INSERT INTO `friendhistorytalk` VALUES ('56', '150', '150', '140', '0', '2018-02-14 20:03:59');
INSERT INTO `friendhistorytalk` VALUES ('57', '150', '140', '150', 'http://localhost:8080/OA02/admin/friends/videoTalk/?oid=140', '2018-02-14 20:14:35');
INSERT INTO `friendhistorytalk` VALUES ('58', '140', '140', '150', 'http://localhost:8080/OA02/admin/friends/videoTalk/?oid=140', '2018-02-14 20:14:35');
INSERT INTO `friendhistorytalk` VALUES ('59', '150', '140', '150', 'http://localhost:8080/OA02/admin/friends/videoTalk/?oid=140', '2018-02-14 20:14:57');
INSERT INTO `friendhistorytalk` VALUES ('60', '140', '140', '150', 'http://localhost:8080/OA02/admin/friends/videoTalk/?oid=140', '2018-02-14 20:14:57');
INSERT INTO `friendhistorytalk` VALUES ('61', '150', '140', '150', 'http://localhost:8080/OA02/admin/friends/videoTalk/?oid=140', '2018-02-14 20:15:17');
INSERT INTO `friendhistorytalk` VALUES ('62', '140', '140', '150', 'http://localhost:8080/OA02/admin/friends/videoTalk/?oid=140', '2018-02-14 20:15:17');
INSERT INTO `friendhistorytalk` VALUES ('63', '150', '140', '150', 'http://localhost:8080/OA02/admin/friends/videoTalk/?oid=140', '2018-02-14 20:18:18');
INSERT INTO `friendhistorytalk` VALUES ('64', '140', '140', '150', 'http://localhost:8080/OA02/admin/friends/videoTalk/?oid=140', '2018-02-14 20:18:18');
INSERT INTO `friendhistorytalk` VALUES ('65', '150', '140', '150', 'http://localhost:8080/OA02/admin/friends/videoTalk/?oid=140', '2018-02-14 20:25:33');
INSERT INTO `friendhistorytalk` VALUES ('66', '140', '140', '150', 'http://localhost:8080/OA02/admin/friends/videoTalk/?oid=140', '2018-02-14 20:25:33');
INSERT INTO `friendhistorytalk` VALUES ('67', '150', '140', '150', 'http://localhost:8080/OA02/admin/friends/videoTalk/?oid=140', '2018-02-14 20:36:43');
INSERT INTO `friendhistorytalk` VALUES ('68', '140', '140', '150', 'http://localhost:8080/OA02/admin/friends/videoTalk/?oid=140', '2018-02-14 20:36:43');
INSERT INTO `friendhistorytalk` VALUES ('69', '150', '140', '150', 'http://localhost:8080/OA02/admin/friends/videoTalk/?oid=140', '2018-02-14 20:37:31');
INSERT INTO `friendhistorytalk` VALUES ('70', '140', '140', '150', 'http://localhost:8080/OA02/admin/friends/videoTalk/?oid=140', '2018-02-14 20:37:31');
INSERT INTO `friendhistorytalk` VALUES ('71', '150', '140', '150', 'http://localhost:8080/OA02/admin/friends/videoTalk/?oid=140', '2018-02-14 20:39:19');
INSERT INTO `friendhistorytalk` VALUES ('72', '140', '140', '150', 'http://localhost:8080/OA02/admin/friends/videoTalk/?oid=140', '2018-02-14 20:39:19');
INSERT INTO `friendhistorytalk` VALUES ('73', '150', '140', '150', 'http://localhost:8080/OA02/admin/friends/videoTalk/?oid=140', '2018-02-14 20:40:54');
INSERT INTO `friendhistorytalk` VALUES ('74', '140', '140', '150', 'http://localhost:8080/OA02/admin/friends/videoTalk/?oid=140', '2018-02-14 20:40:54');
INSERT INTO `friendhistorytalk` VALUES ('75', '140', '150', '140', 'http://localhost:8080/OA02/admin/friends/videoTalk/?oid=150', '2018-02-14 20:42:10');
INSERT INTO `friendhistorytalk` VALUES ('76', '150', '150', '140', 'http://localhost:8080/OA02/admin/friends/videoTalk/?oid=150', '2018-02-14 20:42:10');
INSERT INTO `friendhistorytalk` VALUES ('77', '140', '150', '140', 'http://localhost:8080/OA02/admin/friends/videoTalk/?oid=150', '2018-02-14 20:43:12');
INSERT INTO `friendhistorytalk` VALUES ('78', '150', '150', '140', 'http://localhost:8080/OA02/admin/friends/videoTalk/?oid=150', '2018-02-14 20:43:12');
INSERT INTO `friendhistorytalk` VALUES ('79', '140', '150', '140', 'http://localhost:8080/OA02/admin/friends/videoTalk/?oid=150', '2018-02-14 20:44:19');
INSERT INTO `friendhistorytalk` VALUES ('80', '150', '150', '140', 'http://localhost:8080/OA02/admin/friends/videoTalk/?oid=150', '2018-02-14 20:44:19');
INSERT INTO `friendhistorytalk` VALUES ('81', '140', '150', '140', 'http://localhost:8080/OA02/admin/friends/videoTalk/?oid=150', '2018-02-14 20:46:35');
INSERT INTO `friendhistorytalk` VALUES ('82', '150', '150', '140', 'http://localhost:8080/OA02/admin/friends/videoTalk/?oid=150', '2018-02-14 20:46:35');
INSERT INTO `friendhistorytalk` VALUES ('83', '140', '150', '140', 'http://localhost:8080/OA02/admin/friends/videoTalk/?oid=150', '2018-02-14 20:47:30');
INSERT INTO `friendhistorytalk` VALUES ('84', '150', '150', '140', 'http://localhost:8080/OA02/admin/friends/videoTalk/?oid=150', '2018-02-14 20:47:30');
INSERT INTO `friendhistorytalk` VALUES ('85', '140', '150', '140', 'http://localhost:8080/OA02/admin/friends/videoTalk/?oid=150', '2018-02-14 20:47:42');
INSERT INTO `friendhistorytalk` VALUES ('86', '150', '150', '140', 'http://localhost:8080/OA02/admin/friends/videoTalk/?oid=150', '2018-02-14 20:47:42');
INSERT INTO `friendhistorytalk` VALUES ('87', '140', '150', '140', 'http://localhost:8080/OA02/admin/friends/videoTalk/?oid=150', '2018-02-14 20:48:04');
INSERT INTO `friendhistorytalk` VALUES ('88', '150', '150', '140', 'http://localhost:8080/OA02/admin/friends/videoTalk/?oid=150', '2018-02-14 20:48:04');
INSERT INTO `friendhistorytalk` VALUES ('89', '140', '150', '140', 'http://localhost:8080/OA02/admin/friends/videoTalk/?oid=150', '2018-02-14 20:48:50');
INSERT INTO `friendhistorytalk` VALUES ('90', '150', '150', '140', 'http://localhost:8080/OA02/admin/friends/videoTalk/?oid=150', '2018-02-14 20:48:50');
INSERT INTO `friendhistorytalk` VALUES ('91', '140', '150', '140', 'http://localhost:8080/OA02/admin/friends/videoTalk/?oid=150', '2018-02-14 20:49:03');
INSERT INTO `friendhistorytalk` VALUES ('92', '150', '150', '140', 'http://localhost:8080/OA02/admin/friends/videoTalk/?oid=150', '2018-02-14 20:49:03');
INSERT INTO `friendhistorytalk` VALUES ('93', '140', '150', '140', 'http://localhost:8080/OA02/admin/friends/videoTalk/?oid=150', '2018-02-14 20:49:17');
INSERT INTO `friendhistorytalk` VALUES ('94', '150', '150', '140', 'http://localhost:8080/OA02/admin/friends/videoTalk/?oid=150', '2018-02-14 20:49:17');
INSERT INTO `friendhistorytalk` VALUES ('95', '140', '150', '140', 'http://localhost:8080/OA02/admin/friends/videoTalk/?oid=150', '2018-02-14 20:51:44');
INSERT INTO `friendhistorytalk` VALUES ('96', '150', '150', '140', 'http://localhost:8080/OA02/admin/friends/videoTalk/?oid=150', '2018-02-14 20:51:44');
INSERT INTO `friendhistorytalk` VALUES ('97', '150', '140', '150', 'http://localhost:8080/OA02/admin/friends/videoTalk/?oid=140', '2018-02-14 20:55:57');
INSERT INTO `friendhistorytalk` VALUES ('98', '140', '140', '150', 'http://localhost:8080/OA02/admin/friends/videoTalk/?oid=140', '2018-02-14 20:55:56');
INSERT INTO `friendhistorytalk` VALUES ('99', '140', '150', '140', 'http://localhost:8080/OA02/admin/friends/videoTalk/?oid=150', '2018-02-14 21:06:16');
INSERT INTO `friendhistorytalk` VALUES ('100', '150', '150', '140', 'http://localhost:8080/OA02/admin/friends/videoTalk/?oid=150', '2018-02-14 21:06:16');
INSERT INTO `friendhistorytalk` VALUES ('101', '150', '140', '150', '1', '2018-02-14 21:06:56');
INSERT INTO `friendhistorytalk` VALUES ('102', '140', '140', '150', '1', '2018-02-14 21:06:56');
INSERT INTO `friendhistorytalk` VALUES ('103', '140', '150', '140', '2', '2018-02-14 21:07:14');
INSERT INTO `friendhistorytalk` VALUES ('104', '150', '150', '140', '2', '2018-02-14 21:07:14');
INSERT INTO `friendhistorytalk` VALUES ('105', '150', '140', '150', 'http://localhost:8080/OA02/admin/friends/videoTalk/?oid=140', '2018-02-14 21:11:39');
INSERT INTO `friendhistorytalk` VALUES ('106', '140', '140', '150', 'http://localhost:8080/OA02/admin/friends/videoTalk/?oid=140', '2018-02-14 21:11:39');
INSERT INTO `friendhistorytalk` VALUES ('107', '140', '150', '140', 'http://localhost:8080/OA02/admin/friends/videoTalk/?oid=150', '2018-02-14 21:33:14');
INSERT INTO `friendhistorytalk` VALUES ('108', '150', '150', '140', 'http://localhost:8080/OA02/admin/friends/videoTalk/?oid=150', '2018-02-14 21:33:14');
INSERT INTO `friendhistorytalk` VALUES ('109', '150', '140', '150', 'http://localhost:8080/OA02/admin/friends/videoTalk/?oid=140', '2018-02-14 21:34:33');
INSERT INTO `friendhistorytalk` VALUES ('110', '140', '140', '150', 'http://localhost:8080/OA02/admin/friends/videoTalk/?oid=140', '2018-02-14 21:34:33');
INSERT INTO `friendhistorytalk` VALUES ('111', '140', '150', '140', 'http://localhost:8080/OA02/admin/friends/videoTalk/?oid=150', '2018-02-14 21:35:28');
INSERT INTO `friendhistorytalk` VALUES ('112', '150', '150', '140', 'http://localhost:8080/OA02/admin/friends/videoTalk/?oid=150', '2018-02-14 21:35:28');
INSERT INTO `friendhistorytalk` VALUES ('113', '150', '140', '150', 'http://localhost:8080/OA02/admin/friends/videoTalk/?oid=140', '2018-02-14 21:37:22');
INSERT INTO `friendhistorytalk` VALUES ('114', '140', '140', '150', 'http://localhost:8080/OA02/admin/friends/videoTalk/?oid=140', '2018-02-14 21:37:22');
INSERT INTO `friendhistorytalk` VALUES ('115', '150', '140', '150', 'http://localhost:8080/OA02/admin/friends/videoTalk/?oid=140', '2018-02-14 21:43:09');
INSERT INTO `friendhistorytalk` VALUES ('116', '140', '140', '150', 'http://localhost:8080/OA02/admin/friends/videoTalk/?oid=140', '2018-02-14 21:43:09');
INSERT INTO `friendhistorytalk` VALUES ('117', '150', '140', '150', 'http://localhost:8080/OA02/admin/friends/videoTalk/?oid=140', '2018-02-14 21:43:49');
INSERT INTO `friendhistorytalk` VALUES ('118', '140', '140', '150', 'http://localhost:8080/OA02/admin/friends/videoTalk/?oid=140', '2018-02-14 21:43:49');
INSERT INTO `friendhistorytalk` VALUES ('119', '150', '140', '150', 'http://localhost:8080/OA02/admin/friends/videoTalk/?oid=140', '2018-02-14 21:44:18');
INSERT INTO `friendhistorytalk` VALUES ('120', '140', '140', '150', 'http://localhost:8080/OA02/admin/friends/videoTalk/?oid=140', '2018-02-14 21:44:18');
INSERT INTO `friendhistorytalk` VALUES ('121', '140', '150', '140', 'http://localhost:8080/OA02/admin/friends/videoTalk/?oid=150', '2018-02-20 19:14:51');
INSERT INTO `friendhistorytalk` VALUES ('122', '150', '150', '140', 'http://localhost:8080/OA02/admin/friends/videoTalk/?oid=150', '2018-02-20 19:14:50');
INSERT INTO `friendhistorytalk` VALUES ('123', '140', '150', '140', 'http://localhost:8080/OA02/admin/friends/videoTalk/?oid=150', '2018-02-20 19:59:36');
INSERT INTO `friendhistorytalk` VALUES ('124', '150', '150', '140', 'http://localhost:8080/OA02/admin/friends/videoTalk/?oid=150', '2018-02-20 19:59:36');
INSERT INTO `friendhistorytalk` VALUES ('125', '140', '150', '140', 'http://localhost:8080/OA02/admin/friends/videoTalk/?oid=150', '2018-02-20 20:04:00');
INSERT INTO `friendhistorytalk` VALUES ('126', '150', '150', '140', 'http://localhost:8080/OA02/admin/friends/videoTalk/?oid=150', '2018-02-20 20:04:00');
INSERT INTO `friendhistorytalk` VALUES ('127', '150', '140', '150', 'http://localhost:8080/OA02/admin/friends/videoTalk/?oid=140', '2018-02-20 22:07:39');
INSERT INTO `friendhistorytalk` VALUES ('128', '140', '140', '150', 'http://localhost:8080/OA02/admin/friends/videoTalk/?oid=140', '2018-02-20 22:07:39');
INSERT INTO `friendhistorytalk` VALUES ('129', '150', '140', '150', 'http://localhost:8080/OA02/admin/friends/videoTalk/?oid=140', '2018-02-21 16:33:40');
INSERT INTO `friendhistorytalk` VALUES ('130', '140', '140', '150', 'http://localhost:8080/OA02/admin/friends/videoTalk/?oid=140', '2018-02-21 16:33:40');
INSERT INTO `friendhistorytalk` VALUES ('131', '150', '140', '150', 'http://localhost:8080/OA02/admin/friends/videoTalk/?oid=140', '2018-02-21 16:38:51');
INSERT INTO `friendhistorytalk` VALUES ('132', '140', '140', '150', 'http://localhost:8080/OA02/admin/friends/videoTalk/?oid=140', '2018-02-21 16:38:51');
INSERT INTO `friendhistorytalk` VALUES ('133', '150', '140', '150', 'http://localhost:8080/OA02/admin/friends/videoTalk/?oid=140', '2018-02-21 16:44:49');
INSERT INTO `friendhistorytalk` VALUES ('134', '140', '140', '150', 'http://localhost:8080/OA02/admin/friends/videoTalk/?oid=140', '2018-02-21 16:44:49');
INSERT INTO `friendhistorytalk` VALUES ('135', '150', '140', '150', 'http://localhost:8080/OA02/admin/friends/videoTalk/?oid=140', '2018-02-21 20:19:43');
INSERT INTO `friendhistorytalk` VALUES ('136', '140', '140', '150', 'http://localhost:8080/OA02/admin/friends/videoTalk/?oid=140', '2018-02-21 20:19:43');
INSERT INTO `friendhistorytalk` VALUES ('137', '150', '140', '150', 'http://localhost:8080/OA02/admin/friends/videoTalk/?oid=140', '2018-02-21 20:19:54');
INSERT INTO `friendhistorytalk` VALUES ('138', '140', '140', '150', 'http://localhost:8080/OA02/admin/friends/videoTalk/?oid=140', '2018-02-21 20:19:54');
INSERT INTO `friendhistorytalk` VALUES ('139', '150', '140', '150', 'http://localhost:8080/OA02/admin/friends/videoTalk/?oid=140', '2018-02-21 20:20:21');
INSERT INTO `friendhistorytalk` VALUES ('140', '140', '140', '150', 'http://localhost:8080/OA02/admin/friends/videoTalk/?oid=140', '2018-02-21 20:20:21');
INSERT INTO `friendhistorytalk` VALUES ('141', '150', '140', '150', 'http://localhost:8080/OA02/admin/friends/videoTalk/?oid=140', '2018-02-21 20:20:34');
INSERT INTO `friendhistorytalk` VALUES ('142', '140', '140', '150', 'http://localhost:8080/OA02/admin/friends/videoTalk/?oid=140', '2018-02-21 20:20:34');
INSERT INTO `friendhistorytalk` VALUES ('143', '150', '140', '150', 'http://localhost:8080/OA02/admin/friends/videoTalk/?oid=140', '2018-02-21 20:22:12');
INSERT INTO `friendhistorytalk` VALUES ('144', '140', '140', '150', 'http://localhost:8080/OA02/admin/friends/videoTalk/?oid=140', '2018-02-21 20:22:12');
INSERT INTO `friendhistorytalk` VALUES ('145', '140', '150', '140', 'http://localhost:8080/OA02/admin/friends/videoTalk/?oid=150', '2018-02-21 21:59:12');
INSERT INTO `friendhistorytalk` VALUES ('146', '150', '150', '140', 'http://localhost:8080/OA02/admin/friends/videoTalk/?oid=150', '2018-02-21 21:59:12');
INSERT INTO `friendhistorytalk` VALUES ('147', '140', '150', '140', 'http://localhost:8080/OA02/admin/friends/videoTalk/?oid=150', '2018-02-21 21:59:42');
INSERT INTO `friendhistorytalk` VALUES ('148', '150', '150', '140', 'http://localhost:8080/OA02/admin/friends/videoTalk/?oid=150', '2018-02-21 21:59:42');
INSERT INTO `friendhistorytalk` VALUES ('149', '140', '150', '140', 'http://localhost:8080/OA02/admin/friends/videoTalk/?oid=150', '2018-02-21 22:03:49');
INSERT INTO `friendhistorytalk` VALUES ('150', '150', '150', '140', 'http://localhost:8080/OA02/admin/friends/videoTalk/?oid=150', '2018-02-21 22:03:49');
INSERT INTO `friendhistorytalk` VALUES ('151', '150', '140', '150', 'http://localhost:8080/OA02/admin/friends/videoTalk/?oid=140', '2018-02-21 22:11:44');
INSERT INTO `friendhistorytalk` VALUES ('152', '140', '140', '150', 'http://localhost:8080/OA02/admin/friends/videoTalk/?oid=140', '2018-02-21 22:11:44');
INSERT INTO `friendhistorytalk` VALUES ('153', '150', '150', '150', '', '2018-02-21 22:12:10');
INSERT INTO `friendhistorytalk` VALUES ('154', '150', '150', '150', '', '2018-02-21 22:12:10');
INSERT INTO `friendhistorytalk` VALUES ('155', '150', '140', '150', 'http://localhost:8080/OA02/admin/friends/videoTalk/?oid=140', '2018-02-21 22:14:50');
INSERT INTO `friendhistorytalk` VALUES ('156', '140', '140', '150', 'http://localhost:8080/OA02/admin/friends/videoTalk/?oid=140', '2018-02-21 22:14:50');
INSERT INTO `friendhistorytalk` VALUES ('157', '140', '150', '140', '', '2018-02-21 22:15:05');
INSERT INTO `friendhistorytalk` VALUES ('158', '150', '150', '140', '', '2018-02-21 22:15:05');
INSERT INTO `friendhistorytalk` VALUES ('159', '150', '140', '150', 'http://localhost:8080/OA02/admin/friends/videoTalk/?oid=140', '2018-02-21 22:17:10');
INSERT INTO `friendhistorytalk` VALUES ('160', '140', '140', '150', 'http://localhost:8080/OA02/admin/friends/videoTalk/?oid=140', '2018-02-21 22:17:10');
INSERT INTO `friendhistorytalk` VALUES ('161', '140', '150', '140', '', '2018-02-21 22:17:22');
INSERT INTO `friendhistorytalk` VALUES ('162', '150', '150', '140', '', '2018-02-21 22:17:22');
INSERT INTO `friendhistorytalk` VALUES ('163', '150', '140', '150', 'http://localhost:8080/OA02/admin/friends/videoTalk/?oid=140', '2018-02-21 22:17:41');
INSERT INTO `friendhistorytalk` VALUES ('164', '140', '140', '150', 'http://localhost:8080/OA02/admin/friends/videoTalk/?oid=140', '2018-02-21 22:17:41');
INSERT INTO `friendhistorytalk` VALUES ('165', '140', '150', '140', '', '2018-02-21 22:17:51');
INSERT INTO `friendhistorytalk` VALUES ('166', '150', '150', '140', '', '2018-02-21 22:17:51');
INSERT INTO `friendhistorytalk` VALUES ('167', '150', '140', '150', 'http://localhost:8080/OA02/admin/friends/videoTalk/?oid=140', '2018-02-21 22:19:46');
INSERT INTO `friendhistorytalk` VALUES ('168', '140', '140', '150', 'http://localhost:8080/OA02/admin/friends/videoTalk/?oid=140', '2018-02-21 22:19:46');
INSERT INTO `friendhistorytalk` VALUES ('169', '140', '150', '140', '', '2018-02-21 22:19:56');
INSERT INTO `friendhistorytalk` VALUES ('170', '150', '150', '140', '', '2018-02-21 22:19:56');
INSERT INTO `friendhistorytalk` VALUES ('171', '150', '140', '150', 'http://localhost:8080/OA02/admin/friends/videoTalk/?oid=140', '2018-02-21 22:21:51');
INSERT INTO `friendhistorytalk` VALUES ('172', '140', '140', '150', 'http://localhost:8080/OA02/admin/friends/videoTalk/?oid=140', '2018-02-21 22:21:51');
INSERT INTO `friendhistorytalk` VALUES ('173', '140', '150', '140', '', '2018-02-21 22:21:56');
INSERT INTO `friendhistorytalk` VALUES ('174', '150', '150', '140', '', '2018-02-21 22:21:56');
INSERT INTO `friendhistorytalk` VALUES ('175', '140', '150', '140', '', '2018-02-21 22:21:58');
INSERT INTO `friendhistorytalk` VALUES ('176', '150', '150', '140', '', '2018-02-21 22:21:58');
INSERT INTO `friendhistorytalk` VALUES ('177', '140', '150', '140', '', '2018-02-21 22:21:59');
INSERT INTO `friendhistorytalk` VALUES ('178', '140', '150', '140', '', '2018-02-21 22:21:59');
INSERT INTO `friendhistorytalk` VALUES ('179', '150', '150', '140', '', '2018-02-21 22:21:59');
INSERT INTO `friendhistorytalk` VALUES ('180', '150', '150', '140', '', '2018-02-21 22:21:59');
INSERT INTO `friendhistorytalk` VALUES ('181', '140', '150', '140', '', '2018-02-21 22:21:59');
INSERT INTO `friendhistorytalk` VALUES ('182', '150', '150', '140', '', '2018-02-21 22:21:59');
INSERT INTO `friendhistorytalk` VALUES ('183', '140', '150', '140', '', '2018-02-21 22:22:02');
INSERT INTO `friendhistorytalk` VALUES ('184', '150', '150', '140', '', '2018-02-21 22:22:02');
INSERT INTO `friendhistorytalk` VALUES ('185', '150', '140', '150', 'http://localhost:8080/OA02/admin/friends/videoTalk/?oid=140', '2018-02-21 22:24:04');
INSERT INTO `friendhistorytalk` VALUES ('186', '140', '140', '150', 'http://localhost:8080/OA02/admin/friends/videoTalk/?oid=140', '2018-02-21 22:24:04');
INSERT INTO `friendhistorytalk` VALUES ('187', '140', '150', '140', '', '2018-02-21 22:24:11');
INSERT INTO `friendhistorytalk` VALUES ('188', '150', '150', '140', '', '2018-02-21 22:24:11');
INSERT INTO `friendhistorytalk` VALUES ('189', '140', '150', '140', '', '2018-02-21 22:24:12');
INSERT INTO `friendhistorytalk` VALUES ('190', '150', '150', '140', '', '2018-02-21 22:24:12');
INSERT INTO `friendhistorytalk` VALUES ('191', '140', '150', '140', '', '2018-02-21 22:24:13');
INSERT INTO `friendhistorytalk` VALUES ('192', '150', '150', '140', '', '2018-02-21 22:24:13');
INSERT INTO `friendhistorytalk` VALUES ('193', '140', '150', '140', '', '2018-02-21 22:24:13');
INSERT INTO `friendhistorytalk` VALUES ('194', '150', '150', '140', '', '2018-02-21 22:24:13');
INSERT INTO `friendhistorytalk` VALUES ('195', '140', '150', '140', '', '2018-02-21 22:24:13');
INSERT INTO `friendhistorytalk` VALUES ('196', '150', '150', '140', '', '2018-02-21 22:24:13');
INSERT INTO `friendhistorytalk` VALUES ('197', '140', '150', '140', '', '2018-02-21 22:24:14');
INSERT INTO `friendhistorytalk` VALUES ('198', '150', '150', '140', '', '2018-02-21 22:24:14');
INSERT INTO `friendhistorytalk` VALUES ('199', '140', '150', '140', '', '2018-02-21 22:24:15');
INSERT INTO `friendhistorytalk` VALUES ('200', '150', '150', '140', '', '2018-02-21 22:24:15');
INSERT INTO `friendhistorytalk` VALUES ('201', '140', '150', '140', '', '2018-02-21 22:24:23');
INSERT INTO `friendhistorytalk` VALUES ('202', '150', '150', '140', '', '2018-02-21 22:24:23');
INSERT INTO `friendhistorytalk` VALUES ('203', '150', '140', '150', 'http://localhost:8080/OA02/admin/friends/videoTalk/?oid=140', '2018-02-21 22:27:22');
INSERT INTO `friendhistorytalk` VALUES ('204', '140', '140', '150', 'http://localhost:8080/OA02/admin/friends/videoTalk/?oid=140', '2018-02-21 22:27:22');
INSERT INTO `friendhistorytalk` VALUES ('205', '140', '150', '140', '', '2018-02-21 22:27:30');
INSERT INTO `friendhistorytalk` VALUES ('206', '150', '150', '140', '', '2018-02-21 22:27:30');
INSERT INTO `friendhistorytalk` VALUES ('207', '140', '150', '140', '', '2018-02-21 22:27:32');
INSERT INTO `friendhistorytalk` VALUES ('208', '150', '150', '140', '', '2018-02-21 22:27:32');
INSERT INTO `friendhistorytalk` VALUES ('209', '140', '150', '140', '', '2018-02-21 22:27:32');
INSERT INTO `friendhistorytalk` VALUES ('210', '150', '150', '140', '', '2018-02-21 22:27:32');
INSERT INTO `friendhistorytalk` VALUES ('211', '140', '150', '140', '', '2018-02-21 22:27:33');
INSERT INTO `friendhistorytalk` VALUES ('212', '150', '150', '140', '', '2018-02-21 22:27:33');
INSERT INTO `friendhistorytalk` VALUES ('213', '140', '150', '140', '', '2018-02-21 22:27:33');
INSERT INTO `friendhistorytalk` VALUES ('214', '150', '150', '140', '', '2018-02-21 22:27:33');
INSERT INTO `friendhistorytalk` VALUES ('215', '140', '150', '140', '', '2018-02-21 22:27:33');
INSERT INTO `friendhistorytalk` VALUES ('216', '150', '150', '140', '', '2018-02-21 22:27:33');
INSERT INTO `friendhistorytalk` VALUES ('217', '140', '150', '140', '', '2018-02-21 22:27:34');
INSERT INTO `friendhistorytalk` VALUES ('218', '150', '150', '140', '', '2018-02-21 22:27:34');
INSERT INTO `friendhistorytalk` VALUES ('219', '140', '150', '140', '', '2018-02-21 22:27:34');
INSERT INTO `friendhistorytalk` VALUES ('220', '150', '150', '140', '', '2018-02-21 22:27:34');
INSERT INTO `friendhistorytalk` VALUES ('221', '140', '150', '140', '', '2018-02-21 22:27:34');
INSERT INTO `friendhistorytalk` VALUES ('222', '150', '150', '140', '', '2018-02-21 22:27:34');
INSERT INTO `friendhistorytalk` VALUES ('223', '140', '150', '140', '', '2018-02-21 22:27:34');
INSERT INTO `friendhistorytalk` VALUES ('224', '150', '150', '140', '', '2018-02-21 22:27:34');
INSERT INTO `friendhistorytalk` VALUES ('225', '140', '150', '140', '', '2018-02-21 22:27:35');
INSERT INTO `friendhistorytalk` VALUES ('226', '150', '150', '140', '', '2018-02-21 22:27:35');
INSERT INTO `friendhistorytalk` VALUES ('227', '140', '150', '140', '', '2018-02-21 22:27:35');
INSERT INTO `friendhistorytalk` VALUES ('228', '150', '150', '140', '', '2018-02-21 22:27:35');
INSERT INTO `friendhistorytalk` VALUES ('229', '140', '150', '140', '', '2018-02-21 22:27:35');
INSERT INTO `friendhistorytalk` VALUES ('230', '150', '150', '140', '', '2018-02-21 22:27:35');
INSERT INTO `friendhistorytalk` VALUES ('231', '140', '150', '140', '', '2018-02-21 22:27:35');
INSERT INTO `friendhistorytalk` VALUES ('232', '150', '150', '140', '', '2018-02-21 22:27:35');
INSERT INTO `friendhistorytalk` VALUES ('233', '140', '150', '140', '', '2018-02-21 22:27:36');
INSERT INTO `friendhistorytalk` VALUES ('234', '150', '150', '140', '', '2018-02-21 22:27:36');
INSERT INTO `friendhistorytalk` VALUES ('235', '150', '140', '150', 'http://localhost:8080/OA02/admin/friends/videoTalk/?oid=140', '2018-02-21 22:28:45');
INSERT INTO `friendhistorytalk` VALUES ('236', '140', '140', '150', 'http://localhost:8080/OA02/admin/friends/videoTalk/?oid=140', '2018-02-21 22:28:45');
INSERT INTO `friendhistorytalk` VALUES ('237', '140', '150', '140', '', '2018-02-21 22:28:54');
INSERT INTO `friendhistorytalk` VALUES ('238', '150', '150', '140', '', '2018-02-21 22:28:54');
INSERT INTO `friendhistorytalk` VALUES ('239', '150', '140', '150', 'http://localhost:8080/OA02/admin/friends/videoTalk/?oid=140', '2018-02-21 22:29:50');
INSERT INTO `friendhistorytalk` VALUES ('240', '140', '140', '150', 'http://localhost:8080/OA02/admin/friends/videoTalk/?oid=140', '2018-02-21 22:29:50');
INSERT INTO `friendhistorytalk` VALUES ('241', '140', '150', '140', '', '2018-02-21 22:29:57');
INSERT INTO `friendhistorytalk` VALUES ('242', '150', '150', '140', '', '2018-02-21 22:29:57');
INSERT INTO `friendhistorytalk` VALUES ('243', '150', '140', '150', 'http://localhost:8080/OA02/admin/friends/videoTalk/?oid=140', '2018-02-21 22:30:06');
INSERT INTO `friendhistorytalk` VALUES ('244', '140', '140', '150', 'http://localhost:8080/OA02/admin/friends/videoTalk/?oid=140', '2018-02-21 22:30:06');
INSERT INTO `friendhistorytalk` VALUES ('245', '140', '150', '140', '', '2018-02-21 22:30:11');
INSERT INTO `friendhistorytalk` VALUES ('246', '150', '150', '140', '', '2018-02-21 22:30:11');
INSERT INTO `friendhistorytalk` VALUES ('247', '150', '140', '150', 'http://localhost:8080/OA02/admin/friends/videoTalk/?oid=140', '2018-02-21 22:37:02');
INSERT INTO `friendhistorytalk` VALUES ('248', '140', '140', '150', 'http://localhost:8080/OA02/admin/friends/videoTalk/?oid=140', '2018-02-21 22:37:02');
INSERT INTO `friendhistorytalk` VALUES ('249', '140', '150', '140', '', '2018-02-21 22:37:12');
INSERT INTO `friendhistorytalk` VALUES ('250', '150', '150', '140', '', '2018-02-21 22:37:12');
INSERT INTO `friendhistorytalk` VALUES ('251', '140', '150', '140', '', '2018-02-21 22:37:22');
INSERT INTO `friendhistorytalk` VALUES ('252', '150', '150', '140', '', '2018-02-21 22:37:22');
INSERT INTO `friendhistorytalk` VALUES ('253', '150', '140', '150', 'http://localhost:8080/OA02/admin/friends/videoTalk/?oid=140', '2018-02-21 22:39:26');
INSERT INTO `friendhistorytalk` VALUES ('254', '140', '140', '150', 'http://localhost:8080/OA02/admin/friends/videoTalk/?oid=140', '2018-02-21 22:39:26');
INSERT INTO `friendhistorytalk` VALUES ('255', '140', '150', '140', '', '2018-02-21 22:39:31');
INSERT INTO `friendhistorytalk` VALUES ('256', '150', '150', '140', '', '2018-02-21 22:39:31');
INSERT INTO `friendhistorytalk` VALUES ('257', '140', '150', '140', '', '2018-02-21 22:39:34');
INSERT INTO `friendhistorytalk` VALUES ('258', '150', '150', '140', '', '2018-02-21 22:39:34');
INSERT INTO `friendhistorytalk` VALUES ('259', '140', '150', '140', '', '2018-02-21 22:39:38');
INSERT INTO `friendhistorytalk` VALUES ('260', '150', '150', '140', '', '2018-02-21 22:39:38');
INSERT INTO `friendhistorytalk` VALUES ('261', '150', '140', '150', 'http://localhost:8080/OA02/admin/friends/videoTalk/?oid=140', '2018-02-21 22:41:51');
INSERT INTO `friendhistorytalk` VALUES ('262', '140', '140', '150', 'http://localhost:8080/OA02/admin/friends/videoTalk/?oid=140', '2018-02-21 22:41:51');
INSERT INTO `friendhistorytalk` VALUES ('263', '140', '150', '140', '', '2018-02-21 22:42:01');
INSERT INTO `friendhistorytalk` VALUES ('264', '150', '150', '140', '', '2018-02-21 22:42:01');
INSERT INTO `friendhistorytalk` VALUES ('265', '150', '140', '150', 'http://localhost:8080/OA02/admin/friends/videoTalk/?oid=140', '2018-02-21 22:45:05');
INSERT INTO `friendhistorytalk` VALUES ('266', '140', '140', '150', 'http://localhost:8080/OA02/admin/friends/videoTalk/?oid=140', '2018-02-21 22:45:05');
INSERT INTO `friendhistorytalk` VALUES ('267', '140', '150', '140', '', '2018-02-21 22:45:12');
INSERT INTO `friendhistorytalk` VALUES ('268', '150', '150', '140', '', '2018-02-21 22:45:12');
INSERT INTO `friendhistorytalk` VALUES ('269', '140', '150', '140', 'http://localhost:8080/OA02/admin/friends/videoTalk/?oid=150', '2018-02-22 20:00:44');
INSERT INTO `friendhistorytalk` VALUES ('270', '150', '150', '140', 'http://localhost:8080/OA02/admin/friends/videoTalk/?oid=150', '2018-02-22 20:00:43');
INSERT INTO `friendhistorytalk` VALUES ('271', '140', '150', '140', 'http://localhost:8080/OA02/admin/friends/videoTalk/?oid=150', '2018-02-22 20:03:33');
INSERT INTO `friendhistorytalk` VALUES ('272', '150', '150', '140', 'http://localhost:8080/OA02/admin/friends/videoTalk/?oid=150', '2018-02-22 20:03:33');
INSERT INTO `friendhistorytalk` VALUES ('273', '150', '140', '150', 'http://localhost:8080/OA02/admin/friends/videoTalk/?oid=140', '2018-02-22 20:05:02');
INSERT INTO `friendhistorytalk` VALUES ('274', '140', '140', '150', 'http://localhost:8080/OA02/admin/friends/videoTalk/?oid=140', '2018-02-22 20:05:02');
INSERT INTO `friendhistorytalk` VALUES ('275', '140', '150', '140', 'http://localhost:8080/OA02/admin/friends/videoTalk/?oid=150', '2018-02-22 20:06:53');
INSERT INTO `friendhistorytalk` VALUES ('276', '150', '150', '140', 'http://localhost:8080/OA02/admin/friends/videoTalk/?oid=150', '2018-02-22 20:06:53');
INSERT INTO `friendhistorytalk` VALUES ('277', '140', '150', '140', 'http://localhost:8080/OA02/admin/friends/videoTalk/?oid=150', '2018-02-22 20:09:15');
INSERT INTO `friendhistorytalk` VALUES ('278', '150', '150', '140', 'http://localhost:8080/OA02/admin/friends/videoTalk/?oid=150', '2018-02-22 20:09:15');
INSERT INTO `friendhistorytalk` VALUES ('279', '140', '150', '140', 'http://localhost:8080/OA02/admin/friends/videoTalk/?oid=150', '2018-02-22 20:09:37');
INSERT INTO `friendhistorytalk` VALUES ('280', '150', '150', '140', 'http://localhost:8080/OA02/admin/friends/videoTalk/?oid=150', '2018-02-22 20:09:37');
INSERT INTO `friendhistorytalk` VALUES ('281', '150', '140', '150', 'http://localhost:8080/OA02/admin/friends/videoTalk/?oid=140', '2018-02-22 20:12:55');
INSERT INTO `friendhistorytalk` VALUES ('282', '140', '140', '150', 'http://localhost:8080/OA02/admin/friends/videoTalk/?oid=140', '2018-02-22 20:12:55');
INSERT INTO `friendhistorytalk` VALUES ('283', '150', '140', '150', 'http://localhost:8080/OA02/admin/friends/videoTalk/?oid=140', '2018-02-22 20:13:58');
INSERT INTO `friendhistorytalk` VALUES ('284', '140', '140', '150', 'http://localhost:8080/OA02/admin/friends/videoTalk/?oid=140', '2018-02-22 20:13:58');
INSERT INTO `friendhistorytalk` VALUES ('285', '140', '150', '140', 'http://localhost:8080/OA02/admin/friends/videoTalk/?oid=150', '2018-02-22 20:15:43');
INSERT INTO `friendhistorytalk` VALUES ('286', '150', '150', '140', 'http://localhost:8080/OA02/admin/friends/videoTalk/?oid=150', '2018-02-22 20:15:43');
INSERT INTO `friendhistorytalk` VALUES ('287', '150', '140', '150', '', '2018-02-22 20:16:05');
INSERT INTO `friendhistorytalk` VALUES ('288', '140', '140', '150', '', '2018-02-22 20:16:05');
INSERT INTO `friendhistorytalk` VALUES ('289', '140', '150', '140', 'http://localhost:8080/OA02/admin/friends/videoTalk/?oid=150', '2018-02-22 20:17:29');
INSERT INTO `friendhistorytalk` VALUES ('290', '150', '150', '140', 'http://localhost:8080/OA02/admin/friends/videoTalk/?oid=150', '2018-02-22 20:17:29');
INSERT INTO `friendhistorytalk` VALUES ('291', '140', '150', '140', 'http://localhost:8080/OA02/admin/friends/videoTalk/?oid=150', '2018-02-22 20:17:54');
INSERT INTO `friendhistorytalk` VALUES ('292', '150', '150', '140', 'http://localhost:8080/OA02/admin/friends/videoTalk/?oid=150', '2018-02-22 20:17:54');
INSERT INTO `friendhistorytalk` VALUES ('293', '140', '150', '140', 'http://localhost:8080/OA02/admin/friends/videoTalk/?oid=150', '2018-02-22 20:21:13');
INSERT INTO `friendhistorytalk` VALUES ('294', '150', '150', '140', 'http://localhost:8080/OA02/admin/friends/videoTalk/?oid=150', '2018-02-22 20:21:13');
INSERT INTO `friendhistorytalk` VALUES ('295', '140', '150', '140', 'http://localhost:8080/OA02/admin/friends/videoTalk/?oid=150', '2018-02-22 20:25:05');
INSERT INTO `friendhistorytalk` VALUES ('296', '150', '150', '140', 'http://localhost:8080/OA02/admin/friends/videoTalk/?oid=150', '2018-02-22 20:25:05');
INSERT INTO `friendhistorytalk` VALUES ('297', '140', '150', '140', '', '2018-02-22 20:25:57');
INSERT INTO `friendhistorytalk` VALUES ('298', '150', '150', '140', '', '2018-02-22 20:25:57');
INSERT INTO `friendhistorytalk` VALUES ('299', '140', '150', '140', '', '2018-02-22 20:26:01');
INSERT INTO `friendhistorytalk` VALUES ('300', '150', '150', '140', '', '2018-02-22 20:26:01');
INSERT INTO `friendhistorytalk` VALUES ('301', '140', '150', '140', 'http://localhost:8080/OA02/admin/friends/videoTalk/?oid=150', '2018-02-22 20:26:06');
INSERT INTO `friendhistorytalk` VALUES ('302', '150', '150', '140', 'http://localhost:8080/OA02/admin/friends/videoTalk/?oid=150', '2018-02-22 20:26:06');
INSERT INTO `friendhistorytalk` VALUES ('303', '140', '150', '140', 'http://localhost:8080/OA02/admin/friends/videoTalk/?oid=150', '2018-02-22 20:26:17');
INSERT INTO `friendhistorytalk` VALUES ('304', '150', '150', '140', 'http://localhost:8080/OA02/admin/friends/videoTalk/?oid=150', '2018-02-22 20:26:17');
INSERT INTO `friendhistorytalk` VALUES ('305', '140', '150', '140', 'http://localhost:8080/OA02/admin/friends/videoTalk/?oid=150', '2018-02-22 20:26:22');
INSERT INTO `friendhistorytalk` VALUES ('306', '150', '150', '140', 'http://localhost:8080/OA02/admin/friends/videoTalk/?oid=150', '2018-02-22 20:26:22');
INSERT INTO `friendhistorytalk` VALUES ('307', '140', '150', '140', 'http://localhost:8080/OA02/admin/friends/videoTalk/?oid=150', '2018-02-22 20:31:32');
INSERT INTO `friendhistorytalk` VALUES ('308', '150', '150', '140', 'http://localhost:8080/OA02/admin/friends/videoTalk/?oid=150', '2018-02-22 20:31:32');
INSERT INTO `friendhistorytalk` VALUES ('309', '140', '150', '140', 'http://localhost:8080/OA02/admin/friends/videoTalk/?oid=150', '2018-02-22 20:32:03');
INSERT INTO `friendhistorytalk` VALUES ('310', '150', '150', '140', 'http://localhost:8080/OA02/admin/friends/videoTalk/?oid=150', '2018-02-22 20:32:03');
INSERT INTO `friendhistorytalk` VALUES ('311', '150', '140', '150', '', '2018-02-22 20:32:28');
INSERT INTO `friendhistorytalk` VALUES ('312', '140', '140', '150', '', '2018-02-22 20:32:28');
INSERT INTO `friendhistorytalk` VALUES ('313', '150', '140', '150', 'http://localhost:8080/OA02/admin/friends/videoTalk/?oid=140', '2018-02-22 20:32:35');
INSERT INTO `friendhistorytalk` VALUES ('314', '140', '140', '150', 'http://localhost:8080/OA02/admin/friends/videoTalk/?oid=140', '2018-02-22 20:32:35');
INSERT INTO `friendhistorytalk` VALUES ('315', '150', '140', '150', 'http://localhost:8080/OA02/admin/friends/videoTalk/?oid=140', '2018-02-22 20:33:24');
INSERT INTO `friendhistorytalk` VALUES ('316', '140', '140', '150', 'http://localhost:8080/OA02/admin/friends/videoTalk/?oid=140', '2018-02-22 20:33:24');
INSERT INTO `friendhistorytalk` VALUES ('317', '150', '140', '150', 'http://localhost:8080/OA02/admin/friends/videoTalk/?oid=140', '2018-02-22 20:34:38');
INSERT INTO `friendhistorytalk` VALUES ('318', '140', '140', '150', 'http://localhost:8080/OA02/admin/friends/videoTalk/?oid=140', '2018-02-22 20:34:38');
INSERT INTO `friendhistorytalk` VALUES ('319', '150', '140', '150', 'http://localhost:8080/OA02/admin/friends/videoTalk/?oid=140', '2018-02-22 20:35:20');
INSERT INTO `friendhistorytalk` VALUES ('320', '140', '140', '150', 'http://localhost:8080/OA02/admin/friends/videoTalk/?oid=140', '2018-02-22 20:35:20');
INSERT INTO `friendhistorytalk` VALUES ('321', '140', '150', '140', '', '2018-02-22 20:36:00');
INSERT INTO `friendhistorytalk` VALUES ('322', '150', '150', '140', '', '2018-02-22 20:36:00');
INSERT INTO `friendhistorytalk` VALUES ('323', '140', '150', '140', 'http://localhost:8080/OA02/admin/friends/videoTalk/?oid=150', '2018-02-22 20:36:07');
INSERT INTO `friendhistorytalk` VALUES ('324', '150', '150', '140', 'http://localhost:8080/OA02/admin/friends/videoTalk/?oid=150', '2018-02-22 20:36:07');
INSERT INTO `friendhistorytalk` VALUES ('325', '140', '150', '140', 'http://localhost:8080/OA02/admin/friends/videoTalk/?oid=150', '2018-02-22 20:36:44');
INSERT INTO `friendhistorytalk` VALUES ('326', '150', '150', '140', 'http://localhost:8080/OA02/admin/friends/videoTalk/?oid=150', '2018-02-22 20:36:44');
INSERT INTO `friendhistorytalk` VALUES ('327', '140', '150', '140', 'http://localhost:8080/OA02/admin/friends/videoTalk/?oid=150', '2018-02-22 20:37:09');
INSERT INTO `friendhistorytalk` VALUES ('328', '150', '150', '140', 'http://localhost:8080/OA02/admin/friends/videoTalk/?oid=150', '2018-02-22 20:37:09');
INSERT INTO `friendhistorytalk` VALUES ('329', '140', '150', '140', 'http://localhost:8080/OA02/admin/friends/videoTalk/?oid=150', '2018-02-22 20:37:36');
INSERT INTO `friendhistorytalk` VALUES ('330', '150', '150', '140', 'http://localhost:8080/OA02/admin/friends/videoTalk/?oid=150', '2018-02-22 20:37:36');
INSERT INTO `friendhistorytalk` VALUES ('331', '140', '150', '140', 'http://localhost:8080/OA02/admin/friends/videoTalk/?oid=150', '2018-02-22 20:38:15');
INSERT INTO `friendhistorytalk` VALUES ('332', '150', '150', '140', 'http://localhost:8080/OA02/admin/friends/videoTalk/?oid=150', '2018-02-22 20:38:15');
INSERT INTO `friendhistorytalk` VALUES ('333', '140', '150', '140', 'http://localhost:8080/OA02/admin/friends/videoTalk/?oid=150', '2018-02-22 20:40:37');
INSERT INTO `friendhistorytalk` VALUES ('334', '150', '150', '140', 'http://localhost:8080/OA02/admin/friends/videoTalk/?oid=150', '2018-02-22 20:40:37');
INSERT INTO `friendhistorytalk` VALUES ('335', '150', '140', '150', '', '2018-02-22 20:40:53');
INSERT INTO `friendhistorytalk` VALUES ('336', '140', '140', '150', '', '2018-02-22 20:40:53');
INSERT INTO `friendhistorytalk` VALUES ('337', '150', '140', '150', 'http://localhost:8080/OA02/admin/friends/videoTalk/?oid=140', '2018-02-22 20:41:02');
INSERT INTO `friendhistorytalk` VALUES ('338', '140', '140', '150', 'http://localhost:8080/OA02/admin/friends/videoTalk/?oid=140', '2018-02-22 20:41:02');
INSERT INTO `friendhistorytalk` VALUES ('339', '150', '140', '150', 'http://localhost:8080/OA02/admin/friends/videoTalk/?oid=140', '2018-02-22 20:41:32');
INSERT INTO `friendhistorytalk` VALUES ('340', '140', '140', '150', 'http://localhost:8080/OA02/admin/friends/videoTalk/?oid=140', '2018-02-22 20:41:32');
INSERT INTO `friendhistorytalk` VALUES ('341', '150', '140', '150', 'http://localhost:8080/OA02/admin/friends/videoTalk/?oid=140', '2018-02-22 20:41:50');
INSERT INTO `friendhistorytalk` VALUES ('342', '140', '140', '150', 'http://localhost:8080/OA02/admin/friends/videoTalk/?oid=140', '2018-02-22 20:41:50');
INSERT INTO `friendhistorytalk` VALUES ('343', '150', '140', '150', 'http://localhost:8080/OA02/admin/friends/videoTalk/?oid=140', '2018-02-22 20:42:19');
INSERT INTO `friendhistorytalk` VALUES ('344', '140', '140', '150', 'http://localhost:8080/OA02/admin/friends/videoTalk/?oid=140', '2018-02-22 20:42:19');
INSERT INTO `friendhistorytalk` VALUES ('345', '150', '140', '150', 'http://localhost:8080/OA02/admin/friends/videoTalk/?oid=140', '2018-02-22 20:43:02');
INSERT INTO `friendhistorytalk` VALUES ('346', '140', '140', '150', 'http://localhost:8080/OA02/admin/friends/videoTalk/?oid=140', '2018-02-22 20:43:02');
INSERT INTO `friendhistorytalk` VALUES ('347', '140', '150', '140', '', '2018-02-22 20:43:16');
INSERT INTO `friendhistorytalk` VALUES ('348', '150', '150', '140', '', '2018-02-22 20:43:16');
INSERT INTO `friendhistorytalk` VALUES ('349', '140', '150', '140', 'http://localhost:8080/OA02/admin/friends/videoTalk/?oid=150', '2018-02-22 20:43:22');
INSERT INTO `friendhistorytalk` VALUES ('350', '150', '150', '140', 'http://localhost:8080/OA02/admin/friends/videoTalk/?oid=150', '2018-02-22 20:43:22');
INSERT INTO `friendhistorytalk` VALUES ('351', '140', '150', '140', 'http://localhost:8080/OA02/admin/friends/videoTalk/?oid=150', '2018-02-22 20:44:29');
INSERT INTO `friendhistorytalk` VALUES ('352', '150', '150', '140', 'http://localhost:8080/OA02/admin/friends/videoTalk/?oid=150', '2018-02-22 20:44:29');
INSERT INTO `friendhistorytalk` VALUES ('353', '140', '150', '140', 'http://localhost:8080/OA02/admin/friends/videoTalk/?oid=150', '2018-02-22 20:45:21');
INSERT INTO `friendhistorytalk` VALUES ('354', '150', '150', '140', 'http://localhost:8080/OA02/admin/friends/videoTalk/?oid=150', '2018-02-22 20:45:21');
INSERT INTO `friendhistorytalk` VALUES ('355', '140', '150', '140', 'http://localhost:8080/OA02/admin/friends/videoTalk/?oid=150', '2018-02-22 20:46:20');
INSERT INTO `friendhistorytalk` VALUES ('356', '150', '150', '140', 'http://localhost:8080/OA02/admin/friends/videoTalk/?oid=150', '2018-02-22 20:46:20');
INSERT INTO `friendhistorytalk` VALUES ('357', '140', '150', '140', 'http://localhost:8080/OA02/admin/friends/videoTalk/?oid=150', '2018-02-22 20:47:03');
INSERT INTO `friendhistorytalk` VALUES ('358', '150', '150', '140', 'http://localhost:8080/OA02/admin/friends/videoTalk/?oid=150', '2018-02-22 20:47:03');
INSERT INTO `friendhistorytalk` VALUES ('359', '140', '150', '140', 'http://localhost:8080/OA02/admin/friends/videoTalk/?oid=150', '2018-02-22 20:47:48');
INSERT INTO `friendhistorytalk` VALUES ('360', '150', '150', '140', 'http://localhost:8080/OA02/admin/friends/videoTalk/?oid=150', '2018-02-22 20:47:48');
INSERT INTO `friendhistorytalk` VALUES ('361', '150', '140', '150', '', '2018-02-22 20:48:18');
INSERT INTO `friendhistorytalk` VALUES ('362', '140', '140', '150', '', '2018-02-22 20:48:18');
INSERT INTO `friendhistorytalk` VALUES ('363', '150', '140', '150', 'http://localhost:8080/OA02/admin/friends/videoTalk/?oid=140', '2018-02-22 20:48:37');
INSERT INTO `friendhistorytalk` VALUES ('364', '140', '140', '150', 'http://localhost:8080/OA02/admin/friends/videoTalk/?oid=140', '2018-02-22 20:48:37');
INSERT INTO `friendhistorytalk` VALUES ('365', '150', '140', '150', 'http://localhost:8080/OA02/admin/friends/videoTalk/?oid=140', '2018-02-22 20:48:49');
INSERT INTO `friendhistorytalk` VALUES ('366', '140', '140', '150', 'http://localhost:8080/OA02/admin/friends/videoTalk/?oid=140', '2018-02-22 20:48:49');
INSERT INTO `friendhistorytalk` VALUES ('367', '150', '140', '150', 'http://localhost:8080/OA02/admin/friends/videoTalk/?oid=140', '2018-02-22 20:50:10');
INSERT INTO `friendhistorytalk` VALUES ('368', '140', '140', '150', 'http://localhost:8080/OA02/admin/friends/videoTalk/?oid=140', '2018-02-22 20:50:10');
INSERT INTO `friendhistorytalk` VALUES ('369', '140', '150', '140', 'http://localhost:8080/OA02/admin/friends/videoTalk/?oid=150', '2018-02-22 20:50:40');
INSERT INTO `friendhistorytalk` VALUES ('370', '150', '150', '140', 'http://localhost:8080/OA02/admin/friends/videoTalk/?oid=150', '2018-02-22 20:50:40');
INSERT INTO `friendhistorytalk` VALUES ('371', '140', '150', '140', '', '2018-02-22 20:50:58');
INSERT INTO `friendhistorytalk` VALUES ('372', '150', '150', '140', '', '2018-02-22 20:50:58');
INSERT INTO `friendhistorytalk` VALUES ('373', '150', '140', '150', '', '2018-02-22 20:51:11');
INSERT INTO `friendhistorytalk` VALUES ('374', '140', '140', '150', '', '2018-02-22 20:51:11');
INSERT INTO `friendhistorytalk` VALUES ('375', '150', '140', '150', 'http://localhost:8080/OA02/admin/friends/videoTalk/?oid=140', '2018-02-22 20:51:19');
INSERT INTO `friendhistorytalk` VALUES ('376', '140', '140', '150', 'http://localhost:8080/OA02/admin/friends/videoTalk/?oid=140', '2018-02-22 20:51:19');
INSERT INTO `friendhistorytalk` VALUES ('377', '140', '150', '140', '', '2018-02-22 20:51:26');
INSERT INTO `friendhistorytalk` VALUES ('378', '150', '150', '140', '', '2018-02-22 20:51:26');
INSERT INTO `friendhistorytalk` VALUES ('379', '140', '150', '140', 'http://192.168.1.4:8080/OA02/admin/friends/videoTalk/?oid=150', '2018-02-22 20:54:56');
INSERT INTO `friendhistorytalk` VALUES ('380', '150', '150', '140', 'http://192.168.1.4:8080/OA02/admin/friends/videoTalk/?oid=150', '2018-02-22 20:54:56');
INSERT INTO `friendhistorytalk` VALUES ('381', '140', '150', '140', 'http://192.168.1.4:8080/OA02/admin/friends/videoTalk/?oid=150', '2018-02-22 20:57:03');
INSERT INTO `friendhistorytalk` VALUES ('382', '150', '150', '140', 'http://192.168.1.4:8080/OA02/admin/friends/videoTalk/?oid=150', '2018-02-22 20:57:03');
INSERT INTO `friendhistorytalk` VALUES ('383', '150', '140', '150', 'http://localhost:8080/OA02/admin/friends/videoTalk/?oid=140', '2018-02-22 20:59:24');
INSERT INTO `friendhistorytalk` VALUES ('384', '140', '140', '150', 'http://localhost:8080/OA02/admin/friends/videoTalk/?oid=140', '2018-02-22 20:59:24');
INSERT INTO `friendhistorytalk` VALUES ('385', '150', '140', '150', 'http://localhost:8080/OA02/admin/friends/videoTalk/?oid=140', '2018-02-22 20:59:43');
INSERT INTO `friendhistorytalk` VALUES ('386', '140', '140', '150', 'http://localhost:8080/OA02/admin/friends/videoTalk/?oid=140', '2018-02-22 20:59:43');
INSERT INTO `friendhistorytalk` VALUES ('387', '150', '140', '150', 'http://localhost:8080/OA02/admin/friends/videoTalk/?oid=140', '2018-02-22 20:59:54');
INSERT INTO `friendhistorytalk` VALUES ('388', '140', '140', '150', 'http://localhost:8080/OA02/admin/friends/videoTalk/?oid=140', '2018-02-22 20:59:54');
INSERT INTO `friendhistorytalk` VALUES ('389', '150', '140', '150', '', '2018-02-22 21:00:01');
INSERT INTO `friendhistorytalk` VALUES ('390', '140', '140', '150', '', '2018-02-22 21:00:01');
INSERT INTO `friendhistorytalk` VALUES ('391', '140', '150', '140', '', '2018-02-22 21:00:41');
INSERT INTO `friendhistorytalk` VALUES ('392', '150', '150', '140', '', '2018-02-22 21:00:41');
INSERT INTO `friendhistorytalk` VALUES ('393', '140', '150', '140', 'http://192.168.1.4:8080/OA02/admin/friends/videoTalk/?oid=150', '2018-02-22 21:00:49');
INSERT INTO `friendhistorytalk` VALUES ('394', '150', '150', '140', 'http://192.168.1.4:8080/OA02/admin/friends/videoTalk/?oid=150', '2018-02-22 21:00:49');
INSERT INTO `friendhistorytalk` VALUES ('395', '140', '150', '140', 'http://192.168.1.4:8080/OA02/admin/friends/videoTalk/?oid=150', '2018-02-22 21:06:12');
INSERT INTO `friendhistorytalk` VALUES ('396', '150', '150', '140', 'http://192.168.1.4:8080/OA02/admin/friends/videoTalk/?oid=150', '2018-02-22 21:06:12');
INSERT INTO `friendhistorytalk` VALUES ('397', '140', '150', '140', 'http://192.168.1.4:8080/OA02/admin/friends/videoTalk/?oid=150', '2018-02-22 21:06:56');
INSERT INTO `friendhistorytalk` VALUES ('398', '150', '150', '140', 'http://192.168.1.4:8080/OA02/admin/friends/videoTalk/?oid=150', '2018-02-22 21:06:56');
INSERT INTO `friendhistorytalk` VALUES ('399', '140', '150', '140', 'http://192.168.1.4:8080/OA02/admin/friends/videoTalk/?oid=150', '2018-02-22 21:09:52');
INSERT INTO `friendhistorytalk` VALUES ('400', '150', '150', '140', 'http://192.168.1.4:8080/OA02/admin/friends/videoTalk/?oid=150', '2018-02-22 21:09:52');
INSERT INTO `friendhistorytalk` VALUES ('401', '140', '150', '140', 'http://192.168.1.4:8080/OA02/admin/friends/videoTalk/?oid=150', '2018-02-22 21:10:25');
INSERT INTO `friendhistorytalk` VALUES ('402', '150', '150', '140', 'http://192.168.1.4:8080/OA02/admin/friends/videoTalk/?oid=150', '2018-02-22 21:10:25');
INSERT INTO `friendhistorytalk` VALUES ('403', '150', '140', '150', '', '2018-02-22 21:10:45');
INSERT INTO `friendhistorytalk` VALUES ('404', '140', '140', '150', '', '2018-02-22 21:10:45');
INSERT INTO `friendhistorytalk` VALUES ('405', '150', '140', '150', 'http://localhost:8080/OA02/admin/friends/videoTalk/?oid=140', '2018-02-22 21:11:19');
INSERT INTO `friendhistorytalk` VALUES ('406', '140', '140', '150', 'http://localhost:8080/OA02/admin/friends/videoTalk/?oid=140', '2018-02-22 21:11:19');
INSERT INTO `friendhistorytalk` VALUES ('407', '140', '150', '140', '', '2018-02-22 21:11:52');
INSERT INTO `friendhistorytalk` VALUES ('408', '150', '150', '140', '', '2018-02-22 21:11:52');
INSERT INTO `friendhistorytalk` VALUES ('409', '150', '140', '150', 'http://localhost:8080/OA02/admin/friends/videoTalk/?oid=140', '2018-02-22 21:12:12');
INSERT INTO `friendhistorytalk` VALUES ('410', '140', '140', '150', 'http://localhost:8080/OA02/admin/friends/videoTalk/?oid=140', '2018-02-22 21:12:12');
INSERT INTO `friendhistorytalk` VALUES ('411', '140', '150', '140', '', '2018-02-22 21:12:22');
INSERT INTO `friendhistorytalk` VALUES ('412', '150', '150', '140', '', '2018-02-22 21:12:22');

-- ----------------------------
-- Table structure for friends
-- ----------------------------
DROP TABLE IF EXISTS `friends`;
CREATE TABLE `friends` (
  `id` int(11) NOT NULL AUTO_INCREMENT,
  `myId` int(11) DEFAULT NULL,
  `friendId` int(11) DEFAULT NULL,
  PRIMARY KEY (`id`)
) ENGINE=InnoDB AUTO_INCREMENT=70 DEFAULT CHARSET=utf8;

-- ----------------------------
-- Records of friends
-- ----------------------------
INSERT INTO `friends` VALUES ('68', '150', '140');
INSERT INTO `friends` VALUES ('69', '140', '150');

-- ----------------------------
-- Table structure for holiday
-- ----------------------------
DROP TABLE IF EXISTS `holiday`;
CREATE TABLE `holiday` (
  `id` int(20) NOT NULL AUTO_INCREMENT,
  `date` datetime DEFAULT CURRENT_TIMESTAMP,
  `type` varchar(255) DEFAULT NULL,
  `startday` datetime(6) DEFAULT NULL,
  `endday` datetime(6) DEFAULT NULL,
  `holidaydays` int(255) DEFAULT NULL,
  `test` varchar(255) DEFAULT NULL,
  `reason` varchar(255) DEFAULT NULL,
  `enclosure` varchar(255) DEFAULT NULL,
  `processInstanceId` varchar(20) DEFAULT NULL,
  `filename` varchar(255) DEFAULT NULL,
  PRIMARY KEY (`id`)
) ENGINE=InnoDB AUTO_INCREMENT=38 DEFAULT CHARSET=utf8;

-- ----------------------------
-- Records of holiday
-- ----------------------------
INSERT INTO `holiday` VALUES ('17', '2018-01-18 10:40:04', '', '2017-12-08 00:00:00.000000', '2017-12-11 00:00:00.000000', '849', '', '654895120', '', '2501', null);
INSERT INTO `holiday` VALUES ('18', '2018-01-18 10:40:04', '', '2017-12-18 00:00:00.000000', '2017-12-22 00:00:00.000000', '16', '', '+598520', '', '5001', null);
INSERT INTO `holiday` VALUES ('19', '2018-01-18 10:40:04', '', '2017-12-17 00:00:00.000000', '2018-01-14 00:00:00.000000', '45', '', '653', '', '7501', null);
INSERT INTO `holiday` VALUES ('20', '2018-01-18 10:40:04', '', '2017-12-26 00:00:00.000000', '2017-12-27 00:00:00.000000', null, '', 'fgdfgfg', '', '30001', null);
INSERT INTO `holiday` VALUES ('21', '2018-01-18 10:40:04', '', '2017-12-27 00:00:00.000000', '2017-12-28 00:00:00.000000', '56456', '', 'uiouiouio', '', '30014', null);
INSERT INTO `holiday` VALUES ('22', '2018-01-18 10:40:04', '', '2017-12-27 00:00:00.000000', '2017-12-27 00:00:00.000000', '8', '', 'gyhjghj', '', '30027', null);
INSERT INTO `holiday` VALUES ('23', '2018-01-18 10:40:04', '', '2017-12-19 00:00:00.000000', '2017-12-20 00:00:00.000000', '90', '', 'hhhh', '', '30040', null);
INSERT INTO `holiday` VALUES ('24', '2018-01-18 10:40:04', '', '2017-12-19 00:00:00.000000', '2017-12-20 00:00:00.000000', '90', '', 'hhhh', '', '30053', null);
INSERT INTO `holiday` VALUES ('25', '2018-01-18 10:40:04', '', '2017-12-19 00:00:00.000000', '2017-12-20 00:00:00.000000', '90', '', 'hhhh', '', '30066', null);
INSERT INTO `holiday` VALUES ('26', '2018-01-18 10:40:04', '', '2017-12-26 00:00:00.000000', '2017-12-21 00:00:00.000000', '80', '', 'hhh', '', '30079', null);
INSERT INTO `holiday` VALUES ('27', '2018-01-18 10:40:04', '', '2018-01-15 00:00:00.000000', '2018-01-16 00:00:00.000000', '2', '', '', '', '42501', '_(2).doc');
INSERT INTO `holiday` VALUES ('28', '2018-01-18 10:40:04', '', '2018-01-15 00:00:00.000000', '2018-01-16 00:00:00.000000', '3', '', '3222222', 'Mon Jan 15 14-38-54 CST 2018.zip', '45001', '.zip');
INSERT INTO `holiday` VALUES ('29', '2018-01-18 10:40:04', '', '2018-01-15 00:00:00.000000', '2018-01-17 00:00:00.000000', '33', '', '15665156', 'Mon Jan 15 15-06-38 CST 2018.zip', '47501', '.zip');
INSERT INTO `holiday` VALUES ('30', '2018-01-18 10:40:04', '', '2018-01-17 00:00:00.000000', '2018-01-18 00:00:00.000000', '1111', '', '2222', 'Mon Jan 15 15-10-39 CST 2018.zip', '47514', '.zip');
INSERT INTO `holiday` VALUES ('31', '2018-01-18 10:40:04', '', '2018-01-15 00:00:00.000000', '2018-01-17 00:00:00.000000', '3', '', '3233', 'Mon Jan 15 15-17-17 CST 2018.zip', '50001', '.zip');
INSERT INTO `holiday` VALUES ('32', '2018-01-18 10:40:04', '', '2018-01-19 00:00:00.000000', '2018-01-19 00:00:00.000000', '30', '', '20', 'Thu Jan 18 10-04-47 CST 2018.txt', '70001', '.txt');
INSERT INTO `holiday` VALUES ('34', '2018-01-18 10:40:04', '', '2018-01-18 00:00:00.000000', '2018-01-19 00:00:00.000000', '30', '', '30', 'Thu Jan 18 10-40-03 CST 2018.txt', '72501', '.txt');
INSERT INTO `holiday` VALUES ('36', '2018-01-20 12:14:55', '', '2018-01-20 00:00:00.000000', '2018-01-25 00:00:00.000000', '33', '', '33333333333333333', 'Sat Jan 20 12-14-55 CST 2018helloword3.zip', '90013', 'helloword3.zip');
INSERT INTO `holiday` VALUES ('37', '2018-01-22 10:50:44', '', '2018-03-22 00:00:00.000000', '2018-01-22 00:00:00.000000', '323', '', '2323', 'Mon Jan 22 10-50-44 CST 2018.jpg', '110001', '.jpg');

-- ----------------------------
-- Table structure for myimage
-- ----------------------------
DROP TABLE IF EXISTS `myimage`;
CREATE TABLE `myimage` (
  `id` int(11) NOT NULL AUTO_INCREMENT,
  `userId` int(11) DEFAULT NULL,
  `imageName` varchar(255) DEFAULT NULL,
  `topicId` int(11) DEFAULT NULL,
  PRIMARY KEY (`id`)
) ENGINE=InnoDB AUTO_INCREMENT=16 DEFAULT CHARSET=utf8;

-- ----------------------------
-- Records of myimage
-- ----------------------------
INSERT INTO `myimage` VALUES ('8', '140', 'Thu Feb 08 22-06-46 CST 2018_www.ygdy8.com_..BD.720p._20161025144921.JPG', '41');
INSERT INTO `myimage` VALUES ('15', '140', 'Thu Feb 08 22-40-34 CST 201812cdfbf2b2119313f4c5159267380cd790238d98.jpg', '48');

-- ----------------------------
-- Table structure for notice
-- ----------------------------
DROP TABLE IF EXISTS `notice`;
CREATE TABLE `notice` (
  `id` int(11) NOT NULL AUTO_INCREMENT,
  `userId` int(11) DEFAULT NULL,
  `title` varchar(255) DEFAULT NULL,
  `text` varchar(255) DEFAULT NULL,
  `date` datetime DEFAULT CURRENT_TIMESTAMP,
  PRIMARY KEY (`id`)
) ENGINE=InnoDB AUTO_INCREMENT=10 DEFAULT CHARSET=utf8;

-- ----------------------------
-- Records of notice
-- ----------------------------
INSERT INTO `notice` VALUES ('4', '140', '2017', '20176~', '2018-01-30 20:06:32');
INSERT INTO `notice` VALUES ('5', '140', '10.1', '1017', '2018-01-30 20:10:05');
INSERT INTO `notice` VALUES ('9', '150', 'ltz', 'ltz', '2018-01-30 22:56:22');

-- ----------------------------
-- Table structure for project
-- ----------------------------
DROP TABLE IF EXISTS `project`;
CREATE TABLE `project` (
  `id` int(11) NOT NULL AUTO_INCREMENT,
  `projectName` varchar(255) DEFAULT NULL,
  `projectAliasName` varchar(255) DEFAULT NULL,
  `createDate` varchar(255) DEFAULT NULL,
  `startDate` varchar(255) DEFAULT NULL,
  `endDate` varchar(255) DEFAULT NULL,
  `descs` longtext,
  `createPeople` int(11) DEFAULT NULL,
  `projectResponsiblePeople` int(11) DEFAULT NULL,
  `productPeople` int(11) DEFAULT NULL,
  `testPeople` int(11) DEFAULT NULL,
  `releasePeople` int(11) DEFAULT NULL,
  `releaseControl` varchar(255) DEFAULT NULL,
  `state` varchar(255) DEFAULT NULL,
  PRIMARY KEY (`id`)
) ENGINE=InnoDB AUTO_INCREMENT=3 DEFAULT CHARSET=utf8;

-- ----------------------------
-- Records of project
-- ----------------------------
INSERT INTO `project` VALUES ('2', '002', '002', '2018-02-23 19:36:20', '2018-02-23', '2018-02-24', '002', '140', '140', '140', '140', '140', '1', '');

-- ----------------------------
-- Table structure for projectteam
-- ----------------------------
DROP TABLE IF EXISTS `projectteam`;
CREATE TABLE `projectteam` (
  `id` int(11) NOT NULL AUTO_INCREMENT,
  `userId` int(11) DEFAULT NULL,
  `projectId` int(11) DEFAULT NULL,
  `joinTime` varchar(255) DEFAULT NULL,
  PRIMARY KEY (`id`)
) ENGINE=InnoDB AUTO_INCREMENT=3 DEFAULT CHARSET=utf8;

-- ----------------------------
-- Records of projectteam
-- ----------------------------
INSERT INTO `projectteam` VALUES ('2', '140', '2', '2018-11-11 11:11:11');

-- ----------------------------
-- Table structure for reimbursement
-- ----------------------------
DROP TABLE IF EXISTS `reimbursement`;
CREATE TABLE `reimbursement` (
  `id` int(11) NOT NULL AUTO_INCREMENT,
  `money` float(255,0) DEFAULT NULL,
  `type` varchar(255) DEFAULT NULL,
  `detailed` varchar(255) DEFAULT NULL,
  `date` datetime DEFAULT CURRENT_TIMESTAMP,
  `processInstanceId` varchar(255) DEFAULT NULL,
  `test` varchar(255) DEFAULT NULL,
  `enclosure` varchar(255) DEFAULT NULL,
  `filename` varchar(255) DEFAULT NULL,
  PRIMARY KEY (`id`)
) ENGINE=InnoDB AUTO_INCREMENT=14 DEFAULT CHARSET=utf8;

-- ----------------------------
-- Records of reimbursement
-- ----------------------------
INSERT INTO `reimbursement` VALUES ('1', '360', '', '', '2017-12-25 00:00:00', '22501', '', 'E:\\testuoload\\.txt', null);
INSERT INTO `reimbursement` VALUES ('2', '123', '', '', '2017-12-25 00:00:00', '22514', '', 'E:\\testuoload\\.xlsx', null);
INSERT INTO `reimbursement` VALUES ('3', '123', '', '', '2018-01-17 00:00:00', '22527', '', 'E:\\testuoload\\', null);
INSERT INTO `reimbursement` VALUES ('4', '80', '', '', '2017-12-26 00:00:00', '25001', '', 'E:\\testuoload\\', null);
INSERT INTO `reimbursement` VALUES ('5', '10000', '', '', '2017-11-29 00:00:00', '30092', '', 'E:\\testuoload\\sql.txt', null);
INSERT INTO `reimbursement` VALUES ('6', '10000', '', '', '2017-11-29 00:00:00', '30105', '', 'E:\\testuoload\\sql.txt', null);
INSERT INTO `reimbursement` VALUES ('7', '5000', '', '', '2017-05-16 00:00:00', '32501', '', 'E:\\testuoload\\PPT.pptx', null);
INSERT INTO `reimbursement` VALUES ('8', '500', '', '', '2017-05-30 00:00:00', '32514', '', 'E:\\testuoload\\', null);
INSERT INTO `reimbursement` VALUES ('9', '2200', '', '', '2017-05-16 00:00:00', '32527', '', 'E:\\testuoload\\', null);
INSERT INTO `reimbursement` VALUES ('10', '6000', '', '', '2017-04-20 00:00:00', '40001', '', 'E:\\testuoload\\_(2).doc', null);
INSERT INTO `reimbursement` VALUES ('11', '12000', '', '', '2017-03-03 00:00:00', '40014', '', 'E:\\testuoload\\PPT.pptx', null);
INSERT INTO `reimbursement` VALUES ('13', '300', '', '', '2017-12-20 00:00:00', '52501', '', 'Mon Jan 15 20-00-49 CST 2018.rar', '.rar');

-- ----------------------------
-- Table structure for systemmessage
-- ----------------------------
DROP TABLE IF EXISTS `systemmessage`;
CREATE TABLE `systemmessage` (
  `id` int(11) NOT NULL AUTO_INCREMENT,
  `userId` int(11) DEFAULT NULL,
  `action` varchar(255) DEFAULT NULL,
  `text` varchar(255) DEFAULT NULL,
  `topicId` int(11) DEFAULT NULL,
  `state` varchar(255) DEFAULT NULL,
  `date` varchar(255) DEFAULT NULL,
  PRIMARY KEY (`id`)
) ENGINE=InnoDB AUTO_INCREMENT=16 DEFAULT CHARSET=utf8;

-- ----------------------------
-- Records of systemmessage
-- ----------------------------
INSERT INTO `systemmessage` VALUES ('1', '140', '', '', '30', '', '2012-01-01 11:11:11');
INSERT INTO `systemmessage` VALUES ('2', '150', '', '', '30', '', '2018-02-21 10:22:28');
INSERT INTO `systemmessage` VALUES ('3', '150', '', '', '41', '', '2018-02-21 10:22:37');
INSERT INTO `systemmessage` VALUES ('4', '140', '', '', '30', '', '2018-02-21 11:29:54');
INSERT INTO `systemmessage` VALUES ('5', '150', '', '', '30', '', '2018-02-21 11:32:27');
INSERT INTO `systemmessage` VALUES ('6', '150', '', '', '30', '', '2018-02-21 11:33:48');
INSERT INTO `systemmessage` VALUES ('7', '150', '', '', '30', '', '2018-02-21 11:44:22');
INSERT INTO `systemmessage` VALUES ('8', '140', '', '', '30', '', '2018-02-21 11:44:55');
INSERT INTO `systemmessage` VALUES ('9', '140', '', '', '31', '', '2018-02-21 11:45:10');
INSERT INTO `systemmessage` VALUES ('10', '150', '', '', '31', '', '2018-02-21 11:45:22');
INSERT INTO `systemmessage` VALUES ('11', '150', '', '', '30', '', '2018-02-22 08:57:29');
INSERT INTO `systemmessage` VALUES ('12', '150', '', '', '30', '', '2018-02-22 08:57:44');
INSERT INTO `systemmessage` VALUES ('13', '150', '', '', '30', '', '2018-02-22 08:57:57');
INSERT INTO `systemmessage` VALUES ('14', '150', '', '', '30', '', '2018-02-22 08:58:13');
INSERT INTO `systemmessage` VALUES ('15', '150', '', '', '30', '', '2018-02-22 08:58:39');

-- ----------------------------
-- Table structure for things
-- ----------------------------
DROP TABLE IF EXISTS `things`;
CREATE TABLE `things` (
  `id` int(11) NOT NULL AUTO_INCREMENT,
  `name` varchar(255) DEFAULT NULL,
  `number` int(11) DEFAULT NULL,
  `date` datetime DEFAULT CURRENT_TIMESTAMP,
  `purpose` varchar(255) DEFAULT NULL,
  `state` varchar(255) DEFAULT NULL,
  `details` varchar(255) DEFAULT NULL,
  `enclosure` varchar(255) DEFAULT NULL,
  `filename` varchar(255) DEFAULT NULL,
  `processInstanceId` varchar(255) DEFAULT NULL,
  PRIMARY KEY (`id`)
) ENGINE=InnoDB AUTO_INCREMENT=8 DEFAULT CHARSET=utf8;

-- ----------------------------
-- Records of things
-- ----------------------------
INSERT INTO `things` VALUES ('1', '', '20', '2012-02-02 00:00:00', '', '', '1', null, null, '');
INSERT INTO `things` VALUES ('2', '', '2', '2018-01-17 00:00:00', '', '', '1', 'Wed Jan 17 14-09-22 CST 2018.txt', '.txt', '60001');
INSERT INTO `things` VALUES ('3', 'A4', '3000', '2018-01-20 16:24:26', '', '', '1', 'Sat Jan 20 16-24-26 CST 2018.jpg', '.jpg', '97503');
INSERT INTO `things` VALUES ('4', 'zZZZZZZZZZZZ', '30', '2018-01-20 17:38:57', 'ZZZZZZZ', '', '1', 'Sat Jan 20 17-38-56 CST 2018_20171111152203.jpg', '_20171111152203.jpg', '100001');
INSERT INTO `things` VALUES ('5', '', '20', '2018-01-20 17:45:49', '', '', '1', 'Sat Jan 20 17-45-49 CST 2018_20171111152203.jpg', '_20171111152203.jpg', '102501');
INSERT INTO `things` VALUES ('6', '', '2', '2018-01-20 17:48:48', '', '', '', 'Sat Jan 20 17-48-48 CST 2018psd.jpg', 'psd.jpg', '102511');
INSERT INTO `things` VALUES ('7', '000000000', '0', '2018-01-21 22:25:03', '0000000000000', '', '0000', 'Sun Jan 21 22-25-02 CST 2018QQ20160409082948.jpg', 'QQ20160409082948.jpg', '107501');

-- ----------------------------
-- Table structure for t_department
-- ----------------------------
DROP TABLE IF EXISTS `t_department`;
CREATE TABLE `t_department` (
  `id` int(4) NOT NULL AUTO_INCREMENT,
  `name` varchar(20) NOT NULL,
  `description` varchar(255) NOT NULL,
  `address` varchar(20) DEFAULT NULL,
  PRIMARY KEY (`id`)
) ENGINE=InnoDB AUTO_INCREMENT=345 DEFAULT CHARSET=utf8;

-- ----------------------------
-- Records of t_department
-- ----------------------------
INSERT INTO `t_department` VALUES ('261', '', '', '');
INSERT INTO `t_department` VALUES ('264', '', '', '');
INSERT INTO `t_department` VALUES ('331', '', '', '');
INSERT INTO `t_department` VALUES ('335', '', 'a', '');
INSERT INTO `t_department` VALUES ('336', 'sfdsfsa', 'sadfdsfsda', 'safsf');
INSERT INTO `t_department` VALUES ('337', '68451', '52', '587523');
INSERT INTO `t_department` VALUES ('338', 'ioio', 'ooioioasdasd', 'oioioiasdasd');
INSERT INTO `t_department` VALUES ('344', 'lklk', '563', '452452');

-- ----------------------------
-- Table structure for t_department_role
-- ----------------------------
DROP TABLE IF EXISTS `t_department_role`;
CREATE TABLE `t_department_role` (
  `id` int(4) NOT NULL AUTO_INCREMENT,
  `departmentId` int(4) NOT NULL,
  `roleId` int(4) NOT NULL,
  PRIMARY KEY (`id`)
) ENGINE=InnoDB AUTO_INCREMENT=13 DEFAULT CHARSET=utf8;

-- ----------------------------
-- Records of t_department_role
-- ----------------------------
INSERT INTO `t_department_role` VALUES ('1', '261', '1');
INSERT INTO `t_department_role` VALUES ('2', '261', '2');
INSERT INTO `t_department_role` VALUES ('3', '261', '3');
INSERT INTO `t_department_role` VALUES ('4', '261', '4');
INSERT INTO `t_department_role` VALUES ('5', '261', '5');
INSERT INTO `t_department_role` VALUES ('6', '262', '1');
INSERT INTO `t_department_role` VALUES ('7', '262', '2');
INSERT INTO `t_department_role` VALUES ('8', '262', '3');
INSERT INTO `t_department_role` VALUES ('9', '263', '4');
INSERT INTO `t_department_role` VALUES ('10', '263', '5');
INSERT INTO `t_department_role` VALUES ('11', '264', '1');
INSERT INTO `t_department_role` VALUES ('12', '264', '2');

-- ----------------------------
-- Table structure for t_department_user
-- ----------------------------
DROP TABLE IF EXISTS `t_department_user`;
CREATE TABLE `t_department_user` (
  `id` int(4) NOT NULL AUTO_INCREMENT,
  `departmentId` int(4) NOT NULL,
  `userId` int(4) NOT NULL,
  PRIMARY KEY (`id`)
) ENGINE=InnoDB AUTO_INCREMENT=155 DEFAULT CHARSET=utf8;

-- ----------------------------
-- Records of t_department_user
-- ----------------------------
INSERT INTO `t_department_user` VALUES ('79', '261', '82');
INSERT INTO `t_department_user` VALUES ('83', '261', '86');
INSERT INTO `t_department_user` VALUES ('85', '264', '88');
INSERT INTO `t_department_user` VALUES ('87', '261', '90');
INSERT INTO `t_department_user` VALUES ('88', '261', '91');
INSERT INTO `t_department_user` VALUES ('91', '335', '94');
INSERT INTO `t_department_user` VALUES ('92', '335', '95');
INSERT INTO `t_department_user` VALUES ('95', '261', '98');
INSERT INTO `t_department_user` VALUES ('96', '261', '99');
INSERT INTO `t_department_user` VALUES ('97', '261', '100');
INSERT INTO `t_department_user` VALUES ('98', '261', '101');
INSERT INTO `t_department_user` VALUES ('99', '261', '102');
INSERT INTO `t_department_user` VALUES ('101', '261', '104');
INSERT INTO `t_department_user` VALUES ('102', '261', '105');
INSERT INTO `t_department_user` VALUES ('103', '261', '106');
INSERT INTO `t_department_user` VALUES ('104', '261', '107');
INSERT INTO `t_department_user` VALUES ('105', '261', '108');
INSERT INTO `t_department_user` VALUES ('106', '261', '109');
INSERT INTO `t_department_user` VALUES ('107', '261', '110');
INSERT INTO `t_department_user` VALUES ('108', '264', '111');
INSERT INTO `t_department_user` VALUES ('109', '261', '112');
INSERT INTO `t_department_user` VALUES ('111', '261', '114');
INSERT INTO `t_department_user` VALUES ('112', '261', '115');
INSERT INTO `t_department_user` VALUES ('115', '261', '118');
INSERT INTO `t_department_user` VALUES ('116', '261', '119');
INSERT INTO `t_department_user` VALUES ('117', '261', '120');
INSERT INTO `t_department_user` VALUES ('118', '261', '121');
INSERT INTO `t_department_user` VALUES ('119', '261', '122');
INSERT INTO `t_department_user` VALUES ('120', '261', '123');
INSERT INTO `t_department_user` VALUES ('122', '261', '125');
INSERT INTO `t_department_user` VALUES ('123', '261', '126');
INSERT INTO `t_department_user` VALUES ('124', '261', '127');
INSERT INTO `t_department_user` VALUES ('126', '261', '129');
INSERT INTO `t_department_user` VALUES ('127', '261', '130');
INSERT INTO `t_department_user` VALUES ('133', '261', '136');
INSERT INTO `t_department_user` VALUES ('137', '261', '140');
INSERT INTO `t_department_user` VALUES ('138', '261', '141');
INSERT INTO `t_department_user` VALUES ('139', '331', '142');
INSERT INTO `t_department_user` VALUES ('140', '261', '143');
INSERT INTO `t_department_user` VALUES ('141', '261', '144');
INSERT INTO `t_department_user` VALUES ('144', '264', '147');
INSERT INTO `t_department_user` VALUES ('145', '261', '148');
INSERT INTO `t_department_user` VALUES ('146', '335', '149');
INSERT INTO `t_department_user` VALUES ('147', '264', '150');
INSERT INTO `t_department_user` VALUES ('148', '331', '151');
INSERT INTO `t_department_user` VALUES ('150', '335', '153');
INSERT INTO `t_department_user` VALUES ('151', '261', '154');
INSERT INTO `t_department_user` VALUES ('152', '261', '155');
INSERT INTO `t_department_user` VALUES ('153', '261', '156');
INSERT INTO `t_department_user` VALUES ('154', '261', '157');

-- ----------------------------
-- Table structure for t_resource
-- ----------------------------
DROP TABLE IF EXISTS `t_resource`;
CREATE TABLE `t_resource` (
  `id` int(4) NOT NULL AUTO_INCREMENT COMMENT ' ID',
  `column` varchar(20) NOT NULL,
  `name` varchar(20) NOT NULL COMMENT ',()',
  `permission` varchar(40) NOT NULL COMMENT ', Shiro ()',
  `url` varchar(40) NOT NULL COMMENT ' url , Shiro ',
  PRIMARY KEY (`id`)
) ENGINE=InnoDB AUTO_INCREMENT=47 DEFAULT CHARSET=utf8 COMMENT='';

-- ----------------------------
-- Records of t_resource
-- ----------------------------
INSERT INTO `t_resource` VALUES ('1', '', '', 'admin:*', '/admin/**');
INSERT INTO `t_resource` VALUES ('2', '', '', 'user:*', '/admin/user/**');
INSERT INTO `t_resource` VALUES ('3', '', '', 'user:add', '/admin/user/add/**');
INSERT INTO `t_resource` VALUES ('4', '', '', 'user:delete', '/admin/user/dele/**');
INSERT INTO `t_resource` VALUES ('5', '', '', 'user:update', '/admin/user/update/**');
INSERT INTO `t_resource` VALUES ('6', '', '', 'user:list', '/admin/user/list/**');
INSERT INTO `t_resource` VALUES ('7', '', '', 'user:resources:*', '/admin/user/resources/**');
INSERT INTO `t_resource` VALUES ('8', '', '', 'role:*', '/admin/role/**');
INSERT INTO `t_resource` VALUES ('9', '', '', 'role:add', '/admin/role/add/**');
INSERT INTO `t_resource` VALUES ('10', '', '', 'role:delete', '/admin/role/dele/**');
INSERT INTO `t_resource` VALUES ('11', '', '', 'role:update', '/admin/role/update/**');
INSERT INTO `t_resource` VALUES ('12', '', '', 'role:list', '/admin/role/list/**');
INSERT INTO `t_resource` VALUES ('13', '', '', 'role:resources:*', '/admin/role/roleHasResourceList/**');
INSERT INTO `t_resource` VALUES ('14', '', '', 'resource:*', '/admin/resource/**');
INSERT INTO `t_resource` VALUES ('16', '', '', 'resource:delete', '/admin/resource/delete');
INSERT INTO `t_resource` VALUES ('17', '', '', 'resource:update', '/admin/resource/update');
INSERT INTO `t_resource` VALUES ('18', '', '', 'resource:list', '/admin/resource/list');
INSERT INTO `t_resource` VALUES ('19', '', '', 'member:*', '/admin/member/**');
INSERT INTO `t_resource` VALUES ('20', '', '', 'member:list', '/admin/member/list');
INSERT INTO `t_resource` VALUES ('21', '', '', 'member:update', '/admin/member/update');
INSERT INTO `t_resource` VALUES ('22', '', '', 'department:*', '/admin/department/**');
INSERT INTO `t_resource` VALUES ('23', '', '', 'department:list:*', '/admin/department/list/**');
INSERT INTO `t_resource` VALUES ('24', '', '', 'department:add:*', '/admin/department/add/**');
INSERT INTO `t_resource` VALUES ('25', '', '', 'department:update:*', '/admin/department/update/**');
INSERT INTO `t_resource` VALUES ('26', '', '', 'department:dele:*', '/admin/department/dele/**');
INSERT INTO `t_resource` VALUES ('27', '123', '123', '123', '123');
INSERT INTO `t_resource` VALUES ('36', '1231231', '3123213', '123123', '123123123');
INSERT INTO `t_resource` VALUES ('37', '123123123', '123', '123123', '1323123123');
INSERT INTO `t_resource` VALUES ('39', '123123', '123123', '123123', '123123');
INSERT INTO `t_resource` VALUES ('44', 'qweqwe', 'qweqwe', 'qwe', '123');
INSERT INTO `t_resource` VALUES ('45', '64565', '456456', '456456', '456456');
INSERT INTO `t_resource` VALUES ('46', '45645645', '645646', '646', '4646');

-- ----------------------------
-- Table structure for t_role
-- ----------------------------
DROP TABLE IF EXISTS `t_role`;
CREATE TABLE `t_role` (
  `id` int(4) NOT NULL AUTO_INCREMENT COMMENT ' ID',
  `name` varchar(20) NOT NULL COMMENT '',
  `sn` varchar(20) NOT NULL COMMENT '',
  PRIMARY KEY (`id`)
) ENGINE=InnoDB AUTO_INCREMENT=64 DEFAULT CHARSET=utf8 COMMENT='';

-- ----------------------------
-- Records of t_role
-- ----------------------------
INSERT INTO `t_role` VALUES ('1', 'admin', 'admin');
INSERT INTO `t_role` VALUES ('2', '', 'CEO');
INSERT INTO `t_role` VALUES ('36', '', 'DivisionManager');
INSERT INTO `t_role` VALUES ('37', '', 'LobbyManager');
INSERT INTO `t_role` VALUES ('38', '', 'FinancialManager');
INSERT INTO `t_role` VALUES ('39', '', 'TechnicalManager');
INSERT INTO `t_role` VALUES ('62', 'sd', 'dfdfgdfgdf');
INSERT INTO `t_role` VALUES ('63', 'asdas', 'sdfsdfsdf');

-- ----------------------------
-- Table structure for t_role_resource
-- ----------------------------
DROP TABLE IF EXISTS `t_role_resource`;
CREATE TABLE `t_role_resource` (
  `id` int(4) NOT NULL AUTO_INCREMENT COMMENT ' ID',
  `roleId` int(4) NOT NULL COMMENT ' id',
  `resourceId` int(4) NOT NULL COMMENT ' id',
  PRIMARY KEY (`id`)
) ENGINE=InnoDB AUTO_INCREMENT=54 DEFAULT CHARSET=utf8 COMMENT='';

-- ----------------------------
-- Records of t_role_resource
-- ----------------------------
INSERT INTO `t_role_resource` VALUES ('28', '4', '2');
INSERT INTO `t_role_resource` VALUES ('30', '3', '1');
INSERT INTO `t_role_resource` VALUES ('36', '1', '1');
INSERT INTO `t_role_resource` VALUES ('41', '36', '6');
INSERT INTO `t_role_resource` VALUES ('42', '36', '23');
INSERT INTO `t_role_resource` VALUES ('43', '36', '12');
INSERT INTO `t_role_resource` VALUES ('44', '36', '18');
INSERT INTO `t_role_resource` VALUES ('45', '37', '6');
INSERT INTO `t_role_resource` VALUES ('46', '37', '23');
INSERT INTO `t_role_resource` VALUES ('47', '37', '12');
INSERT INTO `t_role_resource` VALUES ('48', '37', '18');
INSERT INTO `t_role_resource` VALUES ('49', '37', '2');
INSERT INTO `t_role_resource` VALUES ('50', '2', '6');
INSERT INTO `t_role_resource` VALUES ('51', '2', '23');
INSERT INTO `t_role_resource` VALUES ('52', '2', '20');
INSERT INTO `t_role_resource` VALUES ('53', '2', '18');

-- ----------------------------
-- Table structure for t_user
-- ----------------------------
DROP TABLE IF EXISTS `t_user`;
CREATE TABLE `t_user` (
  `id` int(30) NOT NULL AUTO_INCREMENT COMMENT ' ID',
  `username` varchar(30) NOT NULL COMMENT '',
  `password` varchar(32) NOT NULL COMMENT '',
  `name` varchar(30) NOT NULL COMMENT '',
  `sex` varchar(30) DEFAULT NULL,
  `phone` varchar(20) DEFAULT NULL,
  `qq` varchar(20) DEFAULT NULL,
  `edu` varchar(30) DEFAULT NULL,
  `headFile` varchar(255) DEFAULT 'default.png',
  `oldHeadFile` varchar(255) DEFAULT 'oldDefault.png',
  PRIMARY KEY (`id`)
) ENGINE=InnoDB AUTO_INCREMENT=158 DEFAULT CHARSET=utf8 COMMENT='';

-- ----------------------------
-- Records of t_user
-- ----------------------------
INSERT INTO `t_user` VALUES ('88', 'asdasd', '8d04eb2503f12817c1f30aa15006758c', 'asdasdasd', '', '456456', '456456', '', 'default.png', 'oldDefault.png');
INSERT INTO `t_user` VALUES ('90', 'ggg', '9a0fe27c8bcc9aad51eda55e1b735eb5', 'ggg', '', '213', '123', '', 'default.png', 'oldDefault.png');
INSERT INTO `t_user` VALUES ('91', 'nnnn', '28b0d63f124bb252a0b3b4204f30fb21', 'nnnn', '', '122', '222', '', 'default.png', 'oldDefault.png');
INSERT INTO `t_user` VALUES ('94', 'sfsdaf', '327aa97becca93097de32d054ad88568', 'regergd', '', '124324324', '21312', '', 'default.png', 'oldDefault.png');
INSERT INTO `t_user` VALUES ('95', 'sfsdaf', '327aa97becca93097de32d054ad88568', 'regergd', '', '124324324', '56865', '', 'default.png', 'oldDefault.png');
INSERT INTO `t_user` VALUES ('98', 'afsafddsaf', '77dfe5c7c4c26338d0b07bc6b81a96b1', 'sfsdfds', '', '234324', 'sdfsdf', '', 'default.png', 'oldDefault.png');
INSERT INTO `t_user` VALUES ('99', 'sdfsdfds', 'efb8e588ac82c5e7501be669fee8053f', 'sdfsdfdsfs', '', '23422424', '23425324532', '', 'default.png', 'oldDefault.png');
INSERT INTO `t_user` VALUES ('100', 'sdafsaf', 'a96e48b89a8c049cd73ad4d4427d846b', 'asfsdfs', '', '241', '1243141', '', 'default.png', 'oldDefault.png');
INSERT INTO `t_user` VALUES ('101', 'sdafsaf', 'a96e48b89a8c049cd73ad4d4427d846b', 'asfsdfs', '', '241', '1243141', '', 'default.png', 'oldDefault.png');
INSERT INTO `t_user` VALUES ('102', 'asfsdfsdfsdf', 'ef08a1d201031f2f7522c00097f89a92', 'sdfdsfsdfsd', '', '124324532', '1324214', '', 'default.png', 'oldDefault.png');
INSERT INTO `t_user` VALUES ('104', 'asfsdfsdfsdf', 'ef08a1d201031f2f7522c00097f89a92', 'sdfdsfsdfsd', '', '124324532', '1324214', '', 'default.png', 'oldDefault.png');
INSERT INTO `t_user` VALUES ('105', 'asfsdfsdfsdf', 'ef08a1d201031f2f7522c00097f89a92', 'sdfdsfsdfsd', '', '124324532', '1324214', '', 'default.png', 'oldDefault.png');
INSERT INTO `t_user` VALUES ('106', 'asfsdfsdfsdf', 'ef08a1d201031f2f7522c00097f89a92', 'sdfdsfsdfsd', '', '124324532', '1324214', '', 'default.png', 'oldDefault.png');
INSERT INTO `t_user` VALUES ('107', 'asfsdfsdfsdf', 'ef08a1d201031f2f7522c00097f89a92', 'sdfdsfsdfsd', '', '124324532', '1324214', '', 'default.png', 'oldDefault.png');
INSERT INTO `t_user` VALUES ('108', 'asfsdfsdfsdf', 'ef08a1d201031f2f7522c00097f89a92', 'sdfdsfsdfsd', '', '124324532', '1324214', '', 'default.png', 'oldDefault.png');
INSERT INTO `t_user` VALUES ('109', 'safsdfdsf', '993257d4cbe31c2b8e47a413b74f599f', 'sdfsdfsdfsd', '', '23423432', '', '', 'default.png', 'oldDefault.png');
INSERT INTO `t_user` VALUES ('110', 'safsdfdsf', '993257d4cbe31c2b8e47a413b74f599f', 'sdfsdfsdfsd', '', '23423432', '', '', 'default.png', 'oldDefault.png');
INSERT INTO `t_user` VALUES ('111', 'admin2', '96b5ccde02750c9865ffdd3aba265daf', 'admin2', '', '123123', '123', '', 'default.png', 'oldDefault.png');
INSERT INTO `t_user` VALUES ('112', 'admin3', 'de123d6297240a131ccb46a351bc79f6', '123456', '', '123', '123', '', 'default.png', 'oldDefault.png');
INSERT INTO `t_user` VALUES ('114', 'sfdds', 'd32e6104e8a1c0b31937b3ac6234f20f', 'sfsfd', '', '2342424', '', '', 'default.png', 'oldDefault.png');
INSERT INTO `t_user` VALUES ('115', 'dssaf', '79fa129244d089b48a47b34415eee40b', 'asdfsaf', '', 'sadfsa', '', '', 'default.png', 'oldDefault.png');
INSERT INTO `t_user` VALUES ('118', 'safdsa', '34cc2533ad8e733eeb67f4afb9b792c1', 'sdafsaf', '', '24232', '', '', 'default.png', 'oldDefault.png');
INSERT INTO `t_user` VALUES ('119', 'asdfsaf', '2f9acfbd6c6064fbd8591c2cbde4444a', 'safdsf', '', '32442', '', '', 'default.png', 'oldDefault.png');
INSERT INTO `t_user` VALUES ('120', 'werew', 'bb37de4eb70d947f4b1c92d2afbe9899', 'asdfsa', '', '11111', '', '', 'default.png', 'oldDefault.png');
INSERT INTO `t_user` VALUES ('121', 'afssad', '2332471669949638659371f1d1cc3907', 'asdfsdaf', '', '2134', '', '', 'default.png', 'oldDefault.png');
INSERT INTO `t_user` VALUES ('122', 'sadfsdaf', '05992a75c3e69eccb08b54aaff47d3f1', 'sadfdsa', '', '23432', '', '', 'default.png', 'oldDefault.png');
INSERT INTO `t_user` VALUES ('123', 'asfdsa', 'a70f1d83df135f7fc8a85a1630d88a7a', 'sadfsda', '', 'asfsa', '', '', 'default.png', 'oldDefault.png');
INSERT INTO `t_user` VALUES ('125', 'asdfsdaf', '2482b060e2120c74674d37239a391096', 'sadfsaf', '', 'sdfsadf', '', '', 'default.png', 'oldDefault.png');
INSERT INTO `t_user` VALUES ('126', 'werwwr', '1096c68405887fbe00f10de623ea303b', 'asdfsdaf', '', 'asdfdsa', '', '', 'default.png', 'oldDefault.png');
INSERT INTO `t_user` VALUES ('129', 'lisi', '3dec4304e1f8df13ec7893815d77d59c', 'sdafsad', '', '523', 'wer', '', 'default.png', 'oldDefault.png');
INSERT INTO `t_user` VALUES ('130', 'lisi', '3dec4304e1f8df13ec7893815d77d59c', 'sdafsad', '', '123', '685', '', 'default.png', 'oldDefault.png');
INSERT INTO `t_user` VALUES ('136', 'lisi', '3dec4304e1f8df13ec7893815d77d59c', 'sdafsad', '', '5842', '123123', '', 'default.png', 'oldDefault.png');
INSERT INTO `t_user` VALUES ('140', 'admin', 'a66abb5684c45962d887564f08346e8d', '', '', '123456', '256894562', '', '140.png', 'oldDefault.png');
INSERT INTO `t_user` VALUES ('141', 'admin4', 'cabe5c864370fcd3cd84084efe185903', 'admin', '', '123456', '85', '', 'default.png', 'oldDefault.png');
INSERT INTO `t_user` VALUES ('142', 'asdasdasd', '64092a4770db742d52216b2e2a6b82d5', 'sad', '', '123123', '123123', '', 'default.png', 'oldDefault.png');
INSERT INTO `t_user` VALUES ('143', '123123', 'e277dd1e05688a22e377e25a3dae5de1', '123123123', '', '123123', '123123', '', 'default.png', 'oldDefault.png');
INSERT INTO `t_user` VALUES ('144', 'fgffgnfn', 'f87724cf46095bf1012abfedd1ced2ab', 'fgnfgnf', '', '132', 'fgnfgn', '', 'default.png', 'oldDefault.png');
INSERT INTO `t_user` VALUES ('147', 'qweqwe', 'cd58fbb1576c73b6dc04088c973c79a9', 'qq', '', '123123', '123123', '', 'default.png', 'oldDefault.png');
INSERT INTO `t_user` VALUES ('148', 'lllll', 'f659888a666f7adf49e4b8ee66ecafa2', '2342', '', '3242', '2342', '', 'default.png', 'oldDefault.png');
INSERT INTO `t_user` VALUES ('149', 'kiuhj', '54d78ca8182aac5a8c57383aa6f90482', '584715', '', '6', '2541', '', 'default.png', 'oldDefault.png');
INSERT INTO `t_user` VALUES ('150', 'ltz', '95e5482e786ffe69a06979fdd82ec4d2', 'ltz', '', '2156485132', '87557', '', '150.png', '150old.png');
INSERT INTO `t_user` VALUES ('151', 'smm', '55a39189052adac200bc05d529e986f5', 'smm', '', '563563', '4563653', '', 'default.png', 'oldDefault.png');
INSERT INTO `t_user` VALUES ('153', 'houentai', '4d3a9e00f433f7dfdf8aa484360e29f0', '', '', '454', '45343', '', 'default.png', 'oldDefault.png');
INSERT INTO `t_user` VALUES ('154', 'qwe', '2569d419bfea999ff13fd1f7f4498b89', '', '', '12345678900', '', '', 'default.png', 'oldDefault.png');
INSERT INTO `t_user` VALUES ('155', 'undefined', '19ac5d684a102cc0ef6d1604989c5315', 'undefined', '', '123123', '123123', '', 'default.png', 'oldDefault.png');
INSERT INTO `t_user` VALUES ('156', '[object HTMLInputElement]', '8d04eb2503f12817c1f30aa15006758c', '[object HTMLInputElement]', '', '2342', '342423', '', 'default.png', 'oldDefault.png');
INSERT INTO `t_user` VALUES ('157', 'zxc', '39ee488c7696d8f3ee3456218666a3c9', 'qweqwe', '', '1231', '123123', '', 'default.png', 'oldDefault.png');

-- ----------------------------
-- Table structure for t_user_role
-- ----------------------------
DROP TABLE IF EXISTS `t_user_role`;
CREATE TABLE `t_user_role` (
  `id` int(4) NOT NULL AUTO_INCREMENT COMMENT ' ID',
  `userId` int(4) NOT NULL,
  `roleId` int(4) NOT NULL,
  PRIMARY KEY (`id`)
) ENGINE=InnoDB AUTO_INCREMENT=156 DEFAULT CHARSET=utf8 COMMENT='';

-- ----------------------------
-- Records of t_user_role
-- ----------------------------
INSERT INTO `t_user_role` VALUES ('85', '88', '1');
INSERT INTO `t_user_role` VALUES ('87', '90', '1');
INSERT INTO `t_user_role` VALUES ('88', '91', '1');
INSERT INTO `t_user_role` VALUES ('91', '94', '1');
INSERT INTO `t_user_role` VALUES ('92', '95', '1');
INSERT INTO `t_user_role` VALUES ('95', '98', '1');
INSERT INTO `t_user_role` VALUES ('96', '99', '1');
INSERT INTO `t_user_role` VALUES ('97', '100', '1');
INSERT INTO `t_user_role` VALUES ('98', '101', '1');
INSERT INTO `t_user_role` VALUES ('99', '102', '1');
INSERT INTO `t_user_role` VALUES ('101', '104', '1');
INSERT INTO `t_user_role` VALUES ('102', '105', '1');
INSERT INTO `t_user_role` VALUES ('103', '106', '1');
INSERT INTO `t_user_role` VALUES ('104', '107', '1');
INSERT INTO `t_user_role` VALUES ('105', '108', '1');
INSERT INTO `t_user_role` VALUES ('106', '109', '1');
INSERT INTO `t_user_role` VALUES ('107', '110', '1');
INSERT INTO `t_user_role` VALUES ('109', '111', '2');
INSERT INTO `t_user_role` VALUES ('110', '112', '1');
INSERT INTO `t_user_role` VALUES ('112', '114', '1');
INSERT INTO `t_user_role` VALUES ('113', '115', '1');
INSERT INTO `t_user_role` VALUES ('116', '118', '1');
INSERT INTO `t_user_role` VALUES ('117', '119', '1');
INSERT INTO `t_user_role` VALUES ('118', '120', '1');
INSERT INTO `t_user_role` VALUES ('119', '121', '1');
INSERT INTO `t_user_role` VALUES ('120', '122', '1');
INSERT INTO `t_user_role` VALUES ('121', '123', '1');
INSERT INTO `t_user_role` VALUES ('123', '125', '1');
INSERT INTO `t_user_role` VALUES ('124', '126', '1');
INSERT INTO `t_user_role` VALUES ('127', '129', '1');
INSERT INTO `t_user_role` VALUES ('128', '130', '1');
INSERT INTO `t_user_role` VALUES ('134', '136', '1');
INSERT INTO `t_user_role` VALUES ('138', '140', '1');
INSERT INTO `t_user_role` VALUES ('139', '141', '2');
INSERT INTO `t_user_role` VALUES ('140', '142', '1');
INSERT INTO `t_user_role` VALUES ('141', '143', '1');
INSERT INTO `t_user_role` VALUES ('142', '144', '1');
INSERT INTO `t_user_role` VALUES ('145', '147', '2');
INSERT INTO `t_user_role` VALUES ('146', '148', '38');
INSERT INTO `t_user_role` VALUES ('147', '149', '2');
INSERT INTO `t_user_role` VALUES ('148', '150', '1');
INSERT INTO `t_user_role` VALUES ('149', '151', '1');
INSERT INTO `t_user_role` VALUES ('151', '153', '1');
INSERT INTO `t_user_role` VALUES ('152', '154', '1');
INSERT INTO `t_user_role` VALUES ('153', '155', '1');
INSERT INTO `t_user_role` VALUES ('154', '156', '1');
INSERT INTO `t_user_role` VALUES ('155', '157', '1');

-- ----------------------------
-- Table structure for user_holiday
-- ----------------------------
DROP TABLE IF EXISTS `user_holiday`;
CREATE TABLE `user_holiday` (
  `id` int(11) NOT NULL AUTO_INCREMENT,
  `userId` int(11) DEFAULT NULL,
  `holidayId` int(11) DEFAULT NULL,
  PRIMARY KEY (`id`)
) ENGINE=InnoDB AUTO_INCREMENT=31 DEFAULT CHARSET=utf8;

-- ----------------------------
-- Records of user_holiday
-- ----------------------------
INSERT INTO `user_holiday` VALUES ('11', '140', '17');
INSERT INTO `user_holiday` VALUES ('12', '140', '18');
INSERT INTO `user_holiday` VALUES ('13', '140', '19');
INSERT INTO `user_holiday` VALUES ('14', '140', '20');
INSERT INTO `user_holiday` VALUES ('15', '140', '21');
INSERT INTO `user_holiday` VALUES ('16', '140', '22');
INSERT INTO `user_holiday` VALUES ('17', '140', '23');
INSERT INTO `user_holiday` VALUES ('18', '140', '24');
INSERT INTO `user_holiday` VALUES ('19', '140', '25');
INSERT INTO `user_holiday` VALUES ('20', '140', '26');
INSERT INTO `user_holiday` VALUES ('21', '140', '27');
INSERT INTO `user_holiday` VALUES ('22', '140', '28');
INSERT INTO `user_holiday` VALUES ('23', '140', '29');
INSERT INTO `user_holiday` VALUES ('24', '140', '30');
INSERT INTO `user_holiday` VALUES ('25', '140', '31');
INSERT INTO `user_holiday` VALUES ('26', '140', '32');
INSERT INTO `user_holiday` VALUES ('27', '140', '34');
INSERT INTO `user_holiday` VALUES ('29', '140', '36');
INSERT INTO `user_holiday` VALUES ('30', '140', '37');

-- ----------------------------
-- Table structure for user_reimbursement
-- ----------------------------
DROP TABLE IF EXISTS `user_reimbursement`;
CREATE TABLE `user_reimbursement` (
  `id` int(11) NOT NULL AUTO_INCREMENT,
  `userId` int(11) DEFAULT NULL,
  `reimbursementId` int(11) DEFAULT NULL,
  PRIMARY KEY (`id`)
) ENGINE=InnoDB AUTO_INCREMENT=13 DEFAULT CHARSET=utf8;

-- ----------------------------
-- Records of user_reimbursement
-- ----------------------------
INSERT INTO `user_reimbursement` VALUES ('1', '140', '1');
INSERT INTO `user_reimbursement` VALUES ('2', '140', '2');
INSERT INTO `user_reimbursement` VALUES ('3', '140', '3');
INSERT INTO `user_reimbursement` VALUES ('4', '140', '4');
INSERT INTO `user_reimbursement` VALUES ('5', '140', '5');
INSERT INTO `user_reimbursement` VALUES ('6', '140', '6');
INSERT INTO `user_reimbursement` VALUES ('7', '140', '7');
INSERT INTO `user_reimbursement` VALUES ('8', '140', '8');
INSERT INTO `user_reimbursement` VALUES ('9', '140', '9');
INSERT INTO `user_reimbursement` VALUES ('10', '140', '10');
INSERT INTO `user_reimbursement` VALUES ('11', '140', '11');
INSERT INTO `user_reimbursement` VALUES ('12', '140', '13');

-- ----------------------------
-- Table structure for user_things
-- ----------------------------
DROP TABLE IF EXISTS `user_things`;
CREATE TABLE `user_things` (
  `id` int(11) NOT NULL AUTO_INCREMENT,
  `userId` int(11) DEFAULT NULL,
  `thingsId` int(11) DEFAULT NULL,
  PRIMARY KEY (`id`)
) ENGINE=InnoDB AUTO_INCREMENT=5 DEFAULT CHARSET=utf8;

-- ----------------------------
-- Records of user_things
-- ----------------------------
INSERT INTO `user_things` VALUES ('1', '140', '2');
INSERT INTO `user_things` VALUES ('2', '140', '5');
INSERT INTO `user_things` VALUES ('3', '140', '6');
INSERT INTO `user_things` VALUES ('4', '140', '7');

-- ----------------------------
-- Table structure for whitelist
-- ----------------------------
DROP TABLE IF EXISTS `whitelist`;
CREATE TABLE `whitelist` (
  `id` int(11) NOT NULL AUTO_INCREMENT,
  `userId` int(11) DEFAULT NULL,
  `projectId` int(11) DEFAULT NULL,
  PRIMARY KEY (`id`)
) ENGINE=InnoDB AUTO_INCREMENT=2 DEFAULT CHARSET=utf8;

-- ----------------------------
-- Records of whitelist
-- ----------------------------
INSERT INTO `whitelist` VALUES ('1', '125', '2');

-- ----------------------------
-- Table structure for workattendance
-- ----------------------------
DROP TABLE IF EXISTS `workattendance`;
CREATE TABLE `workattendance` (
  `id` int(11) NOT NULL AUTO_INCREMENT,
  `userId` int(11) DEFAULT NULL,
  `startDate` varchar(255) DEFAULT NULL,
  `endDate` varchar(255) DEFAULT NULL,
  `date` varchar(255) DEFAULT NULL,
  `userIp` varchar(255) DEFAULT NULL,
  PRIMARY KEY (`id`)
) ENGINE=InnoDB AUTO_INCREMENT=22 DEFAULT CHARSET=utf8;

-- ----------------------------
-- Records of workattendance
-- ----------------------------
INSERT INTO `workattendance` VALUES ('16', '140', '17:56:51', '19:30:34', '2018-02-03', '0:0:0:0:0:0:0:1');
INSERT INTO `workattendance` VALUES ('17', '150', '21:22:42', '21:22:50', '2018-02-03', '0:0:0:0:0:0:0:1');
INSERT INTO `workattendance` VALUES ('18', '140', '13:37:00', '19:52:54', '2018-02-05', '0:0:0:0:0:0:0:1');
INSERT INTO `workattendance` VALUES ('19', '140', '16:54:57', null, '2018-02-06', '0:0:0:0:0:0:0:1');
INSERT INTO `workattendance` VALUES ('20', '140', '10:49:58', '10:50:17', '2018-02-07', '0:0:0:0:0:0:0:1');
INSERT INTO `workattendance` VALUES ('21', '140', '21:21:13', '21:21:23', '2018-02-08', '0:0:0:0:0:0:0:1');

-- ----------------------------
-- Table structure for workattendencepunishment
-- ----------------------------
DROP TABLE IF EXISTS `workattendencepunishment`;
CREATE TABLE `workattendencepunishment` (
  `id` int(11) NOT NULL AUTO_INCREMENT,
  `workAttendenceId` int(11) DEFAULT NULL,
  `state` varchar(255) DEFAULT NULL,
  `punishmentTime` varchar(255) DEFAULT NULL,
  PRIMARY KEY (`id`)
) ENGINE=InnoDB AUTO_INCREMENT=40 DEFAULT CHARSET=utf8;

-- ----------------------------
-- Records of workattendencepunishment
-- ----------------------------
INSERT INTO `workattendencepunishment` VALUES ('29', '16', '', '596');
INSERT INTO `workattendencepunishment` VALUES ('30', '16', '', '0');
INSERT INTO `workattendencepunishment` VALUES ('31', '17', '', '802');
INSERT INTO `workattendencepunishment` VALUES ('32', '17', '', '82');
INSERT INTO `workattendencepunishment` VALUES ('33', '18', '', '337');
INSERT INTO `workattendencepunishment` VALUES ('34', '18', '', '0');
INSERT INTO `workattendencepunishment` VALUES ('35', '19', '', '534');
INSERT INTO `workattendencepunishment` VALUES ('36', '20', '', '169');
INSERT INTO `workattendencepunishment` VALUES ('37', '20', '', '549');
INSERT INTO `workattendencepunishment` VALUES ('38', '21', '', '801');
INSERT INTO `workattendencepunishment` VALUES ('39', '21', '', '81');
